account_id,channel,source,platform,campaign_name,group_name,keyword,creative,imagePath,device,date,impressions,clicks,cost,conversions,rank
2452983,search ad,naver,파워링크,PC,01.신차,,신차_PC_신차렌트,/creatives/GNA/GNA/신차_PC_신차렌트.PNG,PC,2026.5.14,39,1,13610,0,2.9
2452983,search ad,naver,파워링크,PC,01.신차,,신차_PC_신차렌트,/creatives/GNA/GNA/신차_PC_신차렌트.PNG,PC,2026.5.15,182,2,14240,0,3.3
2452983,search ad,naver,파워링크,PC,01.신차,,신차_PC_신차렌트,/creatives/GNA/GNA/신차_PC_신차렌트.PNG,PC,2026.5.16,100,1,9401,0,1.9
2452983,search ad,naver,파워링크,PC,01.신차,,신차_PC_신차렌트,/creatives/GNA/GNA/신차_PC_신차렌트.PNG,PC,2026.5.18,159,3,30597,1,3.7
2452983,search ad,naver,파워링크,PC,01.신차,,신차_PC_신차렌트,/creatives/GNA/GNA/신차_PC_신차렌트.PNG,PC,2026.5.19,98,2,18366,0,4
2452983,search ad,naver,파워링크,PC,01.신차,,신차_PC_신차렌트,/creatives/GNA/GNA/신차_PC_신차렌트.PNG,PC,2026.5.20,75,0,0,0,4.1
2452983,search ad,naver,파워링크,PC,01.신차,,신차_PC_신차렌트,/creatives/GNA/GNA/신차_PC_신차렌트.PNG,PC,2026.5.21,81,3,36861,0,5
2452983,search ad,naver,파워링크,PC,01.신차,,신차_PC_장기렌트,/creatives/GNA/GNA/신차_PC_장기렌트.PNG,PC,2026.5.14,31,1,11478,0,3.1
2452983,search ad,naver,파워링크,PC,01.신차,,신차_PC_장기렌트,/creatives/GNA/GNA/신차_PC_장기렌트.PNG,PC,2026.5.15,63,0,0,0,3.4
2452983,search ad,naver,파워링크,PC,01.신차,,신차_PC_장기렌트,/creatives/GNA/GNA/신차_PC_장기렌트.PNG,PC,2026.5.16,42,1,6942,0,1.8
2452983,search ad,naver,파워링크,PC,01.신차,,신차_PC_장기렌트,/creatives/GNA/GNA/신차_PC_장기렌트.PNG,PC,2026.5.18,62,0,0,0,4.5
2452983,search ad,naver,파워링크,PC,01.신차,,신차_PC_장기렌트,/creatives/GNA/GNA/신차_PC_장기렌트.PNG,PC,2026.5.19,96,3,24265,0,4.9
2452983,search ad,naver,파워링크,PC,01.신차,,신차_PC_장기렌트,/creatives/GNA/GNA/신차_PC_장기렌트.PNG,PC,2026.5.20,110,0,0,0,4.3
2452983,search ad,naver,파워링크,PC,01.신차,,신차_PC_장기렌트,/creatives/GNA/GNA/신차_PC_장기렌트.PNG,PC,2026.5.21,78,0,0,0,5.2
2452983,search ad,naver,파워링크,PC,01.신차,,신차_PC_특가,/creatives/GNA/GNA/신차_PC_특가.PNG,PC,2026.5.14,32,0,0,0,3
2452983,search ad,naver,파워링크,PC,01.신차,,신차_PC_특가,/creatives/GNA/GNA/신차_PC_특가.PNG,PC,2026.5.15,69,0,0,0,4
2452983,search ad,naver,파워링크,PC,01.신차,,신차_PC_특가,/creatives/GNA/GNA/신차_PC_특가.PNG,PC,2026.5.16,106,2,11766,0,2.1
2452983,search ad,naver,파워링크,PC,01.신차,,신차_PC_특가,/creatives/GNA/GNA/신차_PC_특가.PNG,PC,2026.5.18,237,1,11225,1,4.3
2452983,search ad,naver,파워링크,PC,01.신차,,신차_PC_특가,/creatives/GNA/GNA/신차_PC_특가.PNG,PC,2026.5.19,108,1,13055,0,4.3
2452983,search ad,naver,파워링크,PC,01.신차,,신차_PC_특가,/creatives/GNA/GNA/신차_PC_특가.PNG,PC,2026.5.20,134,2,15001,0,4
2452983,search ad,naver,파워링크,PC,01.신차,,신차_PC_특가,/creatives/GNA/GNA/신차_PC_특가.PNG,PC,2026.5.21,121,2,12002,0,5.2
2452983,search ad,naver,파워링크,PC,02.차종,,차종_PC_렌트특가,/creatives/GNA/GNA/차종_PC_렌트특가.PNG,PC,2026.5.14,4735,0,0,0,2
2452983,search ad,naver,파워링크,PC,02.차종,,차종_PC_렌트특가,/creatives/GNA/GNA/차종_PC_렌트특가.PNG,PC,2026.5.15,6004,1,2360,2,2.5
2452983,search ad,naver,파워링크,PC,02.차종,,차종_PC_렌트특가,/creatives/GNA/GNA/차종_PC_렌트특가.PNG,PC,2026.5.16,3471,0,0,0,1.6
2452983,search ad,naver,파워링크,PC,02.차종,,차종_PC_렌트특가,/creatives/GNA/GNA/차종_PC_렌트특가.PNG,PC,2026.5.18,3481,0,0,0,2.7
2452983,search ad,naver,파워링크,PC,02.차종,,차종_PC_렌트특가,/creatives/GNA/GNA/차종_PC_렌트특가.PNG,PC,2026.5.19,1636,0,0,0,2.9
2452983,search ad,naver,파워링크,PC,02.차종,,차종_PC_렌트특가,/creatives/GNA/GNA/차종_PC_렌트특가.PNG,PC,2026.5.20,1982,0,0,0,3.2
2452983,search ad,naver,파워링크,PC,02.차종,,차종_PC_렌트특가,/creatives/GNA/GNA/차종_PC_렌트특가.PNG,PC,2026.5.21,1917,0,0,0,2.4
2452983,search ad,naver,파워링크,PC,02.차종,,차종_PC_다이렉트,/creatives/GNA/GNA/차종_PC_다이렉트.PNG,PC,2026.5.14,4647,1,2177,0,2
2452983,search ad,naver,파워링크,PC,02.차종,,차종_PC_다이렉트,/creatives/GNA/GNA/차종_PC_다이렉트.PNG,PC,2026.5.15,11453,3,7219,0,2.5
2452983,search ad,naver,파워링크,PC,02.차종,,차종_PC_다이렉트,/creatives/GNA/GNA/차종_PC_다이렉트.PNG,PC,2026.5.16,5405,1,2776,0,1.6
2452983,search ad,naver,파워링크,PC,02.차종,,차종_PC_다이렉트,/creatives/GNA/GNA/차종_PC_다이렉트.PNG,PC,2026.5.18,5971,3,7825,0,2.6
2452983,search ad,naver,파워링크,PC,02.차종,,차종_PC_다이렉트,/creatives/GNA/GNA/차종_PC_다이렉트.PNG,PC,2026.5.19,6035,0,0,0,3
2452983,search ad,naver,파워링크,PC,02.차종,,차종_PC_다이렉트,/creatives/GNA/GNA/차종_PC_다이렉트.PNG,PC,2026.5.20,5776,0,0,0,3.2
2452983,search ad,naver,파워링크,PC,02.차종,,차종_PC_다이렉트,/creatives/GNA/GNA/차종_PC_다이렉트.PNG,PC,2026.5.21,1830,1,3176,0,3
2452983,search ad,naver,파워링크,PC,02.차종,,차종_PC_목돈없이,/creatives/GNA/GNA/차종_PC_목돈없이.PNG,PC,2026.5.14,4761,2,4115,0,2
2452983,search ad,naver,파워링크,PC,02.차종,,차종_PC_목돈없이,/creatives/GNA/GNA/차종_PC_목돈없이.PNG,PC,2026.5.15,7422,2,13131,0,2.3
2452983,search ad,naver,파워링크,PC,02.차종,,차종_PC_목돈없이,/creatives/GNA/GNA/차종_PC_목돈없이.PNG,PC,2026.5.16,10735,2,6569,0,1.6
2452983,search ad,naver,파워링크,PC,02.차종,,차종_PC_목돈없이,/creatives/GNA/GNA/차종_PC_목돈없이.PNG,PC,2026.5.18,29756,9,19298,0,2.6
2452983,search ad,naver,파워링크,PC,02.차종,,차종_PC_목돈없이,/creatives/GNA/GNA/차종_PC_목돈없이.PNG,PC,2026.5.19,27971,6,16833,0,3
2452983,search ad,naver,파워링크,PC,02.차종,,차종_PC_목돈없이,/creatives/GNA/GNA/차종_PC_목돈없이.PNG,PC,2026.5.20,29460,7,16913,0,3
2452983,search ad,naver,파워링크,PC,02.차종,,차종_PC_목돈없이,/creatives/GNA/GNA/차종_PC_목돈없이.PNG,PC,2026.5.21,27069,8,21466,0,3.1
2452983,search ad,naver,파워링크,PC,00.브랜드(BNK캐피탈),,BNK_PC_핫딜,/creatives/GNA/GNA/BNK_PC_핫딜.PNG,PC,2026.5.14,1,0,0,0,1
2452983,search ad,naver,파워링크,PC,00.브랜드(BNK캐피탈),,BNK_PC_핫딜,/creatives/GNA/GNA/BNK_PC_핫딜.PNG,PC,2026.5.15,98,0,0,0,2.4
2452983,search ad,naver,파워링크,PC,00.브랜드(BNK캐피탈),,BNK_PC_핫딜,/creatives/GNA/GNA/BNK_PC_핫딜.PNG,PC,2026.5.16,61,0,0,0,1.8
2452983,search ad,naver,파워링크,PC,00.브랜드(BNK캐피탈),,BNK_PC_핫딜,/creatives/GNA/GNA/BNK_PC_핫딜.PNG,PC,2026.5.18,150,0,0,0,3
2452983,search ad,naver,파워링크,PC,00.브랜드(BNK캐피탈),,BNK_PC_핫딜,/creatives/GNA/GNA/BNK_PC_핫딜.PNG,PC,2026.5.19,136,0,0,0,3.2
2452983,search ad,naver,파워링크,PC,00.브랜드(BNK캐피탈),,BNK_PC_핫딜,/creatives/GNA/GNA/BNK_PC_핫딜.PNG,PC,2026.5.20,124,0,0,0,3.1
2452983,search ad,naver,파워링크,PC,00.브랜드(BNK캐피탈),,BNK_PC_핫딜,/creatives/GNA/GNA/BNK_PC_핫딜.PNG,PC,2026.5.21,117,0,0,0,3.1
2452983,search ad,naver,파워링크,PC,00.브랜드(BNK캐피탈),,BNK_PC_장기렌트,/creatives/GNA/GNA/BNK_PC_장기렌트.PNG,PC,2026.5.14,2,0,0,0,1
2452983,search ad,naver,파워링크,PC,00.브랜드(BNK캐피탈),,BNK_PC_장기렌트,/creatives/GNA/GNA/BNK_PC_장기렌트.PNG,PC,2026.5.15,100,0,0,0,2.5
2452983,search ad,naver,파워링크,PC,00.브랜드(BNK캐피탈),,BNK_PC_장기렌트,/creatives/GNA/GNA/BNK_PC_장기렌트.PNG,PC,2026.5.16,129,2,506,0,1.6
2452983,search ad,naver,파워링크,PC,00.브랜드(BNK캐피탈),,BNK_PC_장기렌트,/creatives/GNA/GNA/BNK_PC_장기렌트.PNG,PC,2026.5.18,410,2,228,0,2.9
2452983,search ad,naver,파워링크,PC,00.브랜드(BNK캐피탈),,BNK_PC_장기렌트,/creatives/GNA/GNA/BNK_PC_장기렌트.PNG,PC,2026.5.19,377,1,124,0,3
2452983,search ad,naver,파워링크,PC,00.브랜드(BNK캐피탈),,BNK_PC_장기렌트,/creatives/GNA/GNA/BNK_PC_장기렌트.PNG,PC,2026.5.20,396,0,0,0,3.3
2452983,search ad,naver,파워링크,PC,00.브랜드(BNK캐피탈),,BNK_PC_장기렌트,/creatives/GNA/GNA/BNK_PC_장기렌트.PNG,PC,2026.5.21,334,0,0,0,3.1
2452983,search ad,naver,파워링크,PC,00.브랜드(BNK캐피탈),,BNK_PC_프로모션,/creatives/GNA/GNA/BNK_PC_프로모션.PNG,PC,2026.5.14,2,0,0,0,1
2452983,search ad,naver,파워링크,PC,00.브랜드(BNK캐피탈),,BNK_PC_프로모션,/creatives/GNA/GNA/BNK_PC_프로모션.PNG,PC,2026.5.15,100,0,0,0,2.6
2452983,search ad,naver,파워링크,PC,00.브랜드(BNK캐피탈),,BNK_PC_프로모션,/creatives/GNA/GNA/BNK_PC_프로모션.PNG,PC,2026.5.16,61,0,0,0,1.6
2452983,search ad,naver,파워링크,PC,00.브랜드(BNK캐피탈),,BNK_PC_프로모션,/creatives/GNA/GNA/BNK_PC_프로모션.PNG,PC,2026.5.18,145,0,0,0,3
2452983,search ad,naver,파워링크,PC,00.브랜드(BNK캐피탈),,BNK_PC_프로모션,/creatives/GNA/GNA/BNK_PC_프로모션.PNG,PC,2026.5.19,130,0,0,0,3.1
2452983,search ad,naver,파워링크,PC,00.브랜드(BNK캐피탈),,BNK_PC_프로모션,/creatives/GNA/GNA/BNK_PC_프로모션.PNG,PC,2026.5.20,101,0,0,0,3.4
2452983,search ad,naver,파워링크,PC,00.브랜드(BNK캐피탈),,BNK_PC_프로모션,/creatives/GNA/GNA/BNK_PC_프로모션.PNG,PC,2026.5.21,113,0,0,0,3.3
2452983,search ad,naver,파워링크,PC,03.신차+차종,,신차+차종_PC_1분견적,/creatives/GNA/GNA/신차+차종_PC_1분견적.PNG,PC,2026.5.14,16,0,0,0,1
2452983,search ad,naver,파워링크,PC,03.신차+차종,,신차+차종_PC_1분견적,/creatives/GNA/GNA/신차+차종_PC_1분견적.PNG,PC,2026.5.15,23,0,0,0,1.8
2452983,search ad,naver,파워링크,PC,03.신차+차종,,신차+차종_PC_1분견적,/creatives/GNA/GNA/신차+차종_PC_1분견적.PNG,PC,2026.5.16,22,0,0,0,1.9
2452983,search ad,naver,파워링크,PC,03.신차+차종,,신차+차종_PC_1분견적,/creatives/GNA/GNA/신차+차종_PC_1분견적.PNG,PC,2026.5.18,40,0,0,0,2.9
2452983,search ad,naver,파워링크,PC,03.신차+차종,,신차+차종_PC_1분견적,/creatives/GNA/GNA/신차+차종_PC_1분견적.PNG,PC,2026.5.19,117,0,0,0,3.6
2452983,search ad,naver,파워링크,PC,03.신차+차종,,신차+차종_PC_1분견적,/creatives/GNA/GNA/신차+차종_PC_1분견적.PNG,PC,2026.5.20,142,0,0,0,3.3
2452983,search ad,naver,파워링크,PC,03.신차+차종,,신차+차종_PC_1분견적,/creatives/GNA/GNA/신차+차종_PC_1분견적.PNG,PC,2026.5.21,113,0,0,0,3.6
2452983,search ad,naver,파워링크,PC,03.신차+차종,,신차+차종_PC_다이렉트,/creatives/GNA/GNA/신차+차종_PC_다이렉트.PNG,PC,2026.5.14,10,0,0,0,1.2
2452983,search ad,naver,파워링크,PC,03.신차+차종,,신차+차종_PC_다이렉트,/creatives/GNA/GNA/신차+차종_PC_다이렉트.PNG,PC,2026.5.15,25,0,0,0,2.5
2452983,search ad,naver,파워링크,PC,03.신차+차종,,신차+차종_PC_다이렉트,/creatives/GNA/GNA/신차+차종_PC_다이렉트.PNG,PC,2026.5.16,20,0,0,0,2.5
2452983,search ad,naver,파워링크,PC,03.신차+차종,,신차+차종_PC_다이렉트,/creatives/GNA/GNA/신차+차종_PC_다이렉트.PNG,PC,2026.5.18,45,0,0,0,2.5
2452983,search ad,naver,파워링크,PC,03.신차+차종,,신차+차종_PC_다이렉트,/creatives/GNA/GNA/신차+차종_PC_다이렉트.PNG,PC,2026.5.19,134,0,0,0,3.6
2452983,search ad,naver,파워링크,PC,03.신차+차종,,신차+차종_PC_다이렉트,/creatives/GNA/GNA/신차+차종_PC_다이렉트.PNG,PC,2026.5.20,143,0,0,0,3.3
2452983,search ad,naver,파워링크,PC,03.신차+차종,,신차+차종_PC_다이렉트,/creatives/GNA/GNA/신차+차종_PC_다이렉트.PNG,PC,2026.5.21,126,0,0,0,3.4
2452983,search ad,naver,파워링크,PC,03.신차+차종,,신차+차종_PC_월납절약,/creatives/GNA/GNA/신차+차종_PC_월납절약.PNG,PC,2026.5.14,6,0,0,0,1.2
2452983,search ad,naver,파워링크,PC,03.신차+차종,,신차+차종_PC_월납절약,/creatives/GNA/GNA/신차+차종_PC_월납절약.PNG,PC,2026.5.15,29,0,0,0,2.1
2452983,search ad,naver,파워링크,PC,03.신차+차종,,신차+차종_PC_월납절약,/creatives/GNA/GNA/신차+차종_PC_월납절약.PNG,PC,2026.5.16,19,0,0,0,3
2452983,search ad,naver,파워링크,PC,03.신차+차종,,신차+차종_PC_월납절약,/creatives/GNA/GNA/신차+차종_PC_월납절약.PNG,PC,2026.5.18,48,0,0,0,3
2452983,search ad,naver,파워링크,PC,03.신차+차종,,신차+차종_PC_월납절약,/creatives/GNA/GNA/신차+차종_PC_월납절약.PNG,PC,2026.5.19,122,0,0,0,3.6
2452983,search ad,naver,파워링크,PC,03.신차+차종,,신차+차종_PC_월납절약,/creatives/GNA/GNA/신차+차종_PC_월납절약.PNG,PC,2026.5.20,144,0,0,0,3.6
2452983,search ad,naver,파워링크,PC,03.신차+차종,,신차+차종_PC_월납절약,/creatives/GNA/GNA/신차+차종_PC_월납절약.PNG,PC,2026.5.21,127,0,0,0,3.5
2452983,search ad,naver,파워링크,PC,04.차종+일반,,차종+일반_PC_월납렌트,/creatives/GNA/GNA/차종+일반_PC_월납렌트.PNG,PC,2026.5.14,64,0,0,0,2.7
2452983,search ad,naver,파워링크,PC,04.차종+일반,,차종+일반_PC_월납렌트,/creatives/GNA/GNA/차종+일반_PC_월납렌트.PNG,PC,2026.5.15,123,0,0,0,4.6
2452983,search ad,naver,파워링크,PC,04.차종+일반,,차종+일반_PC_월납렌트,/creatives/GNA/GNA/차종+일반_PC_월납렌트.PNG,PC,2026.5.16,72,1,8028,0,2.5
2452983,search ad,naver,파워링크,PC,04.차종+일반,,차종+일반_PC_월납렌트,/creatives/GNA/GNA/차종+일반_PC_월납렌트.PNG,PC,2026.5.18,218,0,0,0,5.4
2452983,search ad,naver,파워링크,PC,04.차종+일반,,차종+일반_PC_월납렌트,/creatives/GNA/GNA/차종+일반_PC_월납렌트.PNG,PC,2026.5.19,89,0,0,0,5.1
2452983,search ad,naver,파워링크,PC,04.차종+일반,,차종+일반_PC_월납렌트,/creatives/GNA/GNA/차종+일반_PC_월납렌트.PNG,PC,2026.5.20,161,2,15431,0,4.2
2452983,search ad,naver,파워링크,PC,04.차종+일반,,차종+일반_PC_월납렌트,/creatives/GNA/GNA/차종+일반_PC_월납렌트.PNG,PC,2026.5.21,221,0,0,0,5.1
2452983,search ad,naver,파워링크,PC,04.차종+일반,,차종+일반_PC_절약,/creatives/GNA/GNA/차종+일반_PC_절약.PNG,PC,2026.5.14,67,1,7249,0,2.9
2452983,search ad,naver,파워링크,PC,04.차종+일반,,차종+일반_PC_절약,/creatives/GNA/GNA/차종+일반_PC_절약.PNG,PC,2026.5.15,109,0,0,0,5
2452983,search ad,naver,파워링크,PC,04.차종+일반,,차종+일반_PC_절약,/creatives/GNA/GNA/차종+일반_PC_절약.PNG,PC,2026.5.16,90,0,0,0,2.6
2452983,search ad,naver,파워링크,PC,04.차종+일반,,차종+일반_PC_절약,/creatives/GNA/GNA/차종+일반_PC_절약.PNG,PC,2026.5.18,213,0,0,0,5.1
2452983,search ad,naver,파워링크,PC,04.차종+일반,,차종+일반_PC_절약,/creatives/GNA/GNA/차종+일반_PC_절약.PNG,PC,2026.5.19,279,1,3265,0,5
2452983,search ad,naver,파워링크,PC,04.차종+일반,,차종+일반_PC_절약,/creatives/GNA/GNA/차종+일반_PC_절약.PNG,PC,2026.5.20,243,0,0,0,5.3
2452983,search ad,naver,파워링크,PC,04.차종+일반,,차종+일반_PC_절약,/creatives/GNA/GNA/차종+일반_PC_절약.PNG,PC,2026.5.21,48,0,0,0,4.3
2452983,search ad,naver,파워링크,PC,04.차종+일반,,차종+일반_PC_즉시출고,/creatives/GNA/GNA/차종+일반_PC_즉시출고.PNG,PC,2026.5.14,70,1,9537,0,2.7
2452983,search ad,naver,파워링크,PC,04.차종+일반,,차종+일반_PC_즉시출고,/creatives/GNA/GNA/차종+일반_PC_즉시출고.PNG,PC,2026.5.15,199,0,0,0,4.3
2452983,search ad,naver,파워링크,PC,04.차종+일반,,차종+일반_PC_즉시출고,/creatives/GNA/GNA/차종+일반_PC_즉시출고.PNG,PC,2026.5.16,135,0,0,0,2.4
2452983,search ad,naver,파워링크,PC,04.차종+일반,,차종+일반_PC_즉시출고,/creatives/GNA/GNA/차종+일반_PC_즉시출고.PNG,PC,2026.5.18,376,1,6000,0,5.1
2452983,search ad,naver,파워링크,PC,04.차종+일반,,차종+일반_PC_즉시출고,/creatives/GNA/GNA/차종+일반_PC_즉시출고.PNG,PC,2026.5.19,447,2,20249,0,5.2
2452983,search ad,naver,파워링크,PC,04.차종+일반,,차종+일반_PC_즉시출고,/creatives/GNA/GNA/차종+일반_PC_즉시출고.PNG,PC,2026.5.20,413,3,29504,0,4.9
2452983,search ad,naver,파워링크,PC,04.차종+일반,,차종+일반_PC_즉시출고,/creatives/GNA/GNA/차종+일반_PC_즉시출고.PNG,PC,2026.5.21,475,4,32003,0,4.8
2452983,search ad,naver,파워링크,MO,00.브랜드(BNK캐피탈),,BNK_MO_프로모션,/creatives/GNA/GNA/BNK_MO_프로모션.PNG,모바일,2026.5.14,3,0,0,0,1.7
2452983,search ad,naver,파워링크,MO,00.브랜드(BNK캐피탈),,BNK_MO_프로모션,/creatives/GNA/GNA/BNK_MO_프로모션.PNG,모바일,2026.5.15,135,0,0,0,1.6
2452983,search ad,naver,파워링크,MO,00.브랜드(BNK캐피탈),,BNK_MO_프로모션,/creatives/GNA/GNA/BNK_MO_프로모션.PNG,모바일,2026.5.16,126,0,0,0,1.2
2452983,search ad,naver,파워링크,MO,00.브랜드(BNK캐피탈),,BNK_MO_프로모션,/creatives/GNA/GNA/BNK_MO_프로모션.PNG,모바일,2026.5.18,152,1,945,0,1.3
2452983,search ad,naver,파워링크,MO,00.브랜드(BNK캐피탈),,BNK_MO_프로모션,/creatives/GNA/GNA/BNK_MO_프로모션.PNG,모바일,2026.5.19,222,0,0,0,1.5
2452983,search ad,naver,파워링크,MO,00.브랜드(BNK캐피탈),,BNK_MO_프로모션,/creatives/GNA/GNA/BNK_MO_프로모션.PNG,모바일,2026.5.20,95,0,0,0,1.6
2452983,search ad,naver,파워링크,MO,00.브랜드(BNK캐피탈),,BNK_MO_프로모션,/creatives/GNA/GNA/BNK_MO_프로모션.PNG,모바일,2026.5.21,57,0,0,0,1.6
2452983,search ad,naver,파워링크,MO,00.브랜드(BNK캐피탈),,BNK_MO_핫딜,/creatives/GNA/GNA/BNK_MO_핫딜.PNG,모바일,2026.5.14,6,0,0,0,1
2452983,search ad,naver,파워링크,MO,00.브랜드(BNK캐피탈),,BNK_MO_핫딜,/creatives/GNA/GNA/BNK_MO_핫딜.PNG,모바일,2026.5.15,194,1,1100,0,1.6
2452983,search ad,naver,파워링크,MO,00.브랜드(BNK캐피탈),,BNK_MO_핫딜,/creatives/GNA/GNA/BNK_MO_핫딜.PNG,모바일,2026.5.16,751,4,2760,1,1.1
2452983,search ad,naver,파워링크,MO,00.브랜드(BNK캐피탈),,BNK_MO_핫딜,/creatives/GNA/GNA/BNK_MO_핫딜.PNG,모바일,2026.5.18,645,3,2970,0,1.3
2452983,search ad,naver,파워링크,MO,00.브랜드(BNK캐피탈),,BNK_MO_핫딜,/creatives/GNA/GNA/BNK_MO_핫딜.PNG,모바일,2026.5.19,565,1,561,0,1.4
2452983,search ad,naver,파워링크,MO,00.브랜드(BNK캐피탈),,BNK_MO_핫딜,/creatives/GNA/GNA/BNK_MO_핫딜.PNG,모바일,2026.5.20,419,2,662,0,1.5
2452983,search ad,naver,파워링크,MO,00.브랜드(BNK캐피탈),,BNK_MO_핫딜,/creatives/GNA/GNA/BNK_MO_핫딜.PNG,모바일,2026.5.21,315,2,1661,0,1.6
2452983,search ad,naver,파워링크,MO,00.브랜드(BNK캐피탈),,BNK_MO_장기렌트,/creatives/GNA/GNA/BNK_MO_장기렌트.PNG,모바일,2026.5.14,1,0,0,0,1
2452983,search ad,naver,파워링크,MO,00.브랜드(BNK캐피탈),,BNK_MO_장기렌트,/creatives/GNA/GNA/BNK_MO_장기렌트.PNG,모바일,2026.5.15,124,1,122,0,1.6
2452983,search ad,naver,파워링크,MO,00.브랜드(BNK캐피탈),,BNK_MO_장기렌트,/creatives/GNA/GNA/BNK_MO_장기렌트.PNG,모바일,2026.5.16,166,0,0,0,1.2
2452983,search ad,naver,파워링크,MO,00.브랜드(BNK캐피탈),,BNK_MO_장기렌트,/creatives/GNA/GNA/BNK_MO_장기렌트.PNG,모바일,2026.5.18,207,1,1079,0,1.3
2452983,search ad,naver,파워링크,MO,00.브랜드(BNK캐피탈),,BNK_MO_장기렌트,/creatives/GNA/GNA/BNK_MO_장기렌트.PNG,모바일,2026.5.19,289,1,1060,0,1.4
2452983,search ad,naver,파워링크,MO,00.브랜드(BNK캐피탈),,BNK_MO_장기렌트,/creatives/GNA/GNA/BNK_MO_장기렌트.PNG,모바일,2026.5.20,246,1,572,0,1.6
2452983,search ad,naver,파워링크,MO,00.브랜드(BNK캐피탈),,BNK_MO_장기렌트,/creatives/GNA/GNA/BNK_MO_장기렌트.PNG,모바일,2026.5.21,182,0,0,0,1.5
2452983,search ad,naver,파워링크,MO,01.신차,,신차_MO_신차렌트,/creatives/GNA/GNA/신차_MO_신차렌트.PNG,모바일,2026.5.14,62,0,0,0,2.5
2452983,search ad,naver,파워링크,MO,01.신차,,신차_MO_신차렌트,/creatives/GNA/GNA/신차_MO_신차렌트.PNG,모바일,2026.5.15,88,1,4356,0,3.2
2452983,search ad,naver,파워링크,MO,01.신차,,신차_MO_신차렌트,/creatives/GNA/GNA/신차_MO_신차렌트.PNG,모바일,2026.5.16,85,1,8104,0,2.2
2452983,search ad,naver,파워링크,MO,01.신차,,신차_MO_신차렌트,/creatives/GNA/GNA/신차_MO_신차렌트.PNG,모바일,2026.5.18,54,0,0,0,2.8
2452983,search ad,naver,파워링크,MO,01.신차,,신차_MO_신차렌트,/creatives/GNA/GNA/신차_MO_신차렌트.PNG,모바일,2026.5.19,69,1,9030,0,2.3
2452983,search ad,naver,파워링크,MO,01.신차,,신차_MO_신차렌트,/creatives/GNA/GNA/신차_MO_신차렌트.PNG,모바일,2026.5.20,34,2,5551,0,3.4
2452983,search ad,naver,파워링크,MO,01.신차,,신차_MO_신차렌트,/creatives/GNA/GNA/신차_MO_신차렌트.PNG,모바일,2026.5.21,49,1,6285,0,3.1
2452983,search ad,naver,파워링크,MO,01.신차,,신차_MO_장기렌트,/creatives/GNA/GNA/신차_MO_장기렌트.PNG,모바일,2026.5.14,65,1,6578,0,2.7
2452983,search ad,naver,파워링크,MO,01.신차,,신차_MO_장기렌트,/creatives/GNA/GNA/신차_MO_장기렌트.PNG,모바일,2026.5.15,145,1,8689,0,3
2452983,search ad,naver,파워링크,MO,01.신차,,신차_MO_장기렌트,/creatives/GNA/GNA/신차_MO_장기렌트.PNG,모바일,2026.5.16,515,10,56377,0,2.1
2452983,search ad,naver,파워링크,MO,01.신차,,신차_MO_장기렌트,/creatives/GNA/GNA/신차_MO_장기렌트.PNG,모바일,2026.5.18,407,5,29875,0,3.2
2452983,search ad,naver,파워링크,MO,01.신차,,신차_MO_장기렌트,/creatives/GNA/GNA/신차_MO_장기렌트.PNG,모바일,2026.5.19,325,3,24145,0,2.5
2452983,search ad,naver,파워링크,MO,01.신차,,신차_MO_장기렌트,/creatives/GNA/GNA/신차_MO_장기렌트.PNG,모바일,2026.5.20,216,0,0,0,3
2452983,search ad,naver,파워링크,MO,01.신차,,신차_MO_장기렌트,/creatives/GNA/GNA/신차_MO_장기렌트.PNG,모바일,2026.5.21,118,3,19466,0,2.7
2452983,search ad,naver,파워링크,MO,01.신차,,신차_MO_특가,/creatives/GNA/GNA/신차_MO_특가.PNG,모바일,2026.5.14,71,0,0,0,3.3
2452983,search ad,naver,파워링크,MO,01.신차,,신차_MO_특가,/creatives/GNA/GNA/신차_MO_특가.PNG,모바일,2026.5.15,81,0,0,0,2.8
2452983,search ad,naver,파워링크,MO,01.신차,,신차_MO_특가,/creatives/GNA/GNA/신차_MO_특가.PNG,모바일,2026.5.16,166,1,7226,0,2.3
2452983,search ad,naver,파워링크,MO,01.신차,,신차_MO_특가,/creatives/GNA/GNA/신차_MO_특가.PNG,모바일,2026.5.18,39,0,0,0,2.7
2452983,search ad,naver,파워링크,MO,01.신차,,신차_MO_특가,/creatives/GNA/GNA/신차_MO_특가.PNG,모바일,2026.5.19,44,0,0,0,2.2
2452983,search ad,naver,파워링크,MO,01.신차,,신차_MO_특가,/creatives/GNA/GNA/신차_MO_특가.PNG,모바일,2026.5.20,17,0,0,0,4.6
2452983,search ad,naver,파워링크,MO,01.신차,,신차_MO_특가,/creatives/GNA/GNA/신차_MO_특가.PNG,모바일,2026.5.21,11,0,0,0,3.2
2452983,search ad,naver,파워링크,MO,02.차종,,차종_MO_다이렉트,/creatives/GNA/GNA/차종_MO_다이렉트.PNG,모바일,2026.5.14,6746,0,0,0,3
2452983,search ad,naver,파워링크,MO,02.차종,,차종_MO_다이렉트,/creatives/GNA/GNA/차종_MO_다이렉트.PNG,모바일,2026.5.15,6732,3,4148,0,2.9
2452983,search ad,naver,파워링크,MO,02.차종,,차종_MO_다이렉트,/creatives/GNA/GNA/차종_MO_다이렉트.PNG,모바일,2026.5.16,27546,12,17106,0,2.8
2452983,search ad,naver,파워링크,MO,02.차종,,차종_MO_다이렉트,/creatives/GNA/GNA/차종_MO_다이렉트.PNG,모바일,2026.5.18,4669,1,1399,0,3.4
2452983,search ad,naver,파워링크,MO,02.차종,,차종_MO_다이렉트,/creatives/GNA/GNA/차종_MO_다이렉트.PNG,모바일,2026.5.20,1693,4,9197,1,2.1
2452983,search ad,naver,파워링크,MO,02.차종,,차종_MO_다이렉트,/creatives/GNA/GNA/차종_MO_다이렉트.PNG,모바일,2026.5.21,5368,12,28447,0,2
2452983,search ad,naver,파워링크,MO,02.차종,,차종_MO_렌트특가,/creatives/GNA/GNA/차종_MO_렌트특가.PNG,모바일,2026.5.14,18431,6,9936,0,2.6
2452983,search ad,naver,파워링크,MO,02.차종,,차종_MO_렌트특가,/creatives/GNA/GNA/차종_MO_렌트특가.PNG,모바일,2026.5.15,37504,14,20529,0,3.4
2452983,search ad,naver,파워링크,MO,02.차종,,차종_MO_렌트특가,/creatives/GNA/GNA/차종_MO_렌트특가.PNG,모바일,2026.5.16,30344,15,20511,0,2.6
2452983,search ad,naver,파워링크,MO,02.차종,,차종_MO_렌트특가,/creatives/GNA/GNA/차종_MO_렌트특가.PNG,모바일,2026.5.17,1,0,0,0,2
2452983,search ad,naver,파워링크,MO,02.차종,,차종_MO_렌트특가,/creatives/GNA/GNA/차종_MO_렌트특가.PNG,모바일,2026.5.18,18418,4,6505,0,3.4
2452983,search ad,naver,파워링크,MO,02.차종,,차종_MO_렌트특가,/creatives/GNA/GNA/차종_MO_렌트특가.PNG,모바일,2026.5.19,1052,0,0,0,3.8
2452983,search ad,naver,파워링크,MO,02.차종,,차종_MO_렌트특가,/creatives/GNA/GNA/차종_MO_렌트특가.PNG,모바일,2026.5.20,1731,2,4089,0,2.1
2452983,search ad,naver,파워링크,MO,02.차종,,차종_MO_렌트특가,/creatives/GNA/GNA/차종_MO_렌트특가.PNG,모바일,2026.5.21,5300,16,47923,0,2
2452983,search ad,naver,파워링크,MO,02.차종,,차종_MO_목돈없이,/creatives/GNA/GNA/차종_MO_목돈없이.PNG,모바일,2026.5.14,15650,5,9394,0,2.5
2452983,search ad,naver,파워링크,MO,02.차종,,차종_MO_목돈없이,/creatives/GNA/GNA/차종_MO_목돈없이.PNG,모바일,2026.5.15,15503,6,8668,0,3.4
2452983,search ad,naver,파워링크,MO,02.차종,,차종_MO_목돈없이,/creatives/GNA/GNA/차종_MO_목돈없이.PNG,모바일,2026.5.16,57173,34,52320,0,2.5
2452983,search ad,naver,파워링크,MO,02.차종,,차종_MO_목돈없이,/creatives/GNA/GNA/차종_MO_목돈없이.PNG,모바일,2026.5.18,81769,55,92250,2,3.1
2452983,search ad,naver,파워링크,MO,02.차종,,차종_MO_목돈없이,/creatives/GNA/GNA/차종_MO_목돈없이.PNG,모바일,2026.5.19,86742,90,149604,1,3.4
2452983,search ad,naver,파워링크,MO,02.차종,,차종_MO_목돈없이,/creatives/GNA/GNA/차종_MO_목돈없이.PNG,모바일,2026.5.20,55044,90,216150,1,3.2
2452983,search ad,naver,파워링크,MO,02.차종,,차종_MO_목돈없이,/creatives/GNA/GNA/차종_MO_목돈없이.PNG,모바일,2026.5.21,32079,100,280768,0,1.9
2452983,search ad,naver,파워링크,MO,03.신차+차종,,신차+차종_MO_1분견적,/creatives/GNA/GNA/신차+차종_MO_1분견적.PNG,모바일,2026.5.14,31,0,0,0,2.1
2452983,search ad,naver,파워링크,MO,03.신차+차종,,신차+차종_MO_1분견적,/creatives/GNA/GNA/신차+차종_MO_1분견적.PNG,모바일,2026.5.15,29,0,0,0,2.6
2452983,search ad,naver,파워링크,MO,03.신차+차종,,신차+차종_MO_1분견적,/creatives/GNA/GNA/신차+차종_MO_1분견적.PNG,모바일,2026.5.16,116,0,0,0,2.3
2452983,search ad,naver,파워링크,MO,03.신차+차종,,신차+차종_MO_1분견적,/creatives/GNA/GNA/신차+차종_MO_1분견적.PNG,모바일,2026.5.18,46,0,0,0,2.7
2452983,search ad,naver,파워링크,MO,03.신차+차종,,신차+차종_MO_1분견적,/creatives/GNA/GNA/신차+차종_MO_1분견적.PNG,모바일,2026.5.19,76,0,0,0,3.6
2452983,search ad,naver,파워링크,MO,03.신차+차종,,신차+차종_MO_1분견적,/creatives/GNA/GNA/신차+차종_MO_1분견적.PNG,모바일,2026.5.20,113,1,7387,0,3.7
2452983,search ad,naver,파워링크,MO,03.신차+차종,,신차+차종_MO_1분견적,/creatives/GNA/GNA/신차+차종_MO_1분견적.PNG,모바일,2026.5.21,51,0,0,0,3.1
2452983,search ad,naver,파워링크,MO,03.신차+차종,,삭제,/creatives/GNA/GNA/삭제.PNG,모바일,2026.5.14,29,0,0,0,2.2
2452983,search ad,naver,파워링크,MO,03.신차+차종,,삭제,/creatives/GNA/GNA/삭제.PNG,모바일,2026.5.15,41,0,0,0,2.4
2452983,search ad,naver,파워링크,MO,03.신차+차종,,삭제,/creatives/GNA/GNA/삭제.PNG,모바일,2026.5.16,107,0,0,0,2.2
2452983,search ad,naver,파워링크,MO,03.신차+차종,,삭제,/creatives/GNA/GNA/삭제.PNG,모바일,2026.5.18,48,0,0,0,2.6
2452983,search ad,naver,파워링크,MO,03.신차+차종,,삭제,/creatives/GNA/GNA/삭제.PNG,모바일,2026.5.19,90,0,0,0,3.5
2452983,search ad,naver,파워링크,MO,03.신차+차종,,삭제,/creatives/GNA/GNA/삭제.PNG,모바일,2026.5.20,42,0,0,0,3.5
2452983,search ad,naver,파워링크,MO,03.신차+차종,,삭제,/creatives/GNA/GNA/삭제.PNG,모바일,2026.5.21,18,0,0,0,3.2
2452983,search ad,naver,파워링크,MO,03.신차+차종,,신차+차종_MO_월납절약,/creatives/GNA/GNA/신차+차종_MO_월납절약.PNG,모바일,2026.5.14,30,0,0,0,2.1
2452983,search ad,naver,파워링크,MO,03.신차+차종,,신차+차종_MO_월납절약,/creatives/GNA/GNA/신차+차종_MO_월납절약.PNG,모바일,2026.5.15,33,0,0,0,2.2
2452983,search ad,naver,파워링크,MO,03.신차+차종,,신차+차종_MO_월납절약,/creatives/GNA/GNA/신차+차종_MO_월납절약.PNG,모바일,2026.5.16,114,0,0,0,2.5
2452983,search ad,naver,파워링크,MO,03.신차+차종,,신차+차종_MO_월납절약,/creatives/GNA/GNA/신차+차종_MO_월납절약.PNG,모바일,2026.5.18,39,0,0,0,2.7
2452983,search ad,naver,파워링크,MO,03.신차+차종,,신차+차종_MO_월납절약,/creatives/GNA/GNA/신차+차종_MO_월납절약.PNG,모바일,2026.5.19,80,0,0,0,3.5
2452983,search ad,naver,파워링크,MO,03.신차+차종,,신차+차종_MO_월납절약,/creatives/GNA/GNA/신차+차종_MO_월납절약.PNG,모바일,2026.5.20,39,0,0,0,3.1
2452983,search ad,naver,파워링크,MO,03.신차+차종,,신차+차종_MO_월납절약,/creatives/GNA/GNA/신차+차종_MO_월납절약.PNG,모바일,2026.5.21,29,0,0,0,3.2
2452983,search ad,naver,파워링크,MO,03.신차+차종,,신차+차종_MO_다이렉트,/creatives/GNA/GNA/신차+차종_MO_다이렉트.PNG,모바일,2026.5.18,84,0,0,0,2.5
2452983,search ad,naver,파워링크,MO,03.신차+차종,,신차+차종_MO_다이렉트,/creatives/GNA/GNA/신차+차종_MO_다이렉트.PNG,모바일,2026.5.19,188,1,1581,0,3.2
2452983,search ad,naver,파워링크,MO,03.신차+차종,,신차+차종_MO_다이렉트,/creatives/GNA/GNA/신차+차종_MO_다이렉트.PNG,모바일,2026.5.20,119,0,0,0,3.3
2452983,search ad,naver,파워링크,MO,03.신차+차종,,신차+차종_MO_다이렉트,/creatives/GNA/GNA/신차+차종_MO_다이렉트.PNG,모바일,2026.5.21,58,0,0,0,3.3
2452983,search ad,naver,파워링크,MO,04.차종+일반,,차종+일반_MO_절약,/creatives/GNA/GNA/차종+일반_MO_절약.PNG,모바일,2026.5.14,158,1,9028,0,2.8
2452983,search ad,naver,파워링크,MO,04.차종+일반,,차종+일반_MO_절약,/creatives/GNA/GNA/차종+일반_MO_절약.PNG,모바일,2026.5.15,125,0,0,0,3.5
2452983,search ad,naver,파워링크,MO,04.차종+일반,,차종+일반_MO_절약,/creatives/GNA/GNA/차종+일반_MO_절약.PNG,모바일,2026.5.16,145,0,0,0,2.7
2452983,search ad,naver,파워링크,MO,04.차종+일반,,차종+일반_MO_절약,/creatives/GNA/GNA/차종+일반_MO_절약.PNG,모바일,2026.5.18,124,1,10585,0,3.3
2452983,search ad,naver,파워링크,MO,04.차종+일반,,차종+일반_MO_절약,/creatives/GNA/GNA/차종+일반_MO_절약.PNG,모바일,2026.5.19,186,0,0,0,3.4
2452983,search ad,naver,파워링크,MO,04.차종+일반,,차종+일반_MO_절약,/creatives/GNA/GNA/차종+일반_MO_절약.PNG,모바일,2026.5.20,66,0,0,0,3.7
2452983,search ad,naver,파워링크,MO,04.차종+일반,,차종+일반_MO_절약,/creatives/GNA/GNA/차종+일반_MO_절약.PNG,모바일,2026.5.21,29,0,0,0,3.4
2452983,search ad,naver,파워링크,MO,04.차종+일반,,차종+일반_MO_즉시출고,/creatives/GNA/GNA/차종+일반_MO_즉시출고.PNG,모바일,2026.5.14,213,3,17560,2,2.6
2452983,search ad,naver,파워링크,MO,04.차종+일반,,차종+일반_MO_즉시출고,/creatives/GNA/GNA/차종+일반_MO_즉시출고.PNG,모바일,2026.5.15,423,6,44547,0,3.4
2452983,search ad,naver,파워링크,MO,04.차종+일반,,차종+일반_MO_즉시출고,/creatives/GNA/GNA/차종+일반_MO_즉시출고.PNG,모바일,2026.5.16,1341,12,66230,0,2.5
2452983,search ad,naver,파워링크,MO,04.차종+일반,,차종+일반_MO_즉시출고,/creatives/GNA/GNA/차종+일반_MO_즉시출고.PNG,모바일,2026.5.18,962,3,19735,0,3.6
2452983,search ad,naver,파워링크,MO,04.차종+일반,,차종+일반_MO_즉시출고,/creatives/GNA/GNA/차종+일반_MO_즉시출고.PNG,모바일,2026.5.19,865,5,34789,0,3.5
2452983,search ad,naver,파워링크,MO,04.차종+일반,,차종+일반_MO_즉시출고,/creatives/GNA/GNA/차종+일반_MO_즉시출고.PNG,모바일,2026.5.20,565,3,15504,0,3.8
2452983,search ad,naver,파워링크,MO,04.차종+일반,,차종+일반_MO_즉시출고,/creatives/GNA/GNA/차종+일반_MO_즉시출고.PNG,모바일,2026.5.21,337,3,22074,0,3.4
2452983,search ad,naver,파워링크,MO,04.차종+일반,,차종+일반_MO_월납렌트,/creatives/GNA/GNA/차종+일반_MO_월납렌트.PNG,모바일,2026.5.14,148,0,0,0,2.8
2452983,search ad,naver,파워링크,MO,04.차종+일반,,차종+일반_MO_월납렌트,/creatives/GNA/GNA/차종+일반_MO_월납렌트.PNG,모바일,2026.5.15,60,0,0,0,3.2
2452983,search ad,naver,파워링크,MO,04.차종+일반,,차종+일반_MO_월납렌트,/creatives/GNA/GNA/차종+일반_MO_월납렌트.PNG,모바일,2026.5.16,77,2,9733,1,2.3
2452983,search ad,naver,파워링크,MO,04.차종+일반,,차종+일반_MO_월납렌트,/creatives/GNA/GNA/차종+일반_MO_월납렌트.PNG,모바일,2026.5.18,51,0,0,0,3.4
2452983,search ad,naver,파워링크,MO,04.차종+일반,,차종+일반_MO_월납렌트,/creatives/GNA/GNA/차종+일반_MO_월납렌트.PNG,모바일,2026.5.19,62,0,0,0,3.5
2452983,search ad,naver,파워링크,MO,04.차종+일반,,차종+일반_MO_월납렌트,/creatives/GNA/GNA/차종+일반_MO_월납렌트.PNG,모바일,2026.5.20,90,1,1078,0,4.2
2452983,search ad,naver,파워링크,MO,04.차종+일반,,차종+일반_MO_월납렌트,/creatives/GNA/GNA/차종+일반_MO_월납렌트.PNG,모바일,2026.5.21,58,0,0,0,3.3
2452983,search ad,naver,파워링크,PC,01.신차,-,,/creatives/GNA/GNA/.PNG,PC,2026.5.14,2,0,0,0,1.5
2452983,search ad,naver,파워링크,PC,01.신차,-,,/creatives/GNA/GNA/.PNG,PC,2026.5.15,1,0,0,0,10
2452983,search ad,naver,파워링크,PC,01.신차,-,,/creatives/GNA/GNA/.PNG,PC,2026.5.16,9,0,0,0,4.2
2452983,search ad,naver,파워링크,PC,01.신차,-,,/creatives/GNA/GNA/.PNG,PC,2026.5.18,5,0,0,0,6.8
2452983,search ad,naver,파워링크,PC,01.신차,-,,/creatives/GNA/GNA/.PNG,PC,2026.5.19,5,0,0,0,10.4
2452983,search ad,naver,파워링크,PC,01.신차,-,,/creatives/GNA/GNA/.PNG,PC,2026.5.20,11,0,0,0,4.6
2452983,search ad,naver,파워링크,PC,01.신차,-,,/creatives/GNA/GNA/.PNG,PC,2026.5.21,15,0,0,0,7.5
2452983,search ad,naver,파워링크,PC,01.신차,새차장기렌트,,/creatives/GNA/GNA/.PNG,PC,2026.5.20,1,0,0,0,1
2452983,search ad,naver,파워링크,PC,01.신차,새차장기렌트,,/creatives/GNA/GNA/.PNG,PC,2026.5.21,1,0,0,0,5
2452983,search ad,naver,파워링크,PC,01.신차,신차,,/creatives/GNA/GNA/.PNG,PC,2026.5.14,41,0,0,0,2.5
2452983,search ad,naver,파워링크,PC,01.신차,신차,,/creatives/GNA/GNA/.PNG,PC,2026.5.15,164,0,0,0,2.4
2452983,search ad,naver,파워링크,PC,01.신차,신차,,/creatives/GNA/GNA/.PNG,PC,2026.5.16,106,0,0,0,2.2
2452983,search ad,naver,파워링크,PC,01.신차,신차,,/creatives/GNA/GNA/.PNG,PC,2026.5.18,156,0,0,0,3
2452983,search ad,naver,파워링크,PC,01.신차,신차,,/creatives/GNA/GNA/.PNG,PC,2026.5.19,131,0,0,0,3
2452983,search ad,naver,파워링크,PC,01.신차,신차,,/creatives/GNA/GNA/.PNG,PC,2026.5.20,128,0,0,0,3.1
2452983,search ad,naver,파워링크,PC,01.신차,신차,,/creatives/GNA/GNA/.PNG,PC,2026.5.21,104,1,1638,0,3.5
2452983,search ad,naver,파워링크,PC,01.신차,신차견적,,/creatives/GNA/GNA/.PNG,PC,2026.5.14,3,0,0,0,3
2452983,search ad,naver,파워링크,PC,01.신차,신차견적,,/creatives/GNA/GNA/.PNG,PC,2026.5.15,12,1,3305,0,2.2
2452983,search ad,naver,파워링크,PC,01.신차,신차견적,,/creatives/GNA/GNA/.PNG,PC,2026.5.16,22,0,0,0,1.4
2452983,search ad,naver,파워링크,PC,01.신차,신차견적,,/creatives/GNA/GNA/.PNG,PC,2026.5.18,87,0,0,0,3.9
2452983,search ad,naver,파워링크,PC,01.신차,신차견적,,/creatives/GNA/GNA/.PNG,PC,2026.5.19,19,0,0,0,4.3
2452983,search ad,naver,파워링크,PC,01.신차,신차견적,,/creatives/GNA/GNA/.PNG,PC,2026.5.20,24,0,0,0,2.8
2452983,search ad,naver,파워링크,PC,01.신차,신차견적,,/creatives/GNA/GNA/.PNG,PC,2026.5.21,25,0,0,0,4.8
2452983,search ad,naver,파워링크,PC,01.신차,신차렌탈,,/creatives/GNA/GNA/.PNG,PC,2026.5.16,1,0,0,0,2
2452983,search ad,naver,파워링크,PC,01.신차,신차렌탈,,/creatives/GNA/GNA/.PNG,PC,2026.5.19,1,0,0,0,2
2452983,search ad,naver,파워링크,PC,01.신차,신차렌터카,,/creatives/GNA/GNA/.PNG,PC,2026.5.15,2,0,0,0,5
2452983,search ad,naver,파워링크,PC,01.신차,신차렌터카,,/creatives/GNA/GNA/.PNG,PC,2026.5.18,1,0,0,0,6
2452983,search ad,naver,파워링크,PC,01.신차,신차렌터카,,/creatives/GNA/GNA/.PNG,PC,2026.5.19,2,0,0,0,5
2452983,search ad,naver,파워링크,PC,01.신차,신차렌터카,,/creatives/GNA/GNA/.PNG,PC,2026.5.20,1,0,0,0,7
2452983,search ad,naver,파워링크,PC,01.신차,신차렌트,,/creatives/GNA/GNA/.PNG,PC,2026.5.14,2,0,0,0,5
2452983,search ad,naver,파워링크,PC,01.신차,신차렌트,,/creatives/GNA/GNA/.PNG,PC,2026.5.15,5,0,0,0,3.8
2452983,search ad,naver,파워링크,PC,01.신차,신차렌트,,/creatives/GNA/GNA/.PNG,PC,2026.5.16,5,0,0,0,2.4
2452983,search ad,naver,파워링크,PC,01.신차,신차렌트,,/creatives/GNA/GNA/.PNG,PC,2026.5.18,10,0,0,0,7.2
2452983,search ad,naver,파워링크,PC,01.신차,신차렌트,,/creatives/GNA/GNA/.PNG,PC,2026.5.19,16,0,0,0,4.6
2452983,search ad,naver,파워링크,PC,01.신차,신차렌트,,/creatives/GNA/GNA/.PNG,PC,2026.5.20,8,1,5560,0,7
2452983,search ad,naver,파워링크,PC,01.신차,신차렌트,,/creatives/GNA/GNA/.PNG,PC,2026.5.21,6,0,0,0,7.8
2452983,search ad,naver,파워링크,PC,01.신차,신차렌트비교,,/creatives/GNA/GNA/.PNG,PC,2026.5.20,1,0,0,0,2
2452983,search ad,naver,파워링크,PC,01.신차,신차렌트비교,,/creatives/GNA/GNA/.PNG,PC,2026.5.21,2,0,0,0,5
2452983,search ad,naver,파워링크,PC,01.신차,신차렌트카,,/creatives/GNA/GNA/.PNG,PC,2026.5.14,1,0,0,0,2
2452983,search ad,naver,파워링크,PC,01.신차,신차렌트카,,/creatives/GNA/GNA/.PNG,PC,2026.5.15,2,0,0,0,8
2452983,search ad,naver,파워링크,PC,01.신차,신차렌트카,,/creatives/GNA/GNA/.PNG,PC,2026.5.16,1,0,0,0,2
2452983,search ad,naver,파워링크,PC,01.신차,신차렌트카,,/creatives/GNA/GNA/.PNG,PC,2026.5.18,5,0,0,0,6
2452983,search ad,naver,파워링크,PC,01.신차,신차렌트카,,/creatives/GNA/GNA/.PNG,PC,2026.5.19,1,0,0,0,8
2452983,search ad,naver,파워링크,PC,01.신차,신차렌트카,,/creatives/GNA/GNA/.PNG,PC,2026.5.20,3,0,0,0,4.3
2452983,search ad,naver,파워링크,PC,01.신차,신차렌트카,,/creatives/GNA/GNA/.PNG,PC,2026.5.21,3,0,0,0,8
2452983,search ad,naver,파워링크,PC,01.신차,신차장기,,/creatives/GNA/GNA/.PNG,PC,2026.5.15,1,0,0,0,3
2452983,search ad,naver,파워링크,PC,01.신차,신차장기,,/creatives/GNA/GNA/.PNG,PC,2026.5.18,2,1,6203,1,2
2452983,search ad,naver,파워링크,PC,01.신차,신차장기,,/creatives/GNA/GNA/.PNG,PC,2026.5.20,2,0,0,0,1.5
2452983,search ad,naver,파워링크,PC,01.신차,신차장기,,/creatives/GNA/GNA/.PNG,PC,2026.5.21,1,0,0,0,6
2452983,search ad,naver,파워링크,PC,01.신차,신차장기렌탈,,/creatives/GNA/GNA/.PNG,PC,2026.5.14,1,0,0,0,2
2452983,search ad,naver,파워링크,PC,01.신차,신차장기렌탈,,/creatives/GNA/GNA/.PNG,PC,2026.5.18,1,0,0,0,8
2452983,search ad,naver,파워링크,PC,01.신차,신차장기렌탈,,/creatives/GNA/GNA/.PNG,PC,2026.5.19,1,0,0,0,8
2452983,search ad,naver,파워링크,PC,01.신차,신차장기렌탈,,/creatives/GNA/GNA/.PNG,PC,2026.5.20,3,0,0,0,5
2452983,search ad,naver,파워링크,PC,01.신차,신차장기렌터,,/creatives/GNA/GNA/.PNG,PC,2026.5.20,1,0,0,0,1
2452983,search ad,naver,파워링크,PC,01.신차,신차장기렌터카,,/creatives/GNA/GNA/.PNG,PC,2026.5.14,7,1,13610,0,2.6
2452983,search ad,naver,파워링크,PC,01.신차,신차장기렌터카,,/creatives/GNA/GNA/.PNG,PC,2026.5.15,22,0,0,0,2.7
2452983,search ad,naver,파워링크,PC,01.신차,신차장기렌터카,,/creatives/GNA/GNA/.PNG,PC,2026.5.16,9,0,0,0,1.2
2452983,search ad,naver,파워링크,PC,01.신차,신차장기렌터카,,/creatives/GNA/GNA/.PNG,PC,2026.5.18,21,2,24395,0,1.9
2452983,search ad,naver,파워링크,PC,01.신차,신차장기렌터카,,/creatives/GNA/GNA/.PNG,PC,2026.5.19,24,2,27303,0,2.5
2452983,search ad,naver,파워링크,PC,01.신차,신차장기렌터카,,/creatives/GNA/GNA/.PNG,PC,2026.5.20,11,0,0,0,4.3
2452983,search ad,naver,파워링크,PC,01.신차,신차장기렌터카,,/creatives/GNA/GNA/.PNG,PC,2026.5.21,20,2,26023,0,4.1
2452983,search ad,naver,파워링크,PC,01.신차,신차장기렌터카가격비교,,/creatives/GNA/GNA/.PNG,PC,2026.5.14,3,0,0,0,1
2452983,search ad,naver,파워링크,PC,01.신차,신차장기렌터카가격비교,,/creatives/GNA/GNA/.PNG,PC,2026.5.15,3,0,0,0,3
2452983,search ad,naver,파워링크,PC,01.신차,신차장기렌터카가격비교,,/creatives/GNA/GNA/.PNG,PC,2026.5.16,1,1,6942,0,1
2452983,search ad,naver,파워링크,PC,01.신차,신차장기렌터카가격비교,,/creatives/GNA/GNA/.PNG,PC,2026.5.18,11,0,0,0,4.9
2452983,search ad,naver,파워링크,PC,01.신차,신차장기렌터카가격비교,,/creatives/GNA/GNA/.PNG,PC,2026.5.19,6,1,6259,0,4.2
2452983,search ad,naver,파워링크,PC,01.신차,신차장기렌터카가격비교,,/creatives/GNA/GNA/.PNG,PC,2026.5.20,4,0,0,0,5
2452983,search ad,naver,파워링크,PC,01.신차,신차장기렌터카가격비교,,/creatives/GNA/GNA/.PNG,PC,2026.5.21,3,0,0,0,5.3
2452983,search ad,naver,파워링크,PC,01.신차,신차장기렌트,,/creatives/GNA/GNA/.PNG,PC,2026.5.14,37,1,11478,0,3.9
2452983,search ad,naver,파워링크,PC,01.신차,신차장기렌트,,/creatives/GNA/GNA/.PNG,PC,2026.5.15,82,1,10934,0,5.1
2452983,search ad,naver,파워링크,PC,01.신차,신차장기렌트,,/creatives/GNA/GNA/.PNG,PC,2026.5.16,79,2,15851,0,1.5
2452983,search ad,naver,파워링크,PC,01.신차,신차장기렌트,,/creatives/GNA/GNA/.PNG,PC,2026.5.18,81,1,11225,1,5.5
2452983,search ad,naver,파워링크,PC,01.신차,신차장기렌트,,/creatives/GNA/GNA/.PNG,PC,2026.5.19,75,2,18006,0,6.3
2452983,search ad,naver,파워링크,PC,01.신차,신차장기렌트,,/creatives/GNA/GNA/.PNG,PC,2026.5.20,83,1,9441,0,6.1
2452983,search ad,naver,파워링크,PC,01.신차,신차장기렌트,,/creatives/GNA/GNA/.PNG,PC,2026.5.21,78,1,10838,0,7.2
2452983,search ad,naver,파워링크,PC,01.신차,신차장기렌트가격,,/creatives/GNA/GNA/.PNG,PC,2026.5.15,1,0,0,0,5
2452983,search ad,naver,파워링크,PC,01.신차,신차장기렌트가격,,/creatives/GNA/GNA/.PNG,PC,2026.5.19,2,1,4118,0,4
2452983,search ad,naver,파워링크,PC,01.신차,신차장기렌트가격,,/creatives/GNA/GNA/.PNG,PC,2026.5.20,6,0,0,0,2.5
2452983,search ad,naver,파워링크,PC,01.신차,신차장기렌트가격,,/creatives/GNA/GNA/.PNG,PC,2026.5.21,2,0,0,0,5
2452983,search ad,naver,파워링크,PC,01.신차,신차장기렌트가격비교,,/creatives/GNA/GNA/.PNG,PC,2026.5.14,1,0,0,0,1
2452983,search ad,naver,파워링크,PC,01.신차,신차장기렌트가격비교,,/creatives/GNA/GNA/.PNG,PC,2026.5.15,3,0,0,0,6
2452983,search ad,naver,파워링크,PC,01.신차,신차장기렌트가격비교,,/creatives/GNA/GNA/.PNG,PC,2026.5.16,2,0,0,0,1.5
2452983,search ad,naver,파워링크,PC,01.신차,신차장기렌트가격비교,,/creatives/GNA/GNA/.PNG,PC,2026.5.18,9,0,0,0,9.4
2452983,search ad,naver,파워링크,PC,01.신차,신차장기렌트가격비교,,/creatives/GNA/GNA/.PNG,PC,2026.5.19,3,0,0,0,10.3
2452983,search ad,naver,파워링크,PC,01.신차,신차장기렌트가격비교,,/creatives/GNA/GNA/.PNG,PC,2026.5.20,2,0,0,0,8
2452983,search ad,naver,파워링크,PC,01.신차,신차장기렌트견적,,/creatives/GNA/GNA/.PNG,PC,2026.5.15,2,0,0,0,8
2452983,search ad,naver,파워링크,PC,01.신차,신차장기렌트견적,,/creatives/GNA/GNA/.PNG,PC,2026.5.19,2,0,0,0,6
2452983,search ad,naver,파워링크,PC,01.신차,신차장기렌트견적,,/creatives/GNA/GNA/.PNG,PC,2026.5.20,1,0,0,0,2
2452983,search ad,naver,파워링크,PC,01.신차,신차장기렌트견적비교,,/creatives/GNA/GNA/.PNG,PC,2026.5.20,1,0,0,0,2
2452983,search ad,naver,파워링크,PC,01.신차,신차장기렌트비교,,/creatives/GNA/GNA/.PNG,PC,2026.5.15,3,0,0,0,7.7
2452983,search ad,naver,파워링크,PC,01.신차,신차장기렌트비교,,/creatives/GNA/GNA/.PNG,PC,2026.5.16,1,1,5316,0,2
2452983,search ad,naver,파워링크,PC,01.신차,신차장기렌트비교,,/creatives/GNA/GNA/.PNG,PC,2026.5.20,1,0,0,0,2
2452983,search ad,naver,파워링크,PC,01.신차,신차장기렌트업체,,/creatives/GNA/GNA/.PNG,PC,2026.5.14,2,0,0,0,3
2452983,search ad,naver,파워링크,PC,01.신차,신차장기렌트업체,,/creatives/GNA/GNA/.PNG,PC,2026.5.20,1,0,0,0,1
2452983,search ad,naver,파워링크,PC,01.신차,신차장기렌트인수,,/creatives/GNA/GNA/.PNG,PC,2026.5.18,1,0,0,0,5
2452983,search ad,naver,파워링크,PC,01.신차,신차장기렌트카가격비교,,/creatives/GNA/GNA/.PNG,PC,2026.5.16,2,0,0,0,1.5
2452983,search ad,naver,파워링크,PC,01.신차,신차장기렌트카가격비교,,/creatives/GNA/GNA/.PNG,PC,2026.5.18,2,0,0,0,4
2452983,search ad,naver,파워링크,PC,01.신차,신차장기렌트카가격비교,,/creatives/GNA/GNA/.PNG,PC,2026.5.20,7,0,0,0,5.1
2452983,search ad,naver,파워링크,PC,01.신차,신차장기렌트카가격비교,,/creatives/GNA/GNA/.PNG,PC,2026.5.21,2,0,0,0,7
2452983,search ad,naver,파워링크,PC,01.신차,신차장기렌트카견적,,/creatives/GNA/GNA/.PNG,PC,2026.5.14,1,0,0,0,4
2452983,search ad,naver,파워링크,PC,01.신차,신차장기렌트카견적,,/creatives/GNA/GNA/.PNG,PC,2026.5.15,3,0,0,0,7
2452983,search ad,naver,파워링크,PC,01.신차,신차장기렌트카견적,,/creatives/GNA/GNA/.PNG,PC,2026.5.16,1,0,0,0,2
2452983,search ad,naver,파워링크,PC,01.신차,신차장기렌트카견적,,/creatives/GNA/GNA/.PNG,PC,2026.5.20,2,0,0,0,5
2452983,search ad,naver,파워링크,PC,01.신차,신차장기렌트카견적,,/creatives/GNA/GNA/.PNG,PC,2026.5.21,1,0,0,0,8
2452983,search ad,naver,파워링크,PC,01.신차,신차장기렌트카견적비교,,/creatives/GNA/GNA/.PNG,PC,2026.5.15,7,0,0,0,4.9
2452983,search ad,naver,파워링크,PC,01.신차,신차장기렌트카견적비교,,/creatives/GNA/GNA/.PNG,PC,2026.5.16,4,0,0,0,2.5
2452983,search ad,naver,파워링크,PC,01.신차,신차장기렌트카견적비교,,/creatives/GNA/GNA/.PNG,PC,2026.5.18,21,0,0,0,6.9
2452983,search ad,naver,파워링크,PC,01.신차,신차장기렌트카견적비교,,/creatives/GNA/GNA/.PNG,PC,2026.5.19,8,0,0,0,9.3
2452983,search ad,naver,파워링크,PC,01.신차,신차장기렌트카견적비교,,/creatives/GNA/GNA/.PNG,PC,2026.5.20,3,0,0,0,3.7
2452983,search ad,naver,파워링크,PC,01.신차,신차장기렌트카견적비교,,/creatives/GNA/GNA/.PNG,PC,2026.5.21,2,1,10364,0,9
2452983,search ad,naver,파워링크,PC,01.신차,신차장기렌트카단점,,/creatives/GNA/GNA/.PNG,PC,2026.5.18,4,0,0,0,3.3
2452983,search ad,naver,파워링크,PC,01.신차,신차장기렌트카단점,,/creatives/GNA/GNA/.PNG,PC,2026.5.20,1,0,0,0,2
2452983,search ad,naver,파워링크,PC,01.신차,신차장기렌트카단점,,/creatives/GNA/GNA/.PNG,PC,2026.5.21,1,0,0,0,3
2452983,search ad,naver,파워링크,PC,01.신차,신차장기렌트카비교,,/creatives/GNA/GNA/.PNG,PC,2026.5.20,1,0,0,0,2
2452983,search ad,naver,파워링크,PC,01.신차,신차장기렌트카업체,,/creatives/GNA/GNA/.PNG,PC,2026.5.20,1,0,0,0,2
2452983,search ad,naver,파워링크,PC,01.신차,신차장기렌트카인수,,/creatives/GNA/GNA/.PNG,PC,2026.5.18,1,0,0,0,4
2452983,search ad,naver,파워링크,PC,01.신차,신차장기렌트카추천,,/creatives/GNA/GNA/.PNG,PC,2026.5.16,2,0,0,0,2
2452983,search ad,naver,파워링크,PC,01.신차,신차장기렌트카추천,,/creatives/GNA/GNA/.PNG,PC,2026.5.19,2,0,0,0,4.5
2452983,search ad,naver,파워링크,PC,01.신차,신차장기렌트카추천,,/creatives/GNA/GNA/.PNG,PC,2026.5.20,1,0,0,0,1
2452983,search ad,naver,파워링크,PC,01.신차,신차장기렌트카추천,,/creatives/GNA/GNA/.PNG,PC,2026.5.21,1,0,0,0,6
2452983,search ad,naver,파워링크,PC,01.신차,신차프로모션,,/creatives/GNA/GNA/.PNG,PC,2026.5.14,1,0,0,0,4
2452983,search ad,naver,파워링크,PC,01.신차,신차프로모션,,/creatives/GNA/GNA/.PNG,PC,2026.5.16,3,0,0,0,2
2452983,search ad,naver,파워링크,PC,01.신차,신차프로모션,,/creatives/GNA/GNA/.PNG,PC,2026.5.18,38,0,0,0,2.9
2452983,search ad,naver,파워링크,PC,01.신차,신차프로모션,,/creatives/GNA/GNA/.PNG,PC,2026.5.19,4,0,0,0,2.3
2452983,search ad,naver,파워링크,PC,01.신차,신차프로모션,,/creatives/GNA/GNA/.PNG,PC,2026.5.20,4,0,0,0,2.3
2452983,search ad,naver,파워링크,PC,01.신차,신차프로모션,,/creatives/GNA/GNA/.PNG,PC,2026.5.21,10,0,0,0,2.3
2452983,search ad,naver,파워링크,PC,01.신차,장기렌트신차,,/creatives/GNA/GNA/.PNG,PC,2026.5.18,2,0,0,0,4
2452983,search ad,naver,파워링크,PC,01.신차,장기렌트신차,,/creatives/GNA/GNA/.PNG,PC,2026.5.20,2,0,0,0,2
2452983,search ad,naver,파워링크,PC,01.신차,장기렌트신차,,/creatives/GNA/GNA/.PNG,PC,2026.5.21,1,0,0,0,2
2452983,search ad,naver,파워링크,PC,01.신차,장기신차렌트,,/creatives/GNA/GNA/.PNG,PC,2026.5.21,1,0,0,0,9
2452983,search ad,naver,파워링크,PC,01.신차,장기신차렌트카,,/creatives/GNA/GNA/.PNG,PC,2026.5.15,1,0,0,0,7
2452983,search ad,naver,파워링크,PC,01.신차,장기신차렌트카,,/creatives/GNA/GNA/.PNG,PC,2026.5.20,4,0,0,0,4.8
2452983,search ad,naver,파워링크,PC,01.신차,장기신차렌트카,,/creatives/GNA/GNA/.PNG,PC,2026.5.21,1,0,0,0,3
2452983,search ad,naver,파워링크,PC,02.차종,-,,/creatives/GNA/GNA/.PNG,PC,2026.5.16,76,0,0,0,16.4
2452983,search ad,naver,파워링크,PC,02.차종,-,,/creatives/GNA/GNA/.PNG,PC,2026.5.18,200,0,0,0,17.5
2452983,search ad,naver,파워링크,PC,02.차종,-,,/creatives/GNA/GNA/.PNG,PC,2026.5.19,187,0,0,0,8.6
2452983,search ad,naver,파워링크,PC,02.차종,-,,/creatives/GNA/GNA/.PNG,PC,2026.5.20,182,0,0,0,6.2
2452983,search ad,naver,파워링크,PC,02.차종,-,,/creatives/GNA/GNA/.PNG,PC,2026.5.21,188,0,0,0,7.8
2452983,search ad,naver,파워링크,PC,02.차종,G70,,/creatives/GNA/GNA/.PNG,PC,2026.5.14,184,0,0,0,1.8
2452983,search ad,naver,파워링크,PC,02.차종,G70,,/creatives/GNA/GNA/.PNG,PC,2026.5.15,417,0,0,0,2.1
2452983,search ad,naver,파워링크,PC,02.차종,G70,,/creatives/GNA/GNA/.PNG,PC,2026.5.16,443,0,0,0,1
2452983,search ad,naver,파워링크,PC,02.차종,G70,,/creatives/GNA/GNA/.PNG,PC,2026.5.18,509,0,0,0,2.3
2452983,search ad,naver,파워링크,PC,02.차종,G70,,/creatives/GNA/GNA/.PNG,PC,2026.5.19,549,0,0,0,2.4
2452983,search ad,naver,파워링크,PC,02.차종,G70,,/creatives/GNA/GNA/.PNG,PC,2026.5.20,575,0,0,0,2.1
2452983,search ad,naver,파워링크,PC,02.차종,G70,,/creatives/GNA/GNA/.PNG,PC,2026.5.21,854,0,0,0,2.4
2452983,search ad,naver,파워링크,PC,02.차종,G70슈팅브레이크,,/creatives/GNA/GNA/.PNG,PC,2026.5.14,12,0,0,0,2.6
2452983,search ad,naver,파워링크,PC,02.차종,G70슈팅브레이크,,/creatives/GNA/GNA/.PNG,PC,2026.5.15,27,0,0,0,3.7
2452983,search ad,naver,파워링크,PC,02.차종,G70슈팅브레이크,,/creatives/GNA/GNA/.PNG,PC,2026.5.16,19,0,0,0,2.9
2452983,search ad,naver,파워링크,PC,02.차종,G70슈팅브레이크,,/creatives/GNA/GNA/.PNG,PC,2026.5.18,43,0,0,0,3.6
2452983,search ad,naver,파워링크,PC,02.차종,G70슈팅브레이크,,/creatives/GNA/GNA/.PNG,PC,2026.5.19,41,0,0,0,4.5
2452983,search ad,naver,파워링크,PC,02.차종,G70슈팅브레이크,,/creatives/GNA/GNA/.PNG,PC,2026.5.20,88,0,0,0,3.4
2452983,search ad,naver,파워링크,PC,02.차종,G70슈팅브레이크,,/creatives/GNA/GNA/.PNG,PC,2026.5.21,81,0,0,0,1.2
2452983,search ad,naver,파워링크,PC,02.차종,G80,,/creatives/GNA/GNA/.PNG,PC,2026.5.14,458,0,0,0,1.8
2452983,search ad,naver,파워링크,PC,02.차종,G80,,/creatives/GNA/GNA/.PNG,PC,2026.5.15,994,0,0,0,2.2
2452983,search ad,naver,파워링크,PC,02.차종,G80,,/creatives/GNA/GNA/.PNG,PC,2026.5.16,666,0,0,0,1
2452983,search ad,naver,파워링크,PC,02.차종,G80,,/creatives/GNA/GNA/.PNG,PC,2026.5.18,1575,0,0,0,2.2
2452983,search ad,naver,파워링크,PC,02.차종,G80,,/creatives/GNA/GNA/.PNG,PC,2026.5.19,1296,0,0,0,2.5
2452983,search ad,naver,파워링크,PC,02.차종,G80,,/creatives/GNA/GNA/.PNG,PC,2026.5.20,1412,1,2466,0,3.1
2452983,search ad,naver,파워링크,PC,02.차종,G80,,/creatives/GNA/GNA/.PNG,PC,2026.5.21,1115,0,0,0,3.9
2452983,search ad,naver,파워링크,PC,02.차종,G80BLACK,,/creatives/GNA/GNA/.PNG,PC,2026.5.14,3,0,0,0,2.7
2452983,search ad,naver,파워링크,PC,02.차종,G80BLACK,,/creatives/GNA/GNA/.PNG,PC,2026.5.15,22,0,0,0,2.9
2452983,search ad,naver,파워링크,PC,02.차종,G80BLACK,,/creatives/GNA/GNA/.PNG,PC,2026.5.16,5,0,0,0,2.2
2452983,search ad,naver,파워링크,PC,02.차종,G80BLACK,,/creatives/GNA/GNA/.PNG,PC,2026.5.18,26,0,0,0,3.3
2452983,search ad,naver,파워링크,PC,02.차종,G80BLACK,,/creatives/GNA/GNA/.PNG,PC,2026.5.19,22,0,0,0,3.6
2452983,search ad,naver,파워링크,PC,02.차종,G80BLACK,,/creatives/GNA/GNA/.PNG,PC,2026.5.20,21,0,0,0,3.1
2452983,search ad,naver,파워링크,PC,02.차종,G80BLACK,,/creatives/GNA/GNA/.PNG,PC,2026.5.21,16,0,0,0,3.4
2452983,search ad,naver,파워링크,PC,02.차종,G90,,/creatives/GNA/GNA/.PNG,PC,2026.5.14,123,0,0,0,2
2452983,search ad,naver,파워링크,PC,02.차종,G90,,/creatives/GNA/GNA/.PNG,PC,2026.5.15,341,0,0,0,2.3
2452983,search ad,naver,파워링크,PC,02.차종,G90,,/creatives/GNA/GNA/.PNG,PC,2026.5.16,243,0,0,0,1.1
2452983,search ad,naver,파워링크,PC,02.차종,G90,,/creatives/GNA/GNA/.PNG,PC,2026.5.18,506,0,0,0,2.3
2452983,search ad,naver,파워링크,PC,02.차종,G90,,/creatives/GNA/GNA/.PNG,PC,2026.5.19,531,0,0,0,2.5
2452983,search ad,naver,파워링크,PC,02.차종,G90,,/creatives/GNA/GNA/.PNG,PC,2026.5.20,522,0,0,0,2.6
2452983,search ad,naver,파워링크,PC,02.차종,G90,,/creatives/GNA/GNA/.PNG,PC,2026.5.21,531,1,2773,0,2.6
2452983,search ad,naver,파워링크,PC,02.차종,G90BLACK,,/creatives/GNA/GNA/.PNG,PC,2026.5.14,1,0,0,0,2
2452983,search ad,naver,파워링크,PC,02.차종,G90BLACK,,/creatives/GNA/GNA/.PNG,PC,2026.5.15,2,0,0,0,3
2452983,search ad,naver,파워링크,PC,02.차종,G90BLACK,,/creatives/GNA/GNA/.PNG,PC,2026.5.16,8,0,0,0,1.6
2452983,search ad,naver,파워링크,PC,02.차종,G90BLACK,,/creatives/GNA/GNA/.PNG,PC,2026.5.18,7,0,0,0,2.7
2452983,search ad,naver,파워링크,PC,02.차종,G90BLACK,,/creatives/GNA/GNA/.PNG,PC,2026.5.19,10,0,0,0,2.7
2452983,search ad,naver,파워링크,PC,02.차종,G90BLACK,,/creatives/GNA/GNA/.PNG,PC,2026.5.20,9,0,0,0,1.3
2452983,search ad,naver,파워링크,PC,02.차종,G90BLACK,,/creatives/GNA/GNA/.PNG,PC,2026.5.21,7,0,0,0,1.3
2452983,search ad,naver,파워링크,PC,02.차종,GV70,,/creatives/GNA/GNA/.PNG,PC,2026.5.14,495,0,0,0,2
2452983,search ad,naver,파워링크,PC,02.차종,GV70,,/creatives/GNA/GNA/.PNG,PC,2026.5.15,1358,0,0,0,2
2452983,search ad,naver,파워링크,PC,02.차종,GV70,,/creatives/GNA/GNA/.PNG,PC,2026.5.16,794,0,0,0,1
2452983,search ad,naver,파워링크,PC,02.차종,GV70,,/creatives/GNA/GNA/.PNG,PC,2026.5.18,1897,0,0,0,2.2
2452983,search ad,naver,파워링크,PC,02.차종,GV70,,/creatives/GNA/GNA/.PNG,PC,2026.5.19,1955,0,0,0,2.4
2452983,search ad,naver,파워링크,PC,02.차종,GV70,,/creatives/GNA/GNA/.PNG,PC,2026.5.20,1897,1,3555,0,2.9
2452983,search ad,naver,파워링크,PC,02.차종,GV70,,/creatives/GNA/GNA/.PNG,PC,2026.5.21,1592,0,0,0,3
2452983,search ad,naver,파워링크,PC,02.차종,GV80,,/creatives/GNA/GNA/.PNG,PC,2026.5.14,514,1,2242,0,2
2452983,search ad,naver,파워링크,PC,02.차종,GV80,,/creatives/GNA/GNA/.PNG,PC,2026.5.15,1046,1,2360,2,2.3
2452983,search ad,naver,파워링크,PC,02.차종,GV80,,/creatives/GNA/GNA/.PNG,PC,2026.5.16,692,0,0,0,1
2452983,search ad,naver,파워링크,PC,02.차종,GV80,,/creatives/GNA/GNA/.PNG,PC,2026.5.18,1841,1,2395,0,2.3
2452983,search ad,naver,파워링크,PC,02.차종,GV80,,/creatives/GNA/GNA/.PNG,PC,2026.5.19,1655,0,0,0,2.6
2452983,search ad,naver,파워링크,PC,02.차종,GV80,,/creatives/GNA/GNA/.PNG,PC,2026.5.20,1504,0,0,0,3.3
2452983,search ad,naver,파워링크,PC,02.차종,GV80,,/creatives/GNA/GNA/.PNG,PC,2026.5.21,1358,0,0,0,2.6
2452983,search ad,naver,파워링크,PC,02.차종,GV80BLACK,,/creatives/GNA/GNA/.PNG,PC,2026.5.14,14,0,0,0,4.5
2452983,search ad,naver,파워링크,PC,02.차종,GV80BLACK,,/creatives/GNA/GNA/.PNG,PC,2026.5.15,13,0,0,0,4.5
2452983,search ad,naver,파워링크,PC,02.차종,GV80BLACK,,/creatives/GNA/GNA/.PNG,PC,2026.5.16,6,0,0,0,2.3
2452983,search ad,naver,파워링크,PC,02.차종,GV80BLACK,,/creatives/GNA/GNA/.PNG,PC,2026.5.18,19,0,0,0,3.9
2452983,search ad,naver,파워링크,PC,02.차종,GV80BLACK,,/creatives/GNA/GNA/.PNG,PC,2026.5.19,14,0,0,0,4.4
2452983,search ad,naver,파워링크,PC,02.차종,GV80BLACK,,/creatives/GNA/GNA/.PNG,PC,2026.5.20,30,0,0,0,4.7
2452983,search ad,naver,파워링크,PC,02.차종,GV80BLACK,,/creatives/GNA/GNA/.PNG,PC,2026.5.21,22,0,0,0,3.1
2452983,search ad,naver,파워링크,PC,02.차종,GV80COUPE,,/creatives/GNA/GNA/.PNG,PC,2026.5.14,30,0,0,0,4.3
2452983,search ad,naver,파워링크,PC,02.차종,GV80COUPE,,/creatives/GNA/GNA/.PNG,PC,2026.5.15,69,0,0,0,5.7
2452983,search ad,naver,파워링크,PC,02.차종,GV80COUPE,,/creatives/GNA/GNA/.PNG,PC,2026.5.16,40,0,0,0,3.1
2452983,search ad,naver,파워링크,PC,02.차종,GV80COUPE,,/creatives/GNA/GNA/.PNG,PC,2026.5.18,164,0,0,0,3.7
2452983,search ad,naver,파워링크,PC,02.차종,GV80COUPE,,/creatives/GNA/GNA/.PNG,PC,2026.5.19,136,0,0,0,5.4
2452983,search ad,naver,파워링크,PC,02.차종,GV80COUPE,,/creatives/GNA/GNA/.PNG,PC,2026.5.20,120,0,0,0,5.8
2452983,search ad,naver,파워링크,PC,02.차종,GV80COUPE,,/creatives/GNA/GNA/.PNG,PC,2026.5.21,96,0,0,0,4.8
2452983,search ad,naver,파워링크,PC,02.차종,GV80COUPEBLACK,,/creatives/GNA/GNA/.PNG,PC,2026.5.16,1,0,0,0,3
2452983,search ad,naver,파워링크,PC,02.차종,GV80COUPEBLACK,,/creatives/GNA/GNA/.PNG,PC,2026.5.18,2,0,0,0,4.5
2452983,search ad,naver,파워링크,PC,02.차종,GV80COUPEBLACK,,/creatives/GNA/GNA/.PNG,PC,2026.5.19,2,0,0,0,6.5
2452983,search ad,naver,파워링크,PC,02.차종,GV80COUPEBLACK,,/creatives/GNA/GNA/.PNG,PC,2026.5.20,6,0,0,0,5.5
2452983,search ad,naver,파워링크,PC,02.차종,GV80COUPEBLACK,,/creatives/GNA/GNA/.PNG,PC,2026.5.21,1,0,0,0,7
2452983,search ad,naver,파워링크,PC,02.차종,K5,,/creatives/GNA/GNA/.PNG,PC,2026.5.14,260,0,0,0,2.1
2452983,search ad,naver,파워링크,PC,02.차종,K5,,/creatives/GNA/GNA/.PNG,PC,2026.5.15,641,0,0,0,2
2452983,search ad,naver,파워링크,PC,02.차종,K5,,/creatives/GNA/GNA/.PNG,PC,2026.5.16,541,0,0,0,1.6
2452983,search ad,naver,파워링크,PC,02.차종,K5,,/creatives/GNA/GNA/.PNG,PC,2026.5.18,1011,0,0,0,1.9
2452983,search ad,naver,파워링크,PC,02.차종,K5,,/creatives/GNA/GNA/.PNG,PC,2026.5.19,1062,0,0,0,2.1
2452983,search ad,naver,파워링크,PC,02.차종,K5,,/creatives/GNA/GNA/.PNG,PC,2026.5.20,976,0,0,0,2.6
2452983,search ad,naver,파워링크,PC,02.차종,K5,,/creatives/GNA/GNA/.PNG,PC,2026.5.21,830,0,0,0,2.7
2452983,search ad,naver,파워링크,PC,02.차종,K9,,/creatives/GNA/GNA/.PNG,PC,2026.5.14,139,0,0,0,2.1
2452983,search ad,naver,파워링크,PC,02.차종,K9,,/creatives/GNA/GNA/.PNG,PC,2026.5.15,267,0,0,0,2.6
2452983,search ad,naver,파워링크,PC,02.차종,K9,,/creatives/GNA/GNA/.PNG,PC,2026.5.16,226,0,0,0,1.6
2452983,search ad,naver,파워링크,PC,02.차종,K9,,/creatives/GNA/GNA/.PNG,PC,2026.5.18,420,0,0,0,1.9
2452983,search ad,naver,파워링크,PC,02.차종,K9,,/creatives/GNA/GNA/.PNG,PC,2026.5.19,356,0,0,0,1.9
2452983,search ad,naver,파워링크,PC,02.차종,K9,,/creatives/GNA/GNA/.PNG,PC,2026.5.20,453,0,0,0,1.9
2452983,search ad,naver,파워링크,PC,02.차종,K9,,/creatives/GNA/GNA/.PNG,PC,2026.5.21,457,0,0,0,1.9
2452983,search ad,naver,파워링크,PC,02.차종,QM6,,/creatives/GNA/GNA/.PNG,PC,2026.5.14,104,0,0,0,2
2452983,search ad,naver,파워링크,PC,02.차종,QM6,,/creatives/GNA/GNA/.PNG,PC,2026.5.15,233,0,0,0,2.6
2452983,search ad,naver,파워링크,PC,02.차종,QM6,,/creatives/GNA/GNA/.PNG,PC,2026.5.16,149,0,0,0,1.5
2452983,search ad,naver,파워링크,PC,02.차종,QM6,,/creatives/GNA/GNA/.PNG,PC,2026.5.18,418,0,0,0,1.9
2452983,search ad,naver,파워링크,PC,02.차종,QM6,,/creatives/GNA/GNA/.PNG,PC,2026.5.19,370,0,0,0,1.9
2452983,search ad,naver,파워링크,PC,02.차종,QM6,,/creatives/GNA/GNA/.PNG,PC,2026.5.20,399,1,2242,0,1.9
2452983,search ad,naver,파워링크,PC,02.차종,QM6,,/creatives/GNA/GNA/.PNG,PC,2026.5.21,339,0,0,0,1.9
2452983,search ad,naver,파워링크,PC,02.차종,SM6,,/creatives/GNA/GNA/.PNG,PC,2026.5.14,50,0,0,0,3.4
2452983,search ad,naver,파워링크,PC,02.차종,SM6,,/creatives/GNA/GNA/.PNG,PC,2026.5.15,120,1,1925,0,3.7
2452983,search ad,naver,파워링크,PC,02.차종,SM6,,/creatives/GNA/GNA/.PNG,PC,2026.5.16,89,0,0,0,2.6
2452983,search ad,naver,파워링크,PC,02.차종,SM6,,/creatives/GNA/GNA/.PNG,PC,2026.5.18,217,0,0,0,2.6
2452983,search ad,naver,파워링크,PC,02.차종,SM6,,/creatives/GNA/GNA/.PNG,PC,2026.5.19,171,0,0,0,2.9
2452983,search ad,naver,파워링크,PC,02.차종,SM6,,/creatives/GNA/GNA/.PNG,PC,2026.5.20,194,0,0,0,2.6
2452983,search ad,naver,파워링크,PC,02.차종,SM6,,/creatives/GNA/GNA/.PNG,PC,2026.5.21,146,0,0,0,1.1
2452983,search ad,naver,파워링크,PC,02.차종,그랑콜레오스,,/creatives/GNA/GNA/.PNG,PC,2026.5.14,255,0,0,0,2.9
2452983,search ad,naver,파워링크,PC,02.차종,그랑콜레오스,,/creatives/GNA/GNA/.PNG,PC,2026.5.15,501,1,11206,0,3
2452983,search ad,naver,파워링크,PC,02.차종,그랑콜레오스,,/creatives/GNA/GNA/.PNG,PC,2026.5.16,442,0,0,0,3
2452983,search ad,naver,파워링크,PC,02.차종,그랑콜레오스,,/creatives/GNA/GNA/.PNG,PC,2026.5.18,821,0,0,0,2.9
2452983,search ad,naver,파워링크,PC,02.차종,그랑콜레오스,,/creatives/GNA/GNA/.PNG,PC,2026.5.19,779,0,0,0,3
2452983,search ad,naver,파워링크,PC,02.차종,그랑콜레오스,,/creatives/GNA/GNA/.PNG,PC,2026.5.20,865,0,0,0,2.4
2452983,search ad,naver,파워링크,PC,02.차종,그랑콜레오스,,/creatives/GNA/GNA/.PNG,PC,2026.5.21,660,0,0,0,3.7
2452983,search ad,naver,파워링크,PC,02.차종,그랜저,,/creatives/GNA/GNA/.PNG,PC,2026.5.14,5042,0,0,0,1.6
2452983,search ad,naver,파워링크,PC,02.차종,그랜저,,/creatives/GNA/GNA/.PNG,PC,2026.5.15,5809,0,0,0,1.9
2452983,search ad,naver,파워링크,PC,02.차종,그랜저,,/creatives/GNA/GNA/.PNG,PC,2026.5.16,4793,1,3072,0,1.3
2452983,search ad,naver,파워링크,PC,02.차종,그랜저,,/creatives/GNA/GNA/.PNG,PC,2026.5.18,7452,1,2227,0,2.5
2452983,search ad,naver,파워링크,PC,02.차종,그랜저,,/creatives/GNA/GNA/.PNG,PC,2026.5.19,5634,0,0,0,3.4
2452983,search ad,naver,파워링크,PC,02.차종,그랜저,,/creatives/GNA/GNA/.PNG,PC,2026.5.20,5641,0,0,0,3.4
2452983,search ad,naver,파워링크,PC,02.차종,그랜저,,/creatives/GNA/GNA/.PNG,PC,2026.5.21,4446,1,3068,0,3.4
2452983,search ad,naver,파워링크,PC,02.차종,더뉴니로,,/creatives/GNA/GNA/.PNG,PC,2026.5.14,8,0,0,0,2.8
2452983,search ad,naver,파워링크,PC,02.차종,더뉴니로,,/creatives/GNA/GNA/.PNG,PC,2026.5.15,9,0,0,0,2.7
2452983,search ad,naver,파워링크,PC,02.차종,더뉴니로,,/creatives/GNA/GNA/.PNG,PC,2026.5.16,15,0,0,0,2
2452983,search ad,naver,파워링크,PC,02.차종,더뉴니로,,/creatives/GNA/GNA/.PNG,PC,2026.5.18,36,0,0,0,2
2452983,search ad,naver,파워링크,PC,02.차종,더뉴니로,,/creatives/GNA/GNA/.PNG,PC,2026.5.19,27,0,0,0,2.4
2452983,search ad,naver,파워링크,PC,02.차종,더뉴니로,,/creatives/GNA/GNA/.PNG,PC,2026.5.20,31,0,0,0,2.3
2452983,search ad,naver,파워링크,PC,02.차종,더뉴니로,,/creatives/GNA/GNA/.PNG,PC,2026.5.21,29,0,0,0,1.3
2452983,search ad,naver,파워링크,PC,02.차종,더뉴스타리아,,/creatives/GNA/GNA/.PNG,PC,2026.5.14,4,0,0,0,1
2452983,search ad,naver,파워링크,PC,02.차종,더뉴스타리아,,/creatives/GNA/GNA/.PNG,PC,2026.5.15,6,0,0,0,2.2
2452983,search ad,naver,파워링크,PC,02.차종,더뉴스타리아,,/creatives/GNA/GNA/.PNG,PC,2026.5.16,5,0,0,0,1.6
2452983,search ad,naver,파워링크,PC,02.차종,더뉴스타리아,,/creatives/GNA/GNA/.PNG,PC,2026.5.18,11,0,0,0,2.5
2452983,search ad,naver,파워링크,PC,02.차종,더뉴스타리아,,/creatives/GNA/GNA/.PNG,PC,2026.5.19,13,0,0,0,2.7
2452983,search ad,naver,파워링크,PC,02.차종,더뉴스타리아,,/creatives/GNA/GNA/.PNG,PC,2026.5.20,14,0,0,0,2.1
2452983,search ad,naver,파워링크,PC,02.차종,더뉴스타리아,,/creatives/GNA/GNA/.PNG,PC,2026.5.21,6,0,0,0,2.8
2452983,search ad,naver,파워링크,PC,02.차종,더뉴아반떼,,/creatives/GNA/GNA/.PNG,PC,2026.5.14,13,0,0,0,1.4
2452983,search ad,naver,파워링크,PC,02.차종,더뉴아반떼,,/creatives/GNA/GNA/.PNG,PC,2026.5.15,32,0,0,0,3.6
2452983,search ad,naver,파워링크,PC,02.차종,더뉴아반떼,,/creatives/GNA/GNA/.PNG,PC,2026.5.16,16,0,0,0,2.3
2452983,search ad,naver,파워링크,PC,02.차종,더뉴아반떼,,/creatives/GNA/GNA/.PNG,PC,2026.5.18,57,0,0,0,2.8
2452983,search ad,naver,파워링크,PC,02.차종,더뉴아반떼,,/creatives/GNA/GNA/.PNG,PC,2026.5.19,50,0,0,0,4.3
2452983,search ad,naver,파워링크,PC,02.차종,더뉴아반떼,,/creatives/GNA/GNA/.PNG,PC,2026.5.20,45,0,0,0,3.8
2452983,search ad,naver,파워링크,PC,02.차종,더뉴아반떼,,/creatives/GNA/GNA/.PNG,PC,2026.5.21,36,0,0,0,1.8
2452983,search ad,naver,파워링크,PC,02.차종,더뉴아반떼N,,/creatives/GNA/GNA/.PNG,PC,2026.5.15,2,0,0,0,2
2452983,search ad,naver,파워링크,PC,02.차종,더뉴아반떼N,,/creatives/GNA/GNA/.PNG,PC,2026.5.16,1,0,0,0,2
2452983,search ad,naver,파워링크,PC,02.차종,더뉴아반떼N,,/creatives/GNA/GNA/.PNG,PC,2026.5.18,1,0,0,0,3
2452983,search ad,naver,파워링크,PC,02.차종,더뉴아반떼N,,/creatives/GNA/GNA/.PNG,PC,2026.5.19,1,0,0,0,3
2452983,search ad,naver,파워링크,PC,02.차종,더뉴아반떼N,,/creatives/GNA/GNA/.PNG,PC,2026.5.21,1,0,0,0,3
2452983,search ad,naver,파워링크,PC,02.차종,더뉴캐스퍼,,/creatives/GNA/GNA/.PNG,PC,2026.5.14,7,0,0,0,2.9
2452983,search ad,naver,파워링크,PC,02.차종,더뉴캐스퍼,,/creatives/GNA/GNA/.PNG,PC,2026.5.15,11,0,0,0,3.9
2452983,search ad,naver,파워링크,PC,02.차종,더뉴캐스퍼,,/creatives/GNA/GNA/.PNG,PC,2026.5.16,3,0,0,0,2.7
2452983,search ad,naver,파워링크,PC,02.차종,더뉴캐스퍼,,/creatives/GNA/GNA/.PNG,PC,2026.5.18,17,0,0,0,2.9
2452983,search ad,naver,파워링크,PC,02.차종,더뉴캐스퍼,,/creatives/GNA/GNA/.PNG,PC,2026.5.19,11,0,0,0,3.5
2452983,search ad,naver,파워링크,PC,02.차종,더뉴캐스퍼,,/creatives/GNA/GNA/.PNG,PC,2026.5.20,22,0,0,0,3
2452983,search ad,naver,파워링크,PC,02.차종,더뉴캐스퍼,,/creatives/GNA/GNA/.PNG,PC,2026.5.21,12,0,0,0,1.9
2452983,search ad,naver,파워링크,PC,02.차종,더뉴토레스,,/creatives/GNA/GNA/.PNG,PC,2026.5.14,3,0,0,0,2.7
2452983,search ad,naver,파워링크,PC,02.차종,더뉴토레스,,/creatives/GNA/GNA/.PNG,PC,2026.5.15,5,0,0,0,2.6
2452983,search ad,naver,파워링크,PC,02.차종,더뉴토레스,,/creatives/GNA/GNA/.PNG,PC,2026.5.16,1,0,0,0,2
2452983,search ad,naver,파워링크,PC,02.차종,더뉴토레스,,/creatives/GNA/GNA/.PNG,PC,2026.5.18,13,0,0,0,2.2
2452983,search ad,naver,파워링크,PC,02.차종,더뉴토레스,,/creatives/GNA/GNA/.PNG,PC,2026.5.19,8,0,0,0,2.6
2452983,search ad,naver,파워링크,PC,02.차종,더뉴토레스,,/creatives/GNA/GNA/.PNG,PC,2026.5.20,165,0,0,0,2.6
2452983,search ad,naver,파워링크,PC,02.차종,더뉴토레스,,/creatives/GNA/GNA/.PNG,PC,2026.5.21,62,0,0,0,1.1
2452983,search ad,naver,파워링크,PC,02.차종,더뉴투싼,,/creatives/GNA/GNA/.PNG,PC,2026.5.14,11,0,0,0,2.6
2452983,search ad,naver,파워링크,PC,02.차종,더뉴투싼,,/creatives/GNA/GNA/.PNG,PC,2026.5.15,8,0,0,0,3.5
2452983,search ad,naver,파워링크,PC,02.차종,더뉴투싼,,/creatives/GNA/GNA/.PNG,PC,2026.5.16,14,0,0,0,2.9
2452983,search ad,naver,파워링크,PC,02.차종,더뉴투싼,,/creatives/GNA/GNA/.PNG,PC,2026.5.18,22,0,0,0,3.5
2452983,search ad,naver,파워링크,PC,02.차종,더뉴투싼,,/creatives/GNA/GNA/.PNG,PC,2026.5.19,28,0,0,0,3.1
2452983,search ad,naver,파워링크,PC,02.차종,더뉴투싼,,/creatives/GNA/GNA/.PNG,PC,2026.5.20,21,0,0,0,3
2452983,search ad,naver,파워링크,PC,02.차종,더뉴투싼,,/creatives/GNA/GNA/.PNG,PC,2026.5.21,14,0,0,0,2.9
2452983,search ad,naver,파워링크,PC,02.차종,디올뉴그랜저,,/creatives/GNA/GNA/.PNG,PC,2026.5.14,26,0,0,0,2.2
2452983,search ad,naver,파워링크,PC,02.차종,디올뉴그랜저,,/creatives/GNA/GNA/.PNG,PC,2026.5.15,53,0,0,0,2.5
2452983,search ad,naver,파워링크,PC,02.차종,디올뉴그랜저,,/creatives/GNA/GNA/.PNG,PC,2026.5.16,22,0,0,0,3.1
2452983,search ad,naver,파워링크,PC,02.차종,디올뉴그랜저,,/creatives/GNA/GNA/.PNG,PC,2026.5.18,81,0,0,0,3.5
2452983,search ad,naver,파워링크,PC,02.차종,디올뉴그랜저,,/creatives/GNA/GNA/.PNG,PC,2026.5.19,51,0,0,0,3.7
2452983,search ad,naver,파워링크,PC,02.차종,디올뉴그랜저,,/creatives/GNA/GNA/.PNG,PC,2026.5.20,63,0,0,0,3.7
2452983,search ad,naver,파워링크,PC,02.차종,디올뉴그랜저,,/creatives/GNA/GNA/.PNG,PC,2026.5.21,54,0,0,0,1
2452983,search ad,naver,파워링크,PC,02.차종,디올뉴코나,,/creatives/GNA/GNA/.PNG,PC,2026.5.14,13,0,0,0,2
2452983,search ad,naver,파워링크,PC,02.차종,디올뉴코나,,/creatives/GNA/GNA/.PNG,PC,2026.5.15,28,0,0,0,2.4
2452983,search ad,naver,파워링크,PC,02.차종,디올뉴코나,,/creatives/GNA/GNA/.PNG,PC,2026.5.16,26,0,0,0,2.1
2452983,search ad,naver,파워링크,PC,02.차종,디올뉴코나,,/creatives/GNA/GNA/.PNG,PC,2026.5.18,74,0,0,0,2.5
2452983,search ad,naver,파워링크,PC,02.차종,디올뉴코나,,/creatives/GNA/GNA/.PNG,PC,2026.5.19,58,0,0,0,2.7
2452983,search ad,naver,파워링크,PC,02.차종,디올뉴코나,,/creatives/GNA/GNA/.PNG,PC,2026.5.20,52,0,0,0,2.2
2452983,search ad,naver,파워링크,PC,02.차종,디올뉴코나,,/creatives/GNA/GNA/.PNG,PC,2026.5.21,57,0,0,0,1.8
2452983,search ad,naver,파워링크,PC,02.차종,디올뉴팰리세이드,,/creatives/GNA/GNA/.PNG,PC,2026.5.15,38,0,0,0,1.6
2452983,search ad,naver,파워링크,PC,02.차종,디올뉴팰리세이드,,/creatives/GNA/GNA/.PNG,PC,2026.5.16,23,0,0,0,1.6
2452983,search ad,naver,파워링크,PC,02.차종,디올뉴팰리세이드,,/creatives/GNA/GNA/.PNG,PC,2026.5.18,64,0,0,0,1.7
2452983,search ad,naver,파워링크,PC,02.차종,디올뉴팰리세이드,,/creatives/GNA/GNA/.PNG,PC,2026.5.19,51,0,0,0,1.7
2452983,search ad,naver,파워링크,PC,02.차종,디올뉴팰리세이드,,/creatives/GNA/GNA/.PNG,PC,2026.5.20,55,0,0,0,1.4
2452983,search ad,naver,파워링크,PC,02.차종,디올뉴팰리세이드,,/creatives/GNA/GNA/.PNG,PC,2026.5.21,54,0,0,0,1.2
2452983,search ad,naver,파워링크,PC,02.차종,레이,,/creatives/GNA/GNA/.PNG,PC,2026.5.14,491,0,0,0,1.5
2452983,search ad,naver,파워링크,PC,02.차종,레이,,/creatives/GNA/GNA/.PNG,PC,2026.5.15,883,0,0,0,1.9
2452983,search ad,naver,파워링크,PC,02.차종,레이,,/creatives/GNA/GNA/.PNG,PC,2026.5.16,765,0,0,0,1
2452983,search ad,naver,파워링크,PC,02.차종,레이,,/creatives/GNA/GNA/.PNG,PC,2026.5.18,1356,1,3105,0,2.1
2452983,search ad,naver,파워링크,PC,02.차종,레이,,/creatives/GNA/GNA/.PNG,PC,2026.5.19,1283,0,0,0,2.2
2452983,search ad,naver,파워링크,PC,02.차종,레이,,/creatives/GNA/GNA/.PNG,PC,2026.5.20,1258,0,0,0,2
2452983,search ad,naver,파워링크,PC,02.차종,레이,,/creatives/GNA/GNA/.PNG,PC,2026.5.21,1250,0,0,0,2.1
2452983,search ad,naver,파워링크,PC,02.차종,렉스턴,,/creatives/GNA/GNA/.PNG,PC,2026.5.14,47,0,0,0,2.1
2452983,search ad,naver,파워링크,PC,02.차종,렉스턴,,/creatives/GNA/GNA/.PNG,PC,2026.5.15,119,0,0,0,2.6
2452983,search ad,naver,파워링크,PC,02.차종,렉스턴,,/creatives/GNA/GNA/.PNG,PC,2026.5.16,100,0,0,0,1.6
2452983,search ad,naver,파워링크,PC,02.차종,렉스턴,,/creatives/GNA/GNA/.PNG,PC,2026.5.18,231,0,0,0,1.9
2452983,search ad,naver,파워링크,PC,02.차종,렉스턴,,/creatives/GNA/GNA/.PNG,PC,2026.5.19,223,0,0,0,2.8
2452983,search ad,naver,파워링크,PC,02.차종,렉스턴,,/creatives/GNA/GNA/.PNG,PC,2026.5.20,322,1,2746,0,2.6
2452983,search ad,naver,파워링크,PC,02.차종,렉스턴,,/creatives/GNA/GNA/.PNG,PC,2026.5.21,233,0,0,0,1.9
2452983,search ad,naver,파워링크,PC,02.차종,렉스턴뉴아레나,,/creatives/GNA/GNA/.PNG,PC,2026.5.14,6,0,0,0,3
2452983,search ad,naver,파워링크,PC,02.차종,렉스턴뉴아레나,,/creatives/GNA/GNA/.PNG,PC,2026.5.15,19,0,0,0,3.1
2452983,search ad,naver,파워링크,PC,02.차종,렉스턴뉴아레나,,/creatives/GNA/GNA/.PNG,PC,2026.5.16,4,0,0,0,1.8
2452983,search ad,naver,파워링크,PC,02.차종,렉스턴뉴아레나,,/creatives/GNA/GNA/.PNG,PC,2026.5.18,28,0,0,0,3.9
2452983,search ad,naver,파워링크,PC,02.차종,렉스턴뉴아레나,,/creatives/GNA/GNA/.PNG,PC,2026.5.19,24,0,0,0,3.7
2452983,search ad,naver,파워링크,PC,02.차종,렉스턴뉴아레나,,/creatives/GNA/GNA/.PNG,PC,2026.5.20,33,0,0,0,3.6
2452983,search ad,naver,파워링크,PC,02.차종,렉스턴뉴아레나,,/creatives/GNA/GNA/.PNG,PC,2026.5.21,26,0,0,0,1.8
2452983,search ad,naver,파워링크,PC,02.차종,모닝,,/creatives/GNA/GNA/.PNG,PC,2026.5.14,146,0,0,0,1.9
2452983,search ad,naver,파워링크,PC,02.차종,모닝,,/creatives/GNA/GNA/.PNG,PC,2026.5.15,357,0,0,0,2.3
2452983,search ad,naver,파워링크,PC,02.차종,모닝,,/creatives/GNA/GNA/.PNG,PC,2026.5.16,212,0,0,0,1
2452983,search ad,naver,파워링크,PC,02.차종,모닝,,/creatives/GNA/GNA/.PNG,PC,2026.5.18,1037,0,0,0,2.2
2452983,search ad,naver,파워링크,PC,02.차종,모닝,,/creatives/GNA/GNA/.PNG,PC,2026.5.19,765,1,2597,0,2.3
2452983,search ad,naver,파워링크,PC,02.차종,모닝,,/creatives/GNA/GNA/.PNG,PC,2026.5.20,777,0,0,0,2.3
2452983,search ad,naver,파워링크,PC,02.차종,모닝,,/creatives/GNA/GNA/.PNG,PC,2026.5.21,647,0,0,0,2.6
2452983,search ad,naver,파워링크,PC,02.차종,셀토스,,/creatives/GNA/GNA/.PNG,PC,2026.5.14,743,0,0,0,1.8
2452983,search ad,naver,파워링크,PC,02.차종,셀토스,,/creatives/GNA/GNA/.PNG,PC,2026.5.15,1409,0,0,0,2.6
2452983,search ad,naver,파워링크,PC,02.차종,셀토스,,/creatives/GNA/GNA/.PNG,PC,2026.5.16,1170,0,0,0,1.7
2452983,search ad,naver,파워링크,PC,02.차종,셀토스,,/creatives/GNA/GNA/.PNG,PC,2026.5.18,2225,1,2245,0,1.9
2452983,search ad,naver,파워링크,PC,02.차종,셀토스,,/creatives/GNA/GNA/.PNG,PC,2026.5.19,2255,0,0,0,2.8
2452983,search ad,naver,파워링크,PC,02.차종,셀토스,,/creatives/GNA/GNA/.PNG,PC,2026.5.20,2526,0,0,0,2.6
2452983,search ad,naver,파워링크,PC,02.차종,셀토스,,/creatives/GNA/GNA/.PNG,PC,2026.5.21,2128,4,10831,0,2.5
2452983,search ad,naver,파워링크,PC,02.차종,소나타,,/creatives/GNA/GNA/.PNG,PC,2026.5.14,294,0,0,0,2.7
2452983,search ad,naver,파워링크,PC,02.차종,소나타,,/creatives/GNA/GNA/.PNG,PC,2026.5.15,589,0,0,0,2.2
2452983,search ad,naver,파워링크,PC,02.차종,소나타,,/creatives/GNA/GNA/.PNG,PC,2026.5.16,401,0,0,0,2
2452983,search ad,naver,파워링크,PC,02.차종,소나타,,/creatives/GNA/GNA/.PNG,PC,2026.5.18,957,0,0,0,2.2
2452983,search ad,naver,파워링크,PC,02.차종,소나타,,/creatives/GNA/GNA/.PNG,PC,2026.5.19,816,0,0,0,2.4
2452983,search ad,naver,파워링크,PC,02.차종,소나타,,/creatives/GNA/GNA/.PNG,PC,2026.5.20,1023,1,2185,0,1.8
2452983,search ad,naver,파워링크,PC,02.차종,소나타,,/creatives/GNA/GNA/.PNG,PC,2026.5.21,660,0,0,0,1
2452983,search ad,naver,파워링크,PC,02.차종,소나타디엣지,,/creatives/GNA/GNA/.PNG,PC,2026.5.14,48,0,0,0,1.9
2452983,search ad,naver,파워링크,PC,02.차종,소나타디엣지,,/creatives/GNA/GNA/.PNG,PC,2026.5.15,93,0,0,0,2.3
2452983,search ad,naver,파워링크,PC,02.차종,소나타디엣지,,/creatives/GNA/GNA/.PNG,PC,2026.5.16,66,0,0,0,2
2452983,search ad,naver,파워링크,PC,02.차종,소나타디엣지,,/creatives/GNA/GNA/.PNG,PC,2026.5.18,131,0,0,0,2.5
2452983,search ad,naver,파워링크,PC,02.차종,소나타디엣지,,/creatives/GNA/GNA/.PNG,PC,2026.5.19,165,0,0,0,2.8
2452983,search ad,naver,파워링크,PC,02.차종,소나타디엣지,,/creatives/GNA/GNA/.PNG,PC,2026.5.20,142,0,0,0,2.6
2452983,search ad,naver,파워링크,PC,02.차종,소나타디엣지,,/creatives/GNA/GNA/.PNG,PC,2026.5.21,124,0,0,0,1
2452983,search ad,naver,파워링크,PC,02.차종,스타리아,,/creatives/GNA/GNA/.PNG,PC,2026.5.14,210,0,0,0,2
2452983,search ad,naver,파워링크,PC,02.차종,스타리아,,/creatives/GNA/GNA/.PNG,PC,2026.5.15,421,0,0,0,2
2452983,search ad,naver,파워링크,PC,02.차종,스타리아,,/creatives/GNA/GNA/.PNG,PC,2026.5.16,246,0,0,0,2
2452983,search ad,naver,파워링크,PC,02.차종,스타리아,,/creatives/GNA/GNA/.PNG,PC,2026.5.18,913,0,0,0,2
2452983,search ad,naver,파워링크,PC,02.차종,스타리아,,/creatives/GNA/GNA/.PNG,PC,2026.5.19,824,0,0,0,2
2452983,search ad,naver,파워링크,PC,02.차종,스타리아,,/creatives/GNA/GNA/.PNG,PC,2026.5.20,723,0,0,0,1.7
2452983,search ad,naver,파워링크,PC,02.차종,스타리아,,/creatives/GNA/GNA/.PNG,PC,2026.5.21,636,0,0,0,1
2452983,search ad,naver,파워링크,PC,02.차종,스타리아하이브리드,,/creatives/GNA/GNA/.PNG,PC,2026.5.14,17,0,0,0,2.9
2452983,search ad,naver,파워링크,PC,02.차종,스타리아하이브리드,,/creatives/GNA/GNA/.PNG,PC,2026.5.15,63,0,0,0,2.9
2452983,search ad,naver,파워링크,PC,02.차종,스타리아하이브리드,,/creatives/GNA/GNA/.PNG,PC,2026.5.16,38,0,0,0,2
2452983,search ad,naver,파워링크,PC,02.차종,스타리아하이브리드,,/creatives/GNA/GNA/.PNG,PC,2026.5.18,131,0,0,0,2.8
2452983,search ad,naver,파워링크,PC,02.차종,스타리아하이브리드,,/creatives/GNA/GNA/.PNG,PC,2026.5.19,115,1,3397,0,2.9
2452983,search ad,naver,파워링크,PC,02.차종,스타리아하이브리드,,/creatives/GNA/GNA/.PNG,PC,2026.5.20,107,0,0,0,2.4
2452983,search ad,naver,파워링크,PC,02.차종,스타리아하이브리드,,/creatives/GNA/GNA/.PNG,PC,2026.5.21,103,0,0,0,1.8
2452983,search ad,naver,파워링크,PC,02.차종,스포티지,,/creatives/GNA/GNA/.PNG,PC,2026.5.14,696,0,0,0,2.5
2452983,search ad,naver,파워링크,PC,02.차종,스포티지,,/creatives/GNA/GNA/.PNG,PC,2026.5.15,1488,0,0,0,3
2452983,search ad,naver,파워링크,PC,02.차종,스포티지,,/creatives/GNA/GNA/.PNG,PC,2026.5.16,1185,0,0,0,1.6
2452983,search ad,naver,파워링크,PC,02.차종,스포티지,,/creatives/GNA/GNA/.PNG,PC,2026.5.18,2476,1,2613,0,3.3
2452983,search ad,naver,파워링크,PC,02.차종,스포티지,,/creatives/GNA/GNA/.PNG,PC,2026.5.19,2365,0,0,0,3.7
2452983,search ad,naver,파워링크,PC,02.차종,스포티지,,/creatives/GNA/GNA/.PNG,PC,2026.5.20,2301,0,0,0,4.3
2452983,search ad,naver,파워링크,PC,02.차종,스포티지,,/creatives/GNA/GNA/.PNG,PC,2026.5.21,1810,1,2591,0,4.8
2452983,search ad,naver,파워링크,PC,02.차종,쏘나타,,/creatives/GNA/GNA/.PNG,PC,2026.5.14,207,0,0,0,1.8
2452983,search ad,naver,파워링크,PC,02.차종,쏘나타,,/creatives/GNA/GNA/.PNG,PC,2026.5.15,414,0,0,0,2.7
2452983,search ad,naver,파워링크,PC,02.차종,쏘나타,,/creatives/GNA/GNA/.PNG,PC,2026.5.16,307,0,0,0,1.6
2452983,search ad,naver,파워링크,PC,02.차종,쏘나타,,/creatives/GNA/GNA/.PNG,PC,2026.5.18,621,0,0,0,2.3
2452983,search ad,naver,파워링크,PC,02.차종,쏘나타,,/creatives/GNA/GNA/.PNG,PC,2026.5.19,551,0,0,0,3.1
2452983,search ad,naver,파워링크,PC,02.차종,쏘나타,,/creatives/GNA/GNA/.PNG,PC,2026.5.20,668,1,2293,0,2.7
2452983,search ad,naver,파워링크,PC,02.차종,쏘나타,,/creatives/GNA/GNA/.PNG,PC,2026.5.21,433,0,0,0,2.4
2452983,search ad,naver,파워링크,PC,02.차종,쏘나타디엣지,,/creatives/GNA/GNA/.PNG,PC,2026.5.14,50,0,0,0,2
2452983,search ad,naver,파워링크,PC,02.차종,쏘나타디엣지,,/creatives/GNA/GNA/.PNG,PC,2026.5.15,80,0,0,0,2.4
2452983,search ad,naver,파워링크,PC,02.차종,쏘나타디엣지,,/creatives/GNA/GNA/.PNG,PC,2026.5.16,70,0,0,0,1.9
2452983,search ad,naver,파워링크,PC,02.차종,쏘나타디엣지,,/creatives/GNA/GNA/.PNG,PC,2026.5.18,161,0,0,0,2.5
2452983,search ad,naver,파워링크,PC,02.차종,쏘나타디엣지,,/creatives/GNA/GNA/.PNG,PC,2026.5.19,133,0,0,0,2.7
2452983,search ad,naver,파워링크,PC,02.차종,쏘나타디엣지,,/creatives/GNA/GNA/.PNG,PC,2026.5.20,142,0,0,0,3
2452983,search ad,naver,파워링크,PC,02.차종,쏘나타디엣지,,/creatives/GNA/GNA/.PNG,PC,2026.5.21,121,0,0,0,2.3
2452983,search ad,naver,파워링크,PC,02.차종,쏘렌토,,/creatives/GNA/GNA/.PNG,PC,2026.5.14,518,0,0,0,2.6
2452983,search ad,naver,파워링크,PC,02.차종,쏘렌토,,/creatives/GNA/GNA/.PNG,PC,2026.5.15,1082,1,3094,0,2.7
2452983,search ad,naver,파워링크,PC,02.차종,쏘렌토,,/creatives/GNA/GNA/.PNG,PC,2026.5.16,766,0,0,0,1.7
2452983,search ad,naver,파워링크,PC,02.차종,쏘렌토,,/creatives/GNA/GNA/.PNG,PC,2026.5.18,1785,1,2330,0,2.6
2452983,search ad,naver,파워링크,PC,02.차종,쏘렌토,,/creatives/GNA/GNA/.PNG,PC,2026.5.19,1931,0,0,0,2.6
2452983,search ad,naver,파워링크,PC,02.차종,쏘렌토,,/creatives/GNA/GNA/.PNG,PC,2026.5.20,1621,0,0,0,3.6
2452983,search ad,naver,파워링크,PC,02.차종,쏘렌토,,/creatives/GNA/GNA/.PNG,PC,2026.5.21,1367,0,0,0,3.4
2452983,search ad,naver,파워링크,PC,02.차종,쏠라티,,/creatives/GNA/GNA/.PNG,PC,2026.5.14,67,0,0,0,1.6
2452983,search ad,naver,파워링크,PC,02.차종,쏠라티,,/creatives/GNA/GNA/.PNG,PC,2026.5.15,138,0,0,0,3.8
2452983,search ad,naver,파워링크,PC,02.차종,쏠라티,,/creatives/GNA/GNA/.PNG,PC,2026.5.16,46,0,0,0,1.4
2452983,search ad,naver,파워링크,PC,02.차종,쏠라티,,/creatives/GNA/GNA/.PNG,PC,2026.5.18,274,0,0,0,2.9
2452983,search ad,naver,파워링크,PC,02.차종,쏠라티,,/creatives/GNA/GNA/.PNG,PC,2026.5.19,220,0,0,0,3.8
2452983,search ad,naver,파워링크,PC,02.차종,쏠라티,,/creatives/GNA/GNA/.PNG,PC,2026.5.20,248,0,0,0,3.7
2452983,search ad,naver,파워링크,PC,02.차종,쏠라티,,/creatives/GNA/GNA/.PNG,PC,2026.5.21,224,0,0,0,2.9
2452983,search ad,naver,파워링크,PC,02.차종,아반떼,,/creatives/GNA/GNA/.PNG,PC,2026.5.14,590,0,0,0,1.8
2452983,search ad,naver,파워링크,PC,02.차종,아반떼,,/creatives/GNA/GNA/.PNG,PC,2026.5.15,1227,0,0,0,2.2
2452983,search ad,naver,파워링크,PC,02.차종,아반떼,,/creatives/GNA/GNA/.PNG,PC,2026.5.16,1205,0,0,0,1
2452983,search ad,naver,파워링크,PC,02.차종,아반떼,,/creatives/GNA/GNA/.PNG,PC,2026.5.18,2092,2,4459,0,2.2
2452983,search ad,naver,파워링크,PC,02.차종,아반떼,,/creatives/GNA/GNA/.PNG,PC,2026.5.19,1967,0,0,0,2.5
2452983,search ad,naver,파워링크,PC,02.차종,아반떼,,/creatives/GNA/GNA/.PNG,PC,2026.5.20,2091,0,0,0,2.9
2452983,search ad,naver,파워링크,PC,02.차종,아반떼,,/creatives/GNA/GNA/.PNG,PC,2026.5.21,1808,0,0,0,3
2452983,search ad,naver,파워링크,PC,02.차종,아반떼N,,/creatives/GNA/GNA/.PNG,PC,2026.5.14,156,0,0,0,2.2
2452983,search ad,naver,파워링크,PC,02.차종,아반떼N,,/creatives/GNA/GNA/.PNG,PC,2026.5.15,243,0,0,0,2
2452983,search ad,naver,파워링크,PC,02.차종,아반떼N,,/creatives/GNA/GNA/.PNG,PC,2026.5.16,243,0,0,0,2
2452983,search ad,naver,파워링크,PC,02.차종,아반떼N,,/creatives/GNA/GNA/.PNG,PC,2026.5.18,375,0,0,0,2.3
2452983,search ad,naver,파워링크,PC,02.차종,아반떼N,,/creatives/GNA/GNA/.PNG,PC,2026.5.19,365,0,0,0,2.4
2452983,search ad,naver,파워링크,PC,02.차종,아반떼N,,/creatives/GNA/GNA/.PNG,PC,2026.5.20,459,0,0,0,1.8
2452983,search ad,naver,파워링크,PC,02.차종,아반떼N,,/creatives/GNA/GNA/.PNG,PC,2026.5.21,294,1,2203,0,1.2
2452983,search ad,naver,파워링크,PC,02.차종,액티언,,/creatives/GNA/GNA/.PNG,PC,2026.5.14,45,0,0,0,1.5
2452983,search ad,naver,파워링크,PC,02.차종,액티언,,/creatives/GNA/GNA/.PNG,PC,2026.5.15,74,0,0,0,2.1
2452983,search ad,naver,파워링크,PC,02.차종,액티언,,/creatives/GNA/GNA/.PNG,PC,2026.5.16,112,0,0,0,1.5
2452983,search ad,naver,파워링크,PC,02.차종,액티언,,/creatives/GNA/GNA/.PNG,PC,2026.5.18,191,0,0,0,1.9
2452983,search ad,naver,파워링크,PC,02.차종,액티언,,/creatives/GNA/GNA/.PNG,PC,2026.5.19,193,0,0,0,2.1
2452983,search ad,naver,파워링크,PC,02.차종,액티언,,/creatives/GNA/GNA/.PNG,PC,2026.5.20,417,0,0,0,1.8
2452983,search ad,naver,파워링크,PC,02.차종,액티언,,/creatives/GNA/GNA/.PNG,PC,2026.5.21,310,0,0,0,1.8
2452983,search ad,naver,파워링크,PC,02.차종,카니발,,/creatives/GNA/GNA/.PNG,PC,2026.5.14,430,0,0,0,2
2452983,search ad,naver,파워링크,PC,02.차종,카니발,,/creatives/GNA/GNA/.PNG,PC,2026.5.15,862,0,0,0,3.2
2452983,search ad,naver,파워링크,PC,02.차종,카니발,,/creatives/GNA/GNA/.PNG,PC,2026.5.16,601,1,3496,0,2
2452983,search ad,naver,파워링크,PC,02.차종,카니발,,/creatives/GNA/GNA/.PNG,PC,2026.5.18,1389,0,0,0,3.5
2452983,search ad,naver,파워링크,PC,02.차종,카니발,,/creatives/GNA/GNA/.PNG,PC,2026.5.19,1318,1,5852,0,4.3
2452983,search ad,naver,파워링크,PC,02.차종,카니발,,/creatives/GNA/GNA/.PNG,PC,2026.5.20,1400,1,1426,0,4.8
2452983,search ad,naver,파워링크,PC,02.차종,카니발,,/creatives/GNA/GNA/.PNG,PC,2026.5.21,1275,0,0,0,4.5
2452983,search ad,naver,파워링크,PC,02.차종,코나,,/creatives/GNA/GNA/.PNG,PC,2026.5.14,299,1,2177,0,2.7
2452983,search ad,naver,파워링크,PC,02.차종,코나,,/creatives/GNA/GNA/.PNG,PC,2026.5.15,690,1,3009,0,3.2
2452983,search ad,naver,파워링크,PC,02.차종,코나,,/creatives/GNA/GNA/.PNG,PC,2026.5.16,507,0,0,0,2
2452983,search ad,naver,파워링크,PC,02.차종,코나,,/creatives/GNA/GNA/.PNG,PC,2026.5.18,1313,0,0,0,2.4
2452983,search ad,naver,파워링크,PC,02.차종,코나,,/creatives/GNA/GNA/.PNG,PC,2026.5.19,1059,0,0,0,3.5
2452983,search ad,naver,파워링크,PC,02.차종,코나,,/creatives/GNA/GNA/.PNG,PC,2026.5.20,1126,0,0,0,3.6
2452983,search ad,naver,파워링크,PC,02.차종,코나,,/creatives/GNA/GNA/.PNG,PC,2026.5.21,1027,0,0,0,3.5
2452983,search ad,naver,파워링크,PC,02.차종,코란도,,/creatives/GNA/GNA/.PNG,PC,2026.5.14,123,1,1873,0,3.8
2452983,search ad,naver,파워링크,PC,02.차종,코란도,,/creatives/GNA/GNA/.PNG,PC,2026.5.15,258,0,0,0,3.4
2452983,search ad,naver,파워링크,PC,02.차종,코란도,,/creatives/GNA/GNA/.PNG,PC,2026.5.16,331,0,0,0,2.4
2452983,search ad,naver,파워링크,PC,02.차종,코란도,,/creatives/GNA/GNA/.PNG,PC,2026.5.18,408,2,3820,0,2.8
2452983,search ad,naver,파워링크,PC,02.차종,코란도,,/creatives/GNA/GNA/.PNG,PC,2026.5.19,313,0,0,0,2.7
2452983,search ad,naver,파워링크,PC,02.차종,코란도,,/creatives/GNA/GNA/.PNG,PC,2026.5.20,331,0,0,0,2.8
2452983,search ad,naver,파워링크,PC,02.차종,코란도,,/creatives/GNA/GNA/.PNG,PC,2026.5.21,324,0,0,0,1.2
2452983,search ad,naver,파워링크,PC,02.차종,투싼,,/creatives/GNA/GNA/.PNG,PC,2026.5.14,499,0,0,0,2.3
2452983,search ad,naver,파워링크,PC,02.차종,투싼,,/creatives/GNA/GNA/.PNG,PC,2026.5.15,903,0,0,0,3.2
2452983,search ad,naver,파워링크,PC,02.차종,투싼,,/creatives/GNA/GNA/.PNG,PC,2026.5.16,895,0,0,0,1.9
2452983,search ad,naver,파워링크,PC,02.차종,투싼,,/creatives/GNA/GNA/.PNG,PC,2026.5.18,1521,1,3186,0,3.1
2452983,search ad,naver,파워링크,PC,02.차종,투싼,,/creatives/GNA/GNA/.PNG,PC,2026.5.19,1532,1,3199,0,3.2
2452983,search ad,naver,파워링크,PC,02.차종,투싼,,/creatives/GNA/GNA/.PNG,PC,2026.5.20,1540,0,0,0,3.2
2452983,search ad,naver,파워링크,PC,02.차종,투싼,,/creatives/GNA/GNA/.PNG,PC,2026.5.21,1231,1,3176,0,3.4
2452983,search ad,naver,파워링크,PC,02.차종,트랙스크로스오버,,/creatives/GNA/GNA/.PNG,PC,2026.5.14,50,0,0,0,2.7
2452983,search ad,naver,파워링크,PC,02.차종,트랙스크로스오버,,/creatives/GNA/GNA/.PNG,PC,2026.5.15,176,0,0,0,3.2
2452983,search ad,naver,파워링크,PC,02.차종,트랙스크로스오버,,/creatives/GNA/GNA/.PNG,PC,2026.5.16,100,0,0,0,2
2452983,search ad,naver,파워링크,PC,02.차종,트랙스크로스오버,,/creatives/GNA/GNA/.PNG,PC,2026.5.18,262,0,0,0,2.5
2452983,search ad,naver,파워링크,PC,02.차종,트랙스크로스오버,,/creatives/GNA/GNA/.PNG,PC,2026.5.19,239,0,0,0,3.4
2452983,search ad,naver,파워링크,PC,02.차종,트랙스크로스오버,,/creatives/GNA/GNA/.PNG,PC,2026.5.20,250,0,0,0,3.6
2452983,search ad,naver,파워링크,PC,02.차종,트랙스크로스오버,,/creatives/GNA/GNA/.PNG,PC,2026.5.21,247,0,0,0,1
2452983,search ad,naver,파워링크,PC,02.차종,트레일블레이저,,/creatives/GNA/GNA/.PNG,PC,2026.5.14,74,0,0,0,2.8
2452983,search ad,naver,파워링크,PC,02.차종,트레일블레이저,,/creatives/GNA/GNA/.PNG,PC,2026.5.15,183,1,1116,0,2.7
2452983,search ad,naver,파워링크,PC,02.차종,트레일블레이저,,/creatives/GNA/GNA/.PNG,PC,2026.5.16,121,0,0,0,2
2452983,search ad,naver,파워링크,PC,02.차종,트레일블레이저,,/creatives/GNA/GNA/.PNG,PC,2026.5.18,264,0,0,0,2
2452983,search ad,naver,파워링크,PC,02.차종,트레일블레이저,,/creatives/GNA/GNA/.PNG,PC,2026.5.19,278,1,1131,0,2.8
2452983,search ad,naver,파워링크,PC,02.차종,트레일블레이저,,/creatives/GNA/GNA/.PNG,PC,2026.5.20,316,0,0,0,2.3
2452983,search ad,naver,파워링크,PC,02.차종,트레일블레이저,,/creatives/GNA/GNA/.PNG,PC,2026.5.21,241,0,0,0,1
2452983,search ad,naver,파워링크,PC,02.차종,티볼리,,/creatives/GNA/GNA/.PNG,PC,2026.5.14,170,0,0,0,2.9
2452983,search ad,naver,파워링크,PC,02.차종,티볼리,,/creatives/GNA/GNA/.PNG,PC,2026.5.15,322,0,0,0,3.2
2452983,search ad,naver,파워링크,PC,02.차종,티볼리,,/creatives/GNA/GNA/.PNG,PC,2026.5.16,200,1,2776,0,2
2452983,search ad,naver,파워링크,PC,02.차종,티볼리,,/creatives/GNA/GNA/.PNG,PC,2026.5.18,507,0,0,0,3.3
2452983,search ad,naver,파워링크,PC,02.차종,티볼리,,/creatives/GNA/GNA/.PNG,PC,2026.5.19,580,0,0,0,3.4
2452983,search ad,naver,파워링크,PC,02.차종,티볼리,,/creatives/GNA/GNA/.PNG,PC,2026.5.20,468,0,0,0,3.4
2452983,search ad,naver,파워링크,PC,02.차종,티볼리,,/creatives/GNA/GNA/.PNG,PC,2026.5.21,440,0,0,0,3.4
2452983,search ad,naver,파워링크,PC,02.차종,필랑트,,/creatives/GNA/GNA/.PNG,PC,2026.5.14,398,0,0,0,2.9
2452983,search ad,naver,파워링크,PC,02.차종,필랑트,,/creatives/GNA/GNA/.PNG,PC,2026.5.15,734,0,0,0,2.9
2452983,search ad,naver,파워링크,PC,02.차종,필랑트,,/creatives/GNA/GNA/.PNG,PC,2026.5.16,561,0,0,0,2.1
2452983,search ad,naver,파워링크,PC,02.차종,필랑트,,/creatives/GNA/GNA/.PNG,PC,2026.5.18,1056,1,745,0,3.3
2452983,search ad,naver,파워링크,PC,02.차종,필랑트,,/creatives/GNA/GNA/.PNG,PC,2026.5.19,1060,1,659,0,3.4
2452983,search ad,naver,파워링크,PC,02.차종,필랑트,,/creatives/GNA/GNA/.PNG,PC,2026.5.20,1567,0,0,0,2.8
2452983,search ad,naver,파워링크,PC,02.차종,필랑트,,/creatives/GNA/GNA/.PNG,PC,2026.5.21,793,0,0,0,4
2452983,search ad,naver,파워링크,PC,00.브랜드(BNK캐피탈),-,,/creatives/GNA/GNA/.PNG,PC,2026.5.15,6,0,0,0,2.5
2452983,search ad,naver,파워링크,PC,00.브랜드(BNK캐피탈),-,,/creatives/GNA/GNA/.PNG,PC,2026.5.16,2,0,0,0,3
2452983,search ad,naver,파워링크,PC,00.브랜드(BNK캐피탈),-,,/creatives/GNA/GNA/.PNG,PC,2026.5.18,11,0,0,0,2.5
2452983,search ad,naver,파워링크,PC,00.브랜드(BNK캐피탈),-,,/creatives/GNA/GNA/.PNG,PC,2026.5.19,12,0,0,0,2.4
2452983,search ad,naver,파워링크,PC,00.브랜드(BNK캐피탈),-,,/creatives/GNA/GNA/.PNG,PC,2026.5.20,14,0,0,0,2.5
2452983,search ad,naver,파워링크,PC,00.브랜드(BNK캐피탈),-,,/creatives/GNA/GNA/.PNG,PC,2026.5.21,12,0,0,0,2.3
2452983,search ad,naver,파워링크,PC,00.브랜드(BNK캐피탈),BNK,,/creatives/GNA/GNA/.PNG,PC,2026.5.15,93,0,0,0,2.5
2452983,search ad,naver,파워링크,PC,00.브랜드(BNK캐피탈),BNK,,/creatives/GNA/GNA/.PNG,PC,2026.5.16,205,1,170,0,1.5
2452983,search ad,naver,파워링크,PC,00.브랜드(BNK캐피탈),BNK,,/creatives/GNA/GNA/.PNG,PC,2026.5.18,227,2,228,0,2
2452983,search ad,naver,파워링크,PC,00.브랜드(BNK캐피탈),BNK,,/creatives/GNA/GNA/.PNG,PC,2026.5.19,246,1,124,0,2.3
2452983,search ad,naver,파워링크,PC,00.브랜드(BNK캐피탈),BNK,,/creatives/GNA/GNA/.PNG,PC,2026.5.20,218,0,0,0,2.8
2452983,search ad,naver,파워링크,PC,00.브랜드(BNK캐피탈),BNK,,/creatives/GNA/GNA/.PNG,PC,2026.5.21,213,0,0,0,2.8
2452983,search ad,naver,파워링크,PC,00.브랜드(BNK캐피탈),BNK그룹,,/creatives/GNA/GNA/.PNG,PC,2026.5.21,1,0,0,0,1
2452983,search ad,naver,파워링크,PC,00.브랜드(BNK캐피탈),BNK캐피탈,,/creatives/GNA/GNA/.PNG,PC,2026.5.15,192,0,0,0,2.6
2452983,search ad,naver,파워링크,PC,00.브랜드(BNK캐피탈),BNK캐피탈,,/creatives/GNA/GNA/.PNG,PC,2026.5.16,42,1,336,0,2.3
2452983,search ad,naver,파워링크,PC,00.브랜드(BNK캐피탈),BNK캐피탈,,/creatives/GNA/GNA/.PNG,PC,2026.5.18,450,0,0,0,3.5
2452983,search ad,naver,파워링크,PC,00.브랜드(BNK캐피탈),BNK캐피탈,,/creatives/GNA/GNA/.PNG,PC,2026.5.19,359,0,0,0,3.7
2452983,search ad,naver,파워링크,PC,00.브랜드(BNK캐피탈),BNK캐피탈,,/creatives/GNA/GNA/.PNG,PC,2026.5.20,372,0,0,0,3.6
2452983,search ad,naver,파워링크,PC,00.브랜드(BNK캐피탈),BNK캐피탈,,/creatives/GNA/GNA/.PNG,PC,2026.5.21,329,0,0,0,3.5
2452983,search ad,naver,파워링크,PC,00.브랜드(BNK캐피탈),비엔케이,,/creatives/GNA/GNA/.PNG,PC,2026.5.14,5,0,0,0,1
2452983,search ad,naver,파워링크,PC,00.브랜드(BNK캐피탈),비엔케이,,/creatives/GNA/GNA/.PNG,PC,2026.5.15,7,0,0,0,1
2452983,search ad,naver,파워링크,PC,00.브랜드(BNK캐피탈),비엔케이,,/creatives/GNA/GNA/.PNG,PC,2026.5.16,2,0,0,0,1
2452983,search ad,naver,파워링크,PC,00.브랜드(BNK캐피탈),비엔케이,,/creatives/GNA/GNA/.PNG,PC,2026.5.18,17,0,0,0,1.1
2452983,search ad,naver,파워링크,PC,00.브랜드(BNK캐피탈),비엔케이,,/creatives/GNA/GNA/.PNG,PC,2026.5.19,26,0,0,0,1.1
2452983,search ad,naver,파워링크,PC,00.브랜드(BNK캐피탈),비엔케이,,/creatives/GNA/GNA/.PNG,PC,2026.5.20,17,0,0,0,1.6
2452983,search ad,naver,파워링크,PC,00.브랜드(BNK캐피탈),비엔케이,,/creatives/GNA/GNA/.PNG,PC,2026.5.21,9,0,0,0,1.6
2452983,search ad,naver,파워링크,PC,03.신차+차종,-,,/creatives/GNA/GNA/.PNG,PC,2026.5.15,6,0,0,0,4.8
2452983,search ad,naver,파워링크,PC,03.신차+차종,-,,/creatives/GNA/GNA/.PNG,PC,2026.5.16,29,0,0,0,4
2452983,search ad,naver,파워링크,PC,03.신차+차종,-,,/creatives/GNA/GNA/.PNG,PC,2026.5.18,36,0,0,0,5.1
2452983,search ad,naver,파워링크,PC,03.신차+차종,-,,/creatives/GNA/GNA/.PNG,PC,2026.5.19,280,0,0,0,4.2
2452983,search ad,naver,파워링크,PC,03.신차+차종,-,,/creatives/GNA/GNA/.PNG,PC,2026.5.20,348,0,0,0,3.7
2452983,search ad,naver,파워링크,PC,03.신차+차종,-,,/creatives/GNA/GNA/.PNG,PC,2026.5.21,293,0,0,0,3.8
2452983,search ad,naver,파워링크,PC,03.신차+차종,G70신차,,/creatives/GNA/GNA/.PNG,PC,2026.5.18,3,0,0,0,1
2452983,search ad,naver,파워링크,PC,03.신차+차종,G70신차,,/creatives/GNA/GNA/.PNG,PC,2026.5.20,2,0,0,0,2
2452983,search ad,naver,파워링크,PC,03.신차+차종,G70신차장기렌트,,/creatives/GNA/GNA/.PNG,PC,2026.5.14,1,0,0,0,1
2452983,search ad,naver,파워링크,PC,03.신차+차종,G70신차장기렌트,,/creatives/GNA/GNA/.PNG,PC,2026.5.15,1,0,0,0,1
2452983,search ad,naver,파워링크,PC,03.신차+차종,G80신차,,/creatives/GNA/GNA/.PNG,PC,2026.5.14,1,0,0,0,1
2452983,search ad,naver,파워링크,PC,03.신차+차종,G80신차,,/creatives/GNA/GNA/.PNG,PC,2026.5.16,1,0,0,0,1
2452983,search ad,naver,파워링크,PC,03.신차+차종,G80신차,,/creatives/GNA/GNA/.PNG,PC,2026.5.18,3,0,0,0,1.7
2452983,search ad,naver,파워링크,PC,03.신차+차종,G80신차,,/creatives/GNA/GNA/.PNG,PC,2026.5.19,1,0,0,0,3
2452983,search ad,naver,파워링크,PC,03.신차+차종,G80신차,,/creatives/GNA/GNA/.PNG,PC,2026.5.20,1,0,0,0,3
2452983,search ad,naver,파워링크,PC,03.신차+차종,G80신차,,/creatives/GNA/GNA/.PNG,PC,2026.5.21,1,0,0,0,3
2452983,search ad,naver,파워링크,PC,03.신차+차종,G80신차장기렌트,,/creatives/GNA/GNA/.PNG,PC,2026.5.20,1,0,0,0,2
2452983,search ad,naver,파워링크,PC,03.신차+차종,G90신차,,/creatives/GNA/GNA/.PNG,PC,2026.5.14,1,0,0,0,1
2452983,search ad,naver,파워링크,PC,03.신차+차종,G90신차,,/creatives/GNA/GNA/.PNG,PC,2026.5.18,1,0,0,0,2
2452983,search ad,naver,파워링크,PC,03.신차+차종,G90신차,,/creatives/GNA/GNA/.PNG,PC,2026.5.19,1,0,0,0,1
2452983,search ad,naver,파워링크,PC,03.신차+차종,G90신차,,/creatives/GNA/GNA/.PNG,PC,2026.5.20,2,0,0,0,1.5
2452983,search ad,naver,파워링크,PC,03.신차+차종,G90신차,,/creatives/GNA/GNA/.PNG,PC,2026.5.21,2,0,0,0,1.5
2452983,search ad,naver,파워링크,PC,03.신차+차종,G90신차렌트,,/creatives/GNA/GNA/.PNG,PC,2026.5.20,1,0,0,0,3
2452983,search ad,naver,파워링크,PC,03.신차+차종,GV70신차,,/creatives/GNA/GNA/.PNG,PC,2026.5.14,1,0,0,0,1
2452983,search ad,naver,파워링크,PC,03.신차+차종,GV70신차,,/creatives/GNA/GNA/.PNG,PC,2026.5.15,1,0,0,0,1
2452983,search ad,naver,파워링크,PC,03.신차+차종,GV70신차,,/creatives/GNA/GNA/.PNG,PC,2026.5.18,1,0,0,0,2
2452983,search ad,naver,파워링크,PC,03.신차+차종,GV70신차,,/creatives/GNA/GNA/.PNG,PC,2026.5.19,1,0,0,0,1
2452983,search ad,naver,파워링크,PC,03.신차+차종,GV70신차,,/creatives/GNA/GNA/.PNG,PC,2026.5.20,1,0,0,0,1
2452983,search ad,naver,파워링크,PC,03.신차+차종,GV70신차,,/creatives/GNA/GNA/.PNG,PC,2026.5.21,1,0,0,0,3
2452983,search ad,naver,파워링크,PC,03.신차+차종,GV80신차,,/creatives/GNA/GNA/.PNG,PC,2026.5.15,2,0,0,0,3
2452983,search ad,naver,파워링크,PC,03.신차+차종,GV80신차,,/creatives/GNA/GNA/.PNG,PC,2026.5.18,2,0,0,0,1.5
2452983,search ad,naver,파워링크,PC,03.신차+차종,GV80신차,,/creatives/GNA/GNA/.PNG,PC,2026.5.19,2,0,0,0,1.5
2452983,search ad,naver,파워링크,PC,03.신차+차종,GV80신차,,/creatives/GNA/GNA/.PNG,PC,2026.5.21,1,0,0,0,2
2452983,search ad,naver,파워링크,PC,03.신차+차종,GV80신차렌트,,/creatives/GNA/GNA/.PNG,PC,2026.5.18,1,0,0,0,4
2452983,search ad,naver,파워링크,PC,03.신차+차종,K5신차,,/creatives/GNA/GNA/.PNG,PC,2026.5.15,2,0,0,0,3
2452983,search ad,naver,파워링크,PC,03.신차+차종,K5신차,,/creatives/GNA/GNA/.PNG,PC,2026.5.16,1,0,0,0,1
2452983,search ad,naver,파워링크,PC,03.신차+차종,K5신차,,/creatives/GNA/GNA/.PNG,PC,2026.5.18,2,0,0,0,5
2452983,search ad,naver,파워링크,PC,03.신차+차종,K5신차,,/creatives/GNA/GNA/.PNG,PC,2026.5.19,7,0,0,0,1
2452983,search ad,naver,파워링크,PC,03.신차+차종,K5신차,,/creatives/GNA/GNA/.PNG,PC,2026.5.21,2,0,0,0,2
2452983,search ad,naver,파워링크,PC,03.신차+차종,K5신차견적,,/creatives/GNA/GNA/.PNG,PC,2026.5.19,1,0,0,0,2
2452983,search ad,naver,파워링크,PC,03.신차+차종,K5신차견적,,/creatives/GNA/GNA/.PNG,PC,2026.5.20,1,0,0,0,5
2452983,search ad,naver,파워링크,PC,03.신차+차종,K9신차,,/creatives/GNA/GNA/.PNG,PC,2026.5.15,1,0,0,0,3
2452983,search ad,naver,파워링크,PC,03.신차+차종,K9신차,,/creatives/GNA/GNA/.PNG,PC,2026.5.18,1,0,0,0,3
2452983,search ad,naver,파워링크,PC,03.신차+차종,K9신차,,/creatives/GNA/GNA/.PNG,PC,2026.5.19,1,0,0,0,2
2452983,search ad,naver,파워링크,PC,03.신차+차종,K9신차,,/creatives/GNA/GNA/.PNG,PC,2026.5.20,3,0,0,0,3.7
2452983,search ad,naver,파워링크,PC,03.신차+차종,SM6신차,,/creatives/GNA/GNA/.PNG,PC,2026.5.15,1,0,0,0,3
2452983,search ad,naver,파워링크,PC,03.신차+차종,그랜저신차,,/creatives/GNA/GNA/.PNG,PC,2026.5.14,12,0,0,0,1
2452983,search ad,naver,파워링크,PC,03.신차+차종,그랜저신차,,/creatives/GNA/GNA/.PNG,PC,2026.5.15,17,0,0,0,1.4
2452983,search ad,naver,파워링크,PC,03.신차+차종,그랜저신차,,/creatives/GNA/GNA/.PNG,PC,2026.5.16,4,0,0,0,1
2452983,search ad,naver,파워링크,PC,03.신차+차종,그랜저신차,,/creatives/GNA/GNA/.PNG,PC,2026.5.18,8,0,0,0,1.6
2452983,search ad,naver,파워링크,PC,03.신차+차종,그랜저신차,,/creatives/GNA/GNA/.PNG,PC,2026.5.19,19,0,0,0,1.3
2452983,search ad,naver,파워링크,PC,03.신차+차종,그랜저신차,,/creatives/GNA/GNA/.PNG,PC,2026.5.20,11,0,0,0,1.5
2452983,search ad,naver,파워링크,PC,03.신차+차종,그랜저신차,,/creatives/GNA/GNA/.PNG,PC,2026.5.21,2,0,0,0,1.5
2452983,search ad,naver,파워링크,PC,03.신차+차종,그랜저신차견적,,/creatives/GNA/GNA/.PNG,PC,2026.5.18,1,0,0,0,1
2452983,search ad,naver,파워링크,PC,03.신차+차종,그랜저신차장기렌트,,/creatives/GNA/GNA/.PNG,PC,2026.5.15,1,0,0,0,5
2452983,search ad,naver,파워링크,PC,03.신차+차종,그랜저신차장기렌트,,/creatives/GNA/GNA/.PNG,PC,2026.5.18,2,0,0,0,4
2452983,search ad,naver,파워링크,PC,03.신차+차종,그랜저신차장기렌트,,/creatives/GNA/GNA/.PNG,PC,2026.5.20,1,0,0,0,5
2452983,search ad,naver,파워링크,PC,03.신차+차종,니로신차,,/creatives/GNA/GNA/.PNG,PC,2026.5.15,2,0,0,0,2
2452983,search ad,naver,파워링크,PC,03.신차+차종,니로신차,,/creatives/GNA/GNA/.PNG,PC,2026.5.16,1,0,0,0,1
2452983,search ad,naver,파워링크,PC,03.신차+차종,니로신차,,/creatives/GNA/GNA/.PNG,PC,2026.5.18,1,0,0,0,2
2452983,search ad,naver,파워링크,PC,03.신차+차종,니로신차,,/creatives/GNA/GNA/.PNG,PC,2026.5.19,2,0,0,0,1.5
2452983,search ad,naver,파워링크,PC,03.신차+차종,니로신차장기렌트,,/creatives/GNA/GNA/.PNG,PC,2026.5.18,1,0,0,0,7
2452983,search ad,naver,파워링크,PC,03.신차+차종,레이신차,,/creatives/GNA/GNA/.PNG,PC,2026.5.14,3,0,0,0,1.3
2452983,search ad,naver,파워링크,PC,03.신차+차종,레이신차,,/creatives/GNA/GNA/.PNG,PC,2026.5.15,12,0,0,0,1.9
2452983,search ad,naver,파워링크,PC,03.신차+차종,레이신차,,/creatives/GNA/GNA/.PNG,PC,2026.5.16,6,0,0,0,1.2
2452983,search ad,naver,파워링크,PC,03.신차+차종,레이신차,,/creatives/GNA/GNA/.PNG,PC,2026.5.18,21,0,0,0,2
2452983,search ad,naver,파워링크,PC,03.신차+차종,레이신차,,/creatives/GNA/GNA/.PNG,PC,2026.5.19,14,0,0,0,1.9
2452983,search ad,naver,파워링크,PC,03.신차+차종,레이신차,,/creatives/GNA/GNA/.PNG,PC,2026.5.20,18,0,0,0,2.3
2452983,search ad,naver,파워링크,PC,03.신차+차종,레이신차,,/creatives/GNA/GNA/.PNG,PC,2026.5.21,17,0,0,0,2.7
2452983,search ad,naver,파워링크,PC,03.신차+차종,레이신차견적,,/creatives/GNA/GNA/.PNG,PC,2026.5.19,3,0,0,0,1.3
2452983,search ad,naver,파워링크,PC,03.신차+차종,레이신차견적,,/creatives/GNA/GNA/.PNG,PC,2026.5.20,2,0,0,0,2
2452983,search ad,naver,파워링크,PC,03.신차+차종,레이신차장기렌트,,/creatives/GNA/GNA/.PNG,PC,2026.5.19,1,0,0,0,1
2452983,search ad,naver,파워링크,PC,03.신차+차종,레이신차장기렌트,,/creatives/GNA/GNA/.PNG,PC,2026.5.20,1,0,0,0,5
2452983,search ad,naver,파워링크,PC,03.신차+차종,렉스턴신차,,/creatives/GNA/GNA/.PNG,PC,2026.5.14,1,0,0,0,2
2452983,search ad,naver,파워링크,PC,03.신차+차종,렉스턴신차,,/creatives/GNA/GNA/.PNG,PC,2026.5.20,1,0,0,0,1
2452983,search ad,naver,파워링크,PC,03.신차+차종,모닝신차,,/creatives/GNA/GNA/.PNG,PC,2026.5.14,3,0,0,0,1.3
2452983,search ad,naver,파워링크,PC,03.신차+차종,모닝신차,,/creatives/GNA/GNA/.PNG,PC,2026.5.15,3,0,0,0,1
2452983,search ad,naver,파워링크,PC,03.신차+차종,모닝신차,,/creatives/GNA/GNA/.PNG,PC,2026.5.16,2,0,0,0,1
2452983,search ad,naver,파워링크,PC,03.신차+차종,모닝신차,,/creatives/GNA/GNA/.PNG,PC,2026.5.18,17,0,0,0,1.5
2452983,search ad,naver,파워링크,PC,03.신차+차종,모닝신차,,/creatives/GNA/GNA/.PNG,PC,2026.5.19,14,0,0,0,1.4
2452983,search ad,naver,파워링크,PC,03.신차+차종,모닝신차,,/creatives/GNA/GNA/.PNG,PC,2026.5.20,5,0,0,0,1
2452983,search ad,naver,파워링크,PC,03.신차+차종,모닝신차,,/creatives/GNA/GNA/.PNG,PC,2026.5.21,9,0,0,0,1.4
2452983,search ad,naver,파워링크,PC,03.신차+차종,모닝신차견적,,/creatives/GNA/GNA/.PNG,PC,2026.5.19,1,0,0,0,3
2452983,search ad,naver,파워링크,PC,03.신차+차종,모닝신차견적,,/creatives/GNA/GNA/.PNG,PC,2026.5.20,1,0,0,0,1
2452983,search ad,naver,파워링크,PC,03.신차+차종,모닝신차장기렌트,,/creatives/GNA/GNA/.PNG,PC,2026.5.21,1,0,0,0,6
2452983,search ad,naver,파워링크,PC,03.신차+차종,셀토스신차,,/creatives/GNA/GNA/.PNG,PC,2026.5.15,3,0,0,0,5
2452983,search ad,naver,파워링크,PC,03.신차+차종,셀토스신차,,/creatives/GNA/GNA/.PNG,PC,2026.5.16,1,0,0,0,1
2452983,search ad,naver,파워링크,PC,03.신차+차종,셀토스신차,,/creatives/GNA/GNA/.PNG,PC,2026.5.18,2,0,0,0,4
2452983,search ad,naver,파워링크,PC,03.신차+차종,셀토스신차,,/creatives/GNA/GNA/.PNG,PC,2026.5.19,1,0,0,0,6
2452983,search ad,naver,파워링크,PC,03.신차+차종,셀토스신차,,/creatives/GNA/GNA/.PNG,PC,2026.5.20,1,0,0,0,2
2452983,search ad,naver,파워링크,PC,03.신차+차종,셀토스신차,,/creatives/GNA/GNA/.PNG,PC,2026.5.21,2,0,0,0,3
2452983,search ad,naver,파워링크,PC,03.신차+차종,셀토스신차견적,,/creatives/GNA/GNA/.PNG,PC,2026.5.14,1,0,0,0,1
2452983,search ad,naver,파워링크,PC,03.신차+차종,셀토스신차견적,,/creatives/GNA/GNA/.PNG,PC,2026.5.19,1,0,0,0,2
2452983,search ad,naver,파워링크,PC,03.신차+차종,셀토스신차견적,,/creatives/GNA/GNA/.PNG,PC,2026.5.21,1,0,0,0,2
2452983,search ad,naver,파워링크,PC,03.신차+차종,셀토스신차렌트,,/creatives/GNA/GNA/.PNG,PC,2026.5.20,2,0,0,0,2
2452983,search ad,naver,파워링크,PC,03.신차+차종,소나타신차,,/creatives/GNA/GNA/.PNG,PC,2026.5.15,1,0,0,0,1
2452983,search ad,naver,파워링크,PC,03.신차+차종,소나타신차,,/creatives/GNA/GNA/.PNG,PC,2026.5.16,7,0,0,0,1
2452983,search ad,naver,파워링크,PC,03.신차+차종,소나타신차,,/creatives/GNA/GNA/.PNG,PC,2026.5.18,2,0,0,0,1.5
2452983,search ad,naver,파워링크,PC,03.신차+차종,소나타신차,,/creatives/GNA/GNA/.PNG,PC,2026.5.19,4,0,0,0,2.3
2452983,search ad,naver,파워링크,PC,03.신차+차종,소나타신차,,/creatives/GNA/GNA/.PNG,PC,2026.5.20,2,0,0,0,1
2452983,search ad,naver,파워링크,PC,03.신차+차종,소나타신차,,/creatives/GNA/GNA/.PNG,PC,2026.5.21,3,0,0,0,1
2452983,search ad,naver,파워링크,PC,03.신차+차종,스타리아신차,,/creatives/GNA/GNA/.PNG,PC,2026.5.18,1,0,0,0,2
2452983,search ad,naver,파워링크,PC,03.신차+차종,스타리아신차,,/creatives/GNA/GNA/.PNG,PC,2026.5.20,1,0,0,0,2
2452983,search ad,naver,파워링크,PC,03.신차+차종,스포티지신차,,/creatives/GNA/GNA/.PNG,PC,2026.5.15,1,0,0,0,2
2452983,search ad,naver,파워링크,PC,03.신차+차종,스포티지신차,,/creatives/GNA/GNA/.PNG,PC,2026.5.18,1,0,0,0,1
2452983,search ad,naver,파워링크,PC,03.신차+차종,스포티지신차,,/creatives/GNA/GNA/.PNG,PC,2026.5.19,3,0,0,0,1.7
2452983,search ad,naver,파워링크,PC,03.신차+차종,스포티지신차,,/creatives/GNA/GNA/.PNG,PC,2026.5.20,1,0,0,0,1
2452983,search ad,naver,파워링크,PC,03.신차+차종,스포티지신차,,/creatives/GNA/GNA/.PNG,PC,2026.5.21,2,0,0,0,2.5
2452983,search ad,naver,파워링크,PC,03.신차+차종,쏘나타디엣지신차,,/creatives/GNA/GNA/.PNG,PC,2026.5.20,1,0,0,0,1
2452983,search ad,naver,파워링크,PC,03.신차+차종,쏘렌토신차,,/creatives/GNA/GNA/.PNG,PC,2026.5.14,1,0,0,0,1
2452983,search ad,naver,파워링크,PC,03.신차+차종,쏘렌토신차,,/creatives/GNA/GNA/.PNG,PC,2026.5.15,3,0,0,0,1.3
2452983,search ad,naver,파워링크,PC,03.신차+차종,쏘렌토신차,,/creatives/GNA/GNA/.PNG,PC,2026.5.16,1,0,0,0,1
2452983,search ad,naver,파워링크,PC,03.신차+차종,쏘렌토신차,,/creatives/GNA/GNA/.PNG,PC,2026.5.18,3,0,0,0,1.7
2452983,search ad,naver,파워링크,PC,03.신차+차종,쏘렌토신차,,/creatives/GNA/GNA/.PNG,PC,2026.5.20,3,0,0,0,1.7
2452983,search ad,naver,파워링크,PC,03.신차+차종,쏘렌토신차,,/creatives/GNA/GNA/.PNG,PC,2026.5.21,6,0,0,0,1.2
2452983,search ad,naver,파워링크,PC,03.신차+차종,쏘렌토신차견적,,/creatives/GNA/GNA/.PNG,PC,2026.5.18,1,0,0,0,1
2452983,search ad,naver,파워링크,PC,03.신차+차종,쏘렌토신차렌트,,/creatives/GNA/GNA/.PNG,PC,2026.5.18,1,0,0,0,2
2452983,search ad,naver,파워링크,PC,03.신차+차종,아반떼N신차,,/creatives/GNA/GNA/.PNG,PC,2026.5.18,1,0,0,0,1
2452983,search ad,naver,파워링크,PC,03.신차+차종,아반떼N신차,,/creatives/GNA/GNA/.PNG,PC,2026.5.19,3,0,0,0,2.7
2452983,search ad,naver,파워링크,PC,03.신차+차종,아반떼신차,,/creatives/GNA/GNA/.PNG,PC,2026.5.14,5,0,0,0,1
2452983,search ad,naver,파워링크,PC,03.신차+차종,아반떼신차,,/creatives/GNA/GNA/.PNG,PC,2026.5.15,7,0,0,0,2
2452983,search ad,naver,파워링크,PC,03.신차+차종,아반떼신차,,/creatives/GNA/GNA/.PNG,PC,2026.5.16,3,0,0,0,1
2452983,search ad,naver,파워링크,PC,03.신차+차종,아반떼신차,,/creatives/GNA/GNA/.PNG,PC,2026.5.18,7,0,0,0,1.6
2452983,search ad,naver,파워링크,PC,03.신차+차종,아반떼신차,,/creatives/GNA/GNA/.PNG,PC,2026.5.19,6,0,0,0,1.8
2452983,search ad,naver,파워링크,PC,03.신차+차종,아반떼신차,,/creatives/GNA/GNA/.PNG,PC,2026.5.20,11,0,0,0,1.7
2452983,search ad,naver,파워링크,PC,03.신차+차종,아반떼신차,,/creatives/GNA/GNA/.PNG,PC,2026.5.21,8,0,0,0,1.9
2452983,search ad,naver,파워링크,PC,03.신차+차종,아반떼신차렌트,,/creatives/GNA/GNA/.PNG,PC,2026.5.15,1,0,0,0,4
2452983,search ad,naver,파워링크,PC,03.신차+차종,아반떼신차장기렌트,,/creatives/GNA/GNA/.PNG,PC,2026.5.20,1,0,0,0,5
2452983,search ad,naver,파워링크,PC,03.신차+차종,액티언신차,,/creatives/GNA/GNA/.PNG,PC,2026.5.18,1,0,0,0,7
2452983,search ad,naver,파워링크,PC,03.신차+차종,액티언신차,,/creatives/GNA/GNA/.PNG,PC,2026.5.21,1,0,0,0,1
2452983,search ad,naver,파워링크,PC,03.신차+차종,카니발신차,,/creatives/GNA/GNA/.PNG,PC,2026.5.14,2,0,0,0,1
2452983,search ad,naver,파워링크,PC,03.신차+차종,카니발신차,,/creatives/GNA/GNA/.PNG,PC,2026.5.15,1,0,0,0,1
2452983,search ad,naver,파워링크,PC,03.신차+차종,카니발신차,,/creatives/GNA/GNA/.PNG,PC,2026.5.16,2,0,0,0,1
2452983,search ad,naver,파워링크,PC,03.신차+차종,카니발신차,,/creatives/GNA/GNA/.PNG,PC,2026.5.18,2,0,0,0,1
2452983,search ad,naver,파워링크,PC,03.신차+차종,카니발신차,,/creatives/GNA/GNA/.PNG,PC,2026.5.20,3,0,0,0,1
2452983,search ad,naver,파워링크,PC,03.신차+차종,카니발신차,,/creatives/GNA/GNA/.PNG,PC,2026.5.21,3,0,0,0,1
2452983,search ad,naver,파워링크,PC,03.신차+차종,카니발신차견적,,/creatives/GNA/GNA/.PNG,PC,2026.5.18,1,0,0,0,1
2452983,search ad,naver,파워링크,PC,03.신차+차종,코나신차,,/creatives/GNA/GNA/.PNG,PC,2026.5.15,2,0,0,0,1
2452983,search ad,naver,파워링크,PC,03.신차+차종,코나신차,,/creatives/GNA/GNA/.PNG,PC,2026.5.18,5,0,0,0,1
2452983,search ad,naver,파워링크,PC,03.신차+차종,코나신차,,/creatives/GNA/GNA/.PNG,PC,2026.5.19,1,0,0,0,1
2452983,search ad,naver,파워링크,PC,03.신차+차종,코나신차,,/creatives/GNA/GNA/.PNG,PC,2026.5.21,3,0,0,0,5
2452983,search ad,naver,파워링크,PC,03.신차+차종,코나신차장기렌트,,/creatives/GNA/GNA/.PNG,PC,2026.5.20,1,0,0,0,1
2452983,search ad,naver,파워링크,PC,03.신차+차종,코란도신차,,/creatives/GNA/GNA/.PNG,PC,2026.5.15,7,0,0,0,2
2452983,search ad,naver,파워링크,PC,03.신차+차종,코란도신차,,/creatives/GNA/GNA/.PNG,PC,2026.5.18,1,0,0,0,4
2452983,search ad,naver,파워링크,PC,03.신차+차종,코란도신차,,/creatives/GNA/GNA/.PNG,PC,2026.5.19,2,0,0,0,2.5
2452983,search ad,naver,파워링크,PC,03.신차+차종,토레스신차,,/creatives/GNA/GNA/.PNG,PC,2026.5.15,1,0,0,0,1
2452983,search ad,naver,파워링크,PC,03.신차+차종,토레스신차,,/creatives/GNA/GNA/.PNG,PC,2026.5.18,1,0,0,0,2
2452983,search ad,naver,파워링크,PC,03.신차+차종,토레스신차,,/creatives/GNA/GNA/.PNG,PC,2026.5.19,1,0,0,0,3
2452983,search ad,naver,파워링크,PC,03.신차+차종,토레스신차,,/creatives/GNA/GNA/.PNG,PC,2026.5.20,1,0,0,0,3
2452983,search ad,naver,파워링크,PC,03.신차+차종,토레스신차,,/creatives/GNA/GNA/.PNG,PC,2026.5.21,1,0,0,0,2
2452983,search ad,naver,파워링크,PC,03.신차+차종,투싼신차,,/creatives/GNA/GNA/.PNG,PC,2026.5.16,1,0,0,0,1
2452983,search ad,naver,파워링크,PC,03.신차+차종,투싼신차,,/creatives/GNA/GNA/.PNG,PC,2026.5.18,2,0,0,0,1.5
2452983,search ad,naver,파워링크,PC,03.신차+차종,투싼신차,,/creatives/GNA/GNA/.PNG,PC,2026.5.19,2,0,0,0,2
2452983,search ad,naver,파워링크,PC,03.신차+차종,투싼신차,,/creatives/GNA/GNA/.PNG,PC,2026.5.21,6,0,0,0,1
2452983,search ad,naver,파워링크,PC,03.신차+차종,티볼리신차,,/creatives/GNA/GNA/.PNG,PC,2026.5.15,1,0,0,0,1
2452983,search ad,naver,파워링크,PC,03.신차+차종,티볼리신차,,/creatives/GNA/GNA/.PNG,PC,2026.5.16,2,0,0,0,1
2452983,search ad,naver,파워링크,PC,03.신차+차종,티볼리신차,,/creatives/GNA/GNA/.PNG,PC,2026.5.20,1,0,0,0,3
2452983,search ad,naver,파워링크,PC,03.신차+차종,티볼리신차,,/creatives/GNA/GNA/.PNG,PC,2026.5.21,1,0,0,0,4
2452983,search ad,naver,파워링크,PC,03.신차+차종,필랑트신차견적,,/creatives/GNA/GNA/.PNG,PC,2026.5.19,1,0,0,0,9
2452983,search ad,naver,파워링크,PC,04.차종+일반,-,,/creatives/GNA/GNA/.PNG,PC,2026.5.14,2,0,0,0,7
2452983,search ad,naver,파워링크,PC,04.차종+일반,-,,/creatives/GNA/GNA/.PNG,PC,2026.5.15,11,0,0,0,8.5
2452983,search ad,naver,파워링크,PC,04.차종+일반,-,,/creatives/GNA/GNA/.PNG,PC,2026.5.16,30,0,0,0,4.7
2452983,search ad,naver,파워링크,PC,04.차종+일반,-,,/creatives/GNA/GNA/.PNG,PC,2026.5.18,35,0,0,0,7.6
2452983,search ad,naver,파워링크,PC,04.차종+일반,-,,/creatives/GNA/GNA/.PNG,PC,2026.5.19,171,0,0,0,4.6
2452983,search ad,naver,파워링크,PC,04.차종+일반,-,,/creatives/GNA/GNA/.PNG,PC,2026.5.20,224,0,0,0,4.1
2452983,search ad,naver,파워링크,PC,04.차종+일반,-,,/creatives/GNA/GNA/.PNG,PC,2026.5.21,200,0,0,0,3.9
2452983,search ad,naver,파워링크,PC,04.차종+일반,G70렌트,,/creatives/GNA/GNA/.PNG,PC,2026.5.20,5,0,0,0,2.8
2452983,search ad,naver,파워링크,PC,04.차종+일반,G70렌트,,/creatives/GNA/GNA/.PNG,PC,2026.5.21,1,0,0,0,5
2452983,search ad,naver,파워링크,PC,04.차종+일반,G70렌트카,,/creatives/GNA/GNA/.PNG,PC,2026.5.16,1,0,0,0,4
2452983,search ad,naver,파워링크,PC,04.차종+일반,G70장기렌트,,/creatives/GNA/GNA/.PNG,PC,2026.5.16,1,0,0,0,1
2452983,search ad,naver,파워링크,PC,04.차종+일반,G70장기렌트,,/creatives/GNA/GNA/.PNG,PC,2026.5.18,3,0,0,0,4.3
2452983,search ad,naver,파워링크,PC,04.차종+일반,G70장기렌트,,/creatives/GNA/GNA/.PNG,PC,2026.5.19,2,0,0,0,1.5
2452983,search ad,naver,파워링크,PC,04.차종+일반,G70장기렌트,,/creatives/GNA/GNA/.PNG,PC,2026.5.20,1,0,0,0,2
2452983,search ad,naver,파워링크,PC,04.차종+일반,G70장기렌트,,/creatives/GNA/GNA/.PNG,PC,2026.5.21,3,0,0,0,2
2452983,search ad,naver,파워링크,PC,04.차종+일반,G70장기렌트비용,,/creatives/GNA/GNA/.PNG,PC,2026.5.20,6,0,0,0,3.5
2452983,search ad,naver,파워링크,PC,04.차종+일반,G80렌터카,,/creatives/GNA/GNA/.PNG,PC,2026.5.19,1,0,0,0,4
2452983,search ad,naver,파워링크,PC,04.차종+일반,G80렌트,,/creatives/GNA/GNA/.PNG,PC,2026.5.14,3,0,0,0,2.3
2452983,search ad,naver,파워링크,PC,04.차종+일반,G80렌트,,/creatives/GNA/GNA/.PNG,PC,2026.5.15,3,0,0,0,4
2452983,search ad,naver,파워링크,PC,04.차종+일반,G80렌트,,/creatives/GNA/GNA/.PNG,PC,2026.5.16,2,0,0,0,1.5
2452983,search ad,naver,파워링크,PC,04.차종+일반,G80렌트,,/creatives/GNA/GNA/.PNG,PC,2026.5.18,17,0,0,0,2.5
2452983,search ad,naver,파워링크,PC,04.차종+일반,G80렌트,,/creatives/GNA/GNA/.PNG,PC,2026.5.19,3,0,0,0,2.7
2452983,search ad,naver,파워링크,PC,04.차종+일반,G80렌트,,/creatives/GNA/GNA/.PNG,PC,2026.5.20,2,0,0,0,4
2452983,search ad,naver,파워링크,PC,04.차종+일반,G80렌트,,/creatives/GNA/GNA/.PNG,PC,2026.5.21,5,0,0,0,4.6
2452983,search ad,naver,파워링크,PC,04.차종+일반,G80렌트카,,/creatives/GNA/GNA/.PNG,PC,2026.5.15,2,0,0,0,3
2452983,search ad,naver,파워링크,PC,04.차종+일반,G80렌트카,,/creatives/GNA/GNA/.PNG,PC,2026.5.16,2,0,0,0,2
2452983,search ad,naver,파워링크,PC,04.차종+일반,G80렌트카,,/creatives/GNA/GNA/.PNG,PC,2026.5.18,2,0,0,0,1
2452983,search ad,naver,파워링크,PC,04.차종+일반,G80렌트카,,/creatives/GNA/GNA/.PNG,PC,2026.5.19,4,0,0,0,2.8
2452983,search ad,naver,파워링크,PC,04.차종+일반,G80렌트카비용,,/creatives/GNA/GNA/.PNG,PC,2026.5.16,1,0,0,0,2
2452983,search ad,naver,파워링크,PC,04.차종+일반,G80장기렌트,,/creatives/GNA/GNA/.PNG,PC,2026.5.14,2,0,0,0,5
2452983,search ad,naver,파워링크,PC,04.차종+일반,G80장기렌트,,/creatives/GNA/GNA/.PNG,PC,2026.5.15,7,0,0,0,4.7
2452983,search ad,naver,파워링크,PC,04.차종+일반,G80장기렌트,,/creatives/GNA/GNA/.PNG,PC,2026.5.16,2,0,0,0,1
2452983,search ad,naver,파워링크,PC,04.차종+일반,G80장기렌트,,/creatives/GNA/GNA/.PNG,PC,2026.5.18,15,0,0,0,4.9
2452983,search ad,naver,파워링크,PC,04.차종+일반,G80장기렌트,,/creatives/GNA/GNA/.PNG,PC,2026.5.19,9,1,12266,0,5.2
2452983,search ad,naver,파워링크,PC,04.차종+일반,G80장기렌트,,/creatives/GNA/GNA/.PNG,PC,2026.5.20,13,0,0,0,5.2
2452983,search ad,naver,파워링크,PC,04.차종+일반,G80장기렌트,,/creatives/GNA/GNA/.PNG,PC,2026.5.21,11,0,0,0,5.4
2452983,search ad,naver,파워링크,PC,04.차종+일반,G80장기렌트가격,,/creatives/GNA/GNA/.PNG,PC,2026.5.20,1,0,0,0,2
2452983,search ad,naver,파워링크,PC,04.차종+일반,G80장기렌트가격,,/creatives/GNA/GNA/.PNG,PC,2026.5.21,1,0,0,0,5
2452983,search ad,naver,파워링크,PC,04.차종+일반,G80장기렌트견적,,/creatives/GNA/GNA/.PNG,PC,2026.5.14,1,0,0,0,7
2452983,search ad,naver,파워링크,PC,04.차종+일반,G80장기렌트견적,,/creatives/GNA/GNA/.PNG,PC,2026.5.20,1,0,0,0,8
2452983,search ad,naver,파워링크,PC,04.차종+일반,G80장기렌트비용,,/creatives/GNA/GNA/.PNG,PC,2026.5.16,2,0,0,0,2.5
2452983,search ad,naver,파워링크,PC,04.차종+일반,G80장기렌트비용,,/creatives/GNA/GNA/.PNG,PC,2026.5.18,3,0,0,0,4
2452983,search ad,naver,파워링크,PC,04.차종+일반,G80장기렌트비용,,/creatives/GNA/GNA/.PNG,PC,2026.5.19,1,0,0,0,4
2452983,search ad,naver,파워링크,PC,04.차종+일반,G80장기렌트비용,,/creatives/GNA/GNA/.PNG,PC,2026.5.20,4,0,0,0,4.8
2452983,search ad,naver,파워링크,PC,04.차종+일반,G80장기렌트비용,,/creatives/GNA/GNA/.PNG,PC,2026.5.21,3,0,0,0,6.7
2452983,search ad,naver,파워링크,PC,04.차종+일반,G90렌트,,/creatives/GNA/GNA/.PNG,PC,2026.5.14,2,0,0,0,1.5
2452983,search ad,naver,파워링크,PC,04.차종+일반,G90렌트,,/creatives/GNA/GNA/.PNG,PC,2026.5.15,1,0,0,0,2
2452983,search ad,naver,파워링크,PC,04.차종+일반,G90렌트,,/creatives/GNA/GNA/.PNG,PC,2026.5.16,1,0,0,0,2
2452983,search ad,naver,파워링크,PC,04.차종+일반,G90렌트,,/creatives/GNA/GNA/.PNG,PC,2026.5.18,3,0,0,0,5
2452983,search ad,naver,파워링크,PC,04.차종+일반,G90렌트,,/creatives/GNA/GNA/.PNG,PC,2026.5.19,3,0,0,0,3.7
2452983,search ad,naver,파워링크,PC,04.차종+일반,G90렌트,,/creatives/GNA/GNA/.PNG,PC,2026.5.20,7,0,0,0,3.4
2452983,search ad,naver,파워링크,PC,04.차종+일반,G90렌트,,/creatives/GNA/GNA/.PNG,PC,2026.5.21,3,0,0,0,3.7
2452983,search ad,naver,파워링크,PC,04.차종+일반,G90렌트카,,/creatives/GNA/GNA/.PNG,PC,2026.5.15,1,0,0,0,5
2452983,search ad,naver,파워링크,PC,04.차종+일반,G90렌트카,,/creatives/GNA/GNA/.PNG,PC,2026.5.16,1,0,0,0,2
2452983,search ad,naver,파워링크,PC,04.차종+일반,G90렌트카,,/creatives/GNA/GNA/.PNG,PC,2026.5.20,3,0,0,0,4.3
2452983,search ad,naver,파워링크,PC,04.차종+일반,G90렌트카비용,,/creatives/GNA/GNA/.PNG,PC,2026.5.21,1,0,0,0,2
2452983,search ad,naver,파워링크,PC,04.차종+일반,G90장기렌트,,/creatives/GNA/GNA/.PNG,PC,2026.5.14,1,0,0,0,3
2452983,search ad,naver,파워링크,PC,04.차종+일반,G90장기렌트,,/creatives/GNA/GNA/.PNG,PC,2026.5.15,2,0,0,0,6
2452983,search ad,naver,파워링크,PC,04.차종+일반,G90장기렌트,,/creatives/GNA/GNA/.PNG,PC,2026.5.18,5,0,0,0,5
2452983,search ad,naver,파워링크,PC,04.차종+일반,G90장기렌트,,/creatives/GNA/GNA/.PNG,PC,2026.5.19,3,0,0,0,2.7
2452983,search ad,naver,파워링크,PC,04.차종+일반,G90장기렌트,,/creatives/GNA/GNA/.PNG,PC,2026.5.20,2,0,0,0,3.5
2452983,search ad,naver,파워링크,PC,04.차종+일반,G90장기렌트가격,,/creatives/GNA/GNA/.PNG,PC,2026.5.14,1,0,0,0,2
2452983,search ad,naver,파워링크,PC,04.차종+일반,G90장기렌트가격,,/creatives/GNA/GNA/.PNG,PC,2026.5.19,1,0,0,0,6
2452983,search ad,naver,파워링크,PC,04.차종+일반,G90장기렌트가격,,/creatives/GNA/GNA/.PNG,PC,2026.5.20,1,0,0,0,5
2452983,search ad,naver,파워링크,PC,04.차종+일반,G90장기렌트비용,,/creatives/GNA/GNA/.PNG,PC,2026.5.15,1,0,0,0,4
2452983,search ad,naver,파워링크,PC,04.차종+일반,G90장기렌트비용,,/creatives/GNA/GNA/.PNG,PC,2026.5.18,1,0,0,0,5
2452983,search ad,naver,파워링크,PC,04.차종+일반,GV70렌트,,/creatives/GNA/GNA/.PNG,PC,2026.5.14,3,0,0,0,2.3
2452983,search ad,naver,파워링크,PC,04.차종+일반,GV70렌트,,/creatives/GNA/GNA/.PNG,PC,2026.5.15,2,0,0,0,3.5
2452983,search ad,naver,파워링크,PC,04.차종+일반,GV70렌트,,/creatives/GNA/GNA/.PNG,PC,2026.5.18,2,0,0,0,3
2452983,search ad,naver,파워링크,PC,04.차종+일반,GV70렌트,,/creatives/GNA/GNA/.PNG,PC,2026.5.19,3,0,0,0,5.7
2452983,search ad,naver,파워링크,PC,04.차종+일반,GV70렌트,,/creatives/GNA/GNA/.PNG,PC,2026.5.20,2,0,0,0,4.5
2452983,search ad,naver,파워링크,PC,04.차종+일반,GV70렌트,,/creatives/GNA/GNA/.PNG,PC,2026.5.21,6,0,0,0,7.3
2452983,search ad,naver,파워링크,PC,04.차종+일반,GV70렌트카,,/creatives/GNA/GNA/.PNG,PC,2026.5.21,2,0,0,0,7
2452983,search ad,naver,파워링크,PC,04.차종+일반,GV70장기렌탈,,/creatives/GNA/GNA/.PNG,PC,2026.5.15,1,0,0,0,2
2452983,search ad,naver,파워링크,PC,04.차종+일반,GV70장기렌탈,,/creatives/GNA/GNA/.PNG,PC,2026.5.20,1,0,0,0,4
2452983,search ad,naver,파워링크,PC,04.차종+일반,GV70장기렌탈,,/creatives/GNA/GNA/.PNG,PC,2026.5.21,1,0,0,0,5
2452983,search ad,naver,파워링크,PC,04.차종+일반,GV70장기렌트,,/creatives/GNA/GNA/.PNG,PC,2026.5.15,6,0,0,0,4.8
2452983,search ad,naver,파워링크,PC,04.차종+일반,GV70장기렌트,,/creatives/GNA/GNA/.PNG,PC,2026.5.16,7,0,0,0,1
2452983,search ad,naver,파워링크,PC,04.차종+일반,GV70장기렌트,,/creatives/GNA/GNA/.PNG,PC,2026.5.18,24,0,0,0,6
2452983,search ad,naver,파워링크,PC,04.차종+일반,GV70장기렌트,,/creatives/GNA/GNA/.PNG,PC,2026.5.19,10,0,0,0,4.1
2452983,search ad,naver,파워링크,PC,04.차종+일반,GV70장기렌트,,/creatives/GNA/GNA/.PNG,PC,2026.5.20,6,0,0,0,5.7
2452983,search ad,naver,파워링크,PC,04.차종+일반,GV70장기렌트,,/creatives/GNA/GNA/.PNG,PC,2026.5.21,8,0,0,0,6.8
2452983,search ad,naver,파워링크,PC,04.차종+일반,GV70장기렌트견적,,/creatives/GNA/GNA/.PNG,PC,2026.5.18,1,0,0,0,5
2452983,search ad,naver,파워링크,PC,04.차종+일반,GV70장기렌트비용,,/creatives/GNA/GNA/.PNG,PC,2026.5.18,1,0,0,0,2
2452983,search ad,naver,파워링크,PC,04.차종+일반,GV70장기렌트비용,,/creatives/GNA/GNA/.PNG,PC,2026.5.19,4,0,0,0,2.8
2452983,search ad,naver,파워링크,PC,04.차종+일반,GV70장기렌트비용,,/creatives/GNA/GNA/.PNG,PC,2026.5.20,2,0,0,0,2.5
2452983,search ad,naver,파워링크,PC,04.차종+일반,GV70장기렌트비용,,/creatives/GNA/GNA/.PNG,PC,2026.5.21,5,0,0,0,2.6
2452983,search ad,naver,파워링크,PC,04.차종+일반,GV80렌터카,,/creatives/GNA/GNA/.PNG,PC,2026.5.16,1,0,0,0,3
2452983,search ad,naver,파워링크,PC,04.차종+일반,GV80렌트,,/creatives/GNA/GNA/.PNG,PC,2026.5.14,1,0,0,0,1
2452983,search ad,naver,파워링크,PC,04.차종+일반,GV80렌트,,/creatives/GNA/GNA/.PNG,PC,2026.5.15,1,0,0,0,7
2452983,search ad,naver,파워링크,PC,04.차종+일반,GV80렌트,,/creatives/GNA/GNA/.PNG,PC,2026.5.16,4,0,0,0,2
2452983,search ad,naver,파워링크,PC,04.차종+일반,GV80렌트,,/creatives/GNA/GNA/.PNG,PC,2026.5.18,2,0,0,0,7
2452983,search ad,naver,파워링크,PC,04.차종+일반,GV80렌트,,/creatives/GNA/GNA/.PNG,PC,2026.5.19,7,0,0,0,4.7
2452983,search ad,naver,파워링크,PC,04.차종+일반,GV80렌트,,/creatives/GNA/GNA/.PNG,PC,2026.5.20,6,0,0,0,5.3
2452983,search ad,naver,파워링크,PC,04.차종+일반,GV80렌트,,/creatives/GNA/GNA/.PNG,PC,2026.5.21,6,0,0,0,5
2452983,search ad,naver,파워링크,PC,04.차종+일반,GV80렌트카,,/creatives/GNA/GNA/.PNG,PC,2026.5.16,2,0,0,0,4
2452983,search ad,naver,파워링크,PC,04.차종+일반,GV80렌트카,,/creatives/GNA/GNA/.PNG,PC,2026.5.19,2,0,0,0,3
2452983,search ad,naver,파워링크,PC,04.차종+일반,GV80렌트카,,/creatives/GNA/GNA/.PNG,PC,2026.5.21,1,0,0,0,5
2452983,search ad,naver,파워링크,PC,04.차종+일반,GV80장기렌탈,,/creatives/GNA/GNA/.PNG,PC,2026.5.19,1,0,0,0,2
2452983,search ad,naver,파워링크,PC,04.차종+일반,GV80장기렌탈,,/creatives/GNA/GNA/.PNG,PC,2026.5.20,1,0,0,0,4
2452983,search ad,naver,파워링크,PC,04.차종+일반,GV80장기렌트,,/creatives/GNA/GNA/.PNG,PC,2026.5.14,6,0,0,0,2.3
2452983,search ad,naver,파워링크,PC,04.차종+일반,GV80장기렌트,,/creatives/GNA/GNA/.PNG,PC,2026.5.15,6,0,0,0,3.5
2452983,search ad,naver,파워링크,PC,04.차종+일반,GV80장기렌트,,/creatives/GNA/GNA/.PNG,PC,2026.5.16,8,0,0,0,2.1
2452983,search ad,naver,파워링크,PC,04.차종+일반,GV80장기렌트,,/creatives/GNA/GNA/.PNG,PC,2026.5.18,19,0,0,0,7.1
2452983,search ad,naver,파워링크,PC,04.차종+일반,GV80장기렌트,,/creatives/GNA/GNA/.PNG,PC,2026.5.19,10,0,0,0,5.8
2452983,search ad,naver,파워링크,PC,04.차종+일반,GV80장기렌트,,/creatives/GNA/GNA/.PNG,PC,2026.5.20,21,0,0,0,4.8
2452983,search ad,naver,파워링크,PC,04.차종+일반,GV80장기렌트,,/creatives/GNA/GNA/.PNG,PC,2026.5.21,15,0,0,0,4.5
2452983,search ad,naver,파워링크,PC,04.차종+일반,GV80장기렌트가격,,/creatives/GNA/GNA/.PNG,PC,2026.5.20,1,0,0,0,4
2452983,search ad,naver,파워링크,PC,04.차종+일반,GV80장기렌트가격,,/creatives/GNA/GNA/.PNG,PC,2026.5.21,1,0,0,0,3
2452983,search ad,naver,파워링크,PC,04.차종+일반,GV80장기렌트비용,,/creatives/GNA/GNA/.PNG,PC,2026.5.18,2,0,0,0,2
2452983,search ad,naver,파워링크,PC,04.차종+일반,GV80장기렌트비용,,/creatives/GNA/GNA/.PNG,PC,2026.5.19,3,0,0,0,2
2452983,search ad,naver,파워링크,PC,04.차종+일반,GV80장기렌트비용,,/creatives/GNA/GNA/.PNG,PC,2026.5.20,6,0,0,0,5.2
2452983,search ad,naver,파워링크,PC,04.차종+일반,GV80장기렌트비용,,/creatives/GNA/GNA/.PNG,PC,2026.5.21,6,0,0,0,5.2
2452983,search ad,naver,파워링크,PC,04.차종+일반,K5렌터카,,/creatives/GNA/GNA/.PNG,PC,2026.5.21,1,0,0,0,5
2452983,search ad,naver,파워링크,PC,04.차종+일반,K5렌트,,/creatives/GNA/GNA/.PNG,PC,2026.5.14,1,0,0,0,3
2452983,search ad,naver,파워링크,PC,04.차종+일반,K5렌트,,/creatives/GNA/GNA/.PNG,PC,2026.5.15,3,0,0,0,3
2452983,search ad,naver,파워링크,PC,04.차종+일반,K5렌트,,/creatives/GNA/GNA/.PNG,PC,2026.5.16,2,0,0,0,2.5
2452983,search ad,naver,파워링크,PC,04.차종+일반,K5렌트,,/creatives/GNA/GNA/.PNG,PC,2026.5.18,2,0,0,0,6
2452983,search ad,naver,파워링크,PC,04.차종+일반,K5렌트,,/creatives/GNA/GNA/.PNG,PC,2026.5.19,2,0,0,0,6
2452983,search ad,naver,파워링크,PC,04.차종+일반,K5렌트카,,/creatives/GNA/GNA/.PNG,PC,2026.5.19,10,0,0,0,2.2
2452983,search ad,naver,파워링크,PC,04.차종+일반,K5렌트카,,/creatives/GNA/GNA/.PNG,PC,2026.5.20,1,0,0,0,4
2452983,search ad,naver,파워링크,PC,04.차종+일반,K5장기렌트,,/creatives/GNA/GNA/.PNG,PC,2026.5.14,4,0,0,0,1
2452983,search ad,naver,파워링크,PC,04.차종+일반,K5장기렌트,,/creatives/GNA/GNA/.PNG,PC,2026.5.15,10,0,0,0,3.7
2452983,search ad,naver,파워링크,PC,04.차종+일반,K5장기렌트,,/creatives/GNA/GNA/.PNG,PC,2026.5.16,2,0,0,0,2
2452983,search ad,naver,파워링크,PC,04.차종+일반,K5장기렌트,,/creatives/GNA/GNA/.PNG,PC,2026.5.18,11,0,0,0,4.8
2452983,search ad,naver,파워링크,PC,04.차종+일반,K5장기렌트,,/creatives/GNA/GNA/.PNG,PC,2026.5.19,12,0,0,0,6.3
2452983,search ad,naver,파워링크,PC,04.차종+일반,K5장기렌트,,/creatives/GNA/GNA/.PNG,PC,2026.5.20,3,0,0,0,2.7
2452983,search ad,naver,파워링크,PC,04.차종+일반,K5장기렌트,,/creatives/GNA/GNA/.PNG,PC,2026.5.21,9,0,0,0,5
2452983,search ad,naver,파워링크,PC,04.차종+일반,K5장기렌트비용,,/creatives/GNA/GNA/.PNG,PC,2026.5.18,1,0,0,0,3
2452983,search ad,naver,파워링크,PC,04.차종+일반,K5장기렌트비용,,/creatives/GNA/GNA/.PNG,PC,2026.5.19,1,0,0,0,3
2452983,search ad,naver,파워링크,PC,04.차종+일반,K9렌트,,/creatives/GNA/GNA/.PNG,PC,2026.5.14,1,0,0,0,6
2452983,search ad,naver,파워링크,PC,04.차종+일반,K9렌트,,/creatives/GNA/GNA/.PNG,PC,2026.5.19,3,0,0,0,8
2452983,search ad,naver,파워링크,PC,04.차종+일반,K9렌트,,/creatives/GNA/GNA/.PNG,PC,2026.5.21,1,0,0,0,5
2452983,search ad,naver,파워링크,PC,04.차종+일반,K9장기렌트,,/creatives/GNA/GNA/.PNG,PC,2026.5.18,1,0,0,0,8
2452983,search ad,naver,파워링크,PC,04.차종+일반,K9장기렌트가격,,/creatives/GNA/GNA/.PNG,PC,2026.5.14,1,0,0,0,1
2452983,search ad,naver,파워링크,PC,04.차종+일반,K9장기렌트비용,,/creatives/GNA/GNA/.PNG,PC,2026.5.19,1,0,0,0,3
2452983,search ad,naver,파워링크,PC,04.차종+일반,QM6렌트카,,/creatives/GNA/GNA/.PNG,PC,2026.5.16,1,0,0,0,1
2452983,search ad,naver,파워링크,PC,04.차종+일반,QM6렌트카,,/creatives/GNA/GNA/.PNG,PC,2026.5.20,1,0,0,0,1
2452983,search ad,naver,파워링크,PC,04.차종+일반,QM6장기렌트,,/creatives/GNA/GNA/.PNG,PC,2026.5.19,1,0,0,0,3
2452983,search ad,naver,파워링크,PC,04.차종+일반,QM6장기렌트,,/creatives/GNA/GNA/.PNG,PC,2026.5.20,2,0,0,0,2.5
2452983,search ad,naver,파워링크,PC,04.차종+일반,QM6장기렌트,,/creatives/GNA/GNA/.PNG,PC,2026.5.21,2,0,0,0,4.5
2452983,search ad,naver,파워링크,PC,04.차종+일반,QM6장기렌트가격,,/creatives/GNA/GNA/.PNG,PC,2026.5.20,3,0,0,0,3
2452983,search ad,naver,파워링크,PC,04.차종+일반,SM6렌트,,/creatives/GNA/GNA/.PNG,PC,2026.5.18,1,0,0,0,4
2452983,search ad,naver,파워링크,PC,04.차종+일반,SM6렌트카,,/creatives/GNA/GNA/.PNG,PC,2026.5.16,1,0,0,0,12
2452983,search ad,naver,파워링크,PC,04.차종+일반,그랑콜레오스렌트,,/creatives/GNA/GNA/.PNG,PC,2026.5.14,1,0,0,0,2
2452983,search ad,naver,파워링크,PC,04.차종+일반,그랑콜레오스렌트,,/creatives/GNA/GNA/.PNG,PC,2026.5.15,1,0,0,0,2
2452983,search ad,naver,파워링크,PC,04.차종+일반,그랑콜레오스렌트,,/creatives/GNA/GNA/.PNG,PC,2026.5.18,1,0,0,0,2
2452983,search ad,naver,파워링크,PC,04.차종+일반,그랑콜레오스렌트,,/creatives/GNA/GNA/.PNG,PC,2026.5.19,1,0,0,0,2
2452983,search ad,naver,파워링크,PC,04.차종+일반,그랑콜레오스렌트,,/creatives/GNA/GNA/.PNG,PC,2026.5.20,1,0,0,0,2
2452983,search ad,naver,파워링크,PC,04.차종+일반,그랑콜레오스렌트카,,/creatives/GNA/GNA/.PNG,PC,2026.5.18,1,0,0,0,4
2452983,search ad,naver,파워링크,PC,04.차종+일반,그랑콜레오스장기렌트,,/creatives/GNA/GNA/.PNG,PC,2026.5.14,1,0,0,0,3
2452983,search ad,naver,파워링크,PC,04.차종+일반,그랑콜레오스장기렌트,,/creatives/GNA/GNA/.PNG,PC,2026.5.15,1,0,0,0,3
2452983,search ad,naver,파워링크,PC,04.차종+일반,그랑콜레오스장기렌트,,/creatives/GNA/GNA/.PNG,PC,2026.5.18,9,0,0,0,2.9
2452983,search ad,naver,파워링크,PC,04.차종+일반,그랑콜레오스장기렌트,,/creatives/GNA/GNA/.PNG,PC,2026.5.19,1,0,0,0,3
2452983,search ad,naver,파워링크,PC,04.차종+일반,그랑콜레오스장기렌트,,/creatives/GNA/GNA/.PNG,PC,2026.5.21,5,0,0,0,3
2452983,search ad,naver,파워링크,PC,04.차종+일반,그랜저렌터카,,/creatives/GNA/GNA/.PNG,PC,2026.5.18,2,0,0,0,2.5
2452983,search ad,naver,파워링크,PC,04.차종+일반,그랜저렌트,,/creatives/GNA/GNA/.PNG,PC,2026.5.15,7,0,0,0,3.4
2452983,search ad,naver,파워링크,PC,04.차종+일반,그랜저렌트,,/creatives/GNA/GNA/.PNG,PC,2026.5.16,3,0,0,0,2.7
2452983,search ad,naver,파워링크,PC,04.차종+일반,그랜저렌트,,/creatives/GNA/GNA/.PNG,PC,2026.5.18,15,0,0,0,4.3
2452983,search ad,naver,파워링크,PC,04.차종+일반,그랜저렌트,,/creatives/GNA/GNA/.PNG,PC,2026.5.19,7,0,0,0,4.3
2452983,search ad,naver,파워링크,PC,04.차종+일반,그랜저렌트,,/creatives/GNA/GNA/.PNG,PC,2026.5.20,4,0,0,0,4.5
2452983,search ad,naver,파워링크,PC,04.차종+일반,그랜저렌트,,/creatives/GNA/GNA/.PNG,PC,2026.5.21,10,0,0,0,4.9
2452983,search ad,naver,파워링크,PC,04.차종+일반,그랜저렌트카,,/creatives/GNA/GNA/.PNG,PC,2026.5.15,1,0,0,0,4
2452983,search ad,naver,파워링크,PC,04.차종+일반,그랜저렌트카,,/creatives/GNA/GNA/.PNG,PC,2026.5.16,1,0,0,0,1
2452983,search ad,naver,파워링크,PC,04.차종+일반,그랜저렌트카,,/creatives/GNA/GNA/.PNG,PC,2026.5.18,1,0,0,0,4
2452983,search ad,naver,파워링크,PC,04.차종+일반,그랜저렌트카,,/creatives/GNA/GNA/.PNG,PC,2026.5.19,3,0,0,0,3.3
2452983,search ad,naver,파워링크,PC,04.차종+일반,그랜저렌트카,,/creatives/GNA/GNA/.PNG,PC,2026.5.21,1,0,0,0,2
2452983,search ad,naver,파워링크,PC,04.차종+일반,그랜저렌트카비용,,/creatives/GNA/GNA/.PNG,PC,2026.5.21,1,0,0,0,2
2452983,search ad,naver,파워링크,PC,04.차종+일반,그랜저장기렌탈,,/creatives/GNA/GNA/.PNG,PC,2026.5.16,1,0,0,0,1
2452983,search ad,naver,파워링크,PC,04.차종+일반,그랜저장기렌탈,,/creatives/GNA/GNA/.PNG,PC,2026.5.18,2,0,0,0,5.5
2452983,search ad,naver,파워링크,PC,04.차종+일반,그랜저장기렌탈,,/creatives/GNA/GNA/.PNG,PC,2026.5.20,1,0,0,0,2
2452983,search ad,naver,파워링크,PC,04.차종+일반,그랜저장기렌트,,/creatives/GNA/GNA/.PNG,PC,2026.5.14,12,0,0,0,2.5
2452983,search ad,naver,파워링크,PC,04.차종+일반,그랜저장기렌트,,/creatives/GNA/GNA/.PNG,PC,2026.5.15,40,0,0,0,5.7
2452983,search ad,naver,파워링크,PC,04.차종+일반,그랜저장기렌트,,/creatives/GNA/GNA/.PNG,PC,2026.5.16,15,0,0,0,2.7
2452983,search ad,naver,파워링크,PC,04.차종+일반,그랜저장기렌트,,/creatives/GNA/GNA/.PNG,PC,2026.5.18,63,0,0,0,6.5
2452983,search ad,naver,파워링크,PC,04.차종+일반,그랜저장기렌트,,/creatives/GNA/GNA/.PNG,PC,2026.5.19,36,0,0,0,6.6
2452983,search ad,naver,파워링크,PC,04.차종+일반,그랜저장기렌트,,/creatives/GNA/GNA/.PNG,PC,2026.5.20,31,0,0,0,5.4
2452983,search ad,naver,파워링크,PC,04.차종+일반,그랜저장기렌트,,/creatives/GNA/GNA/.PNG,PC,2026.5.21,30,0,0,0,6.4
2452983,search ad,naver,파워링크,PC,04.차종+일반,그랜저장기렌트가격,,/creatives/GNA/GNA/.PNG,PC,2026.5.14,1,0,0,0,4
2452983,search ad,naver,파워링크,PC,04.차종+일반,그랜저장기렌트가격,,/creatives/GNA/GNA/.PNG,PC,2026.5.15,1,0,0,0,3
2452983,search ad,naver,파워링크,PC,04.차종+일반,그랜저장기렌트가격,,/creatives/GNA/GNA/.PNG,PC,2026.5.16,1,0,0,0,1
2452983,search ad,naver,파워링크,PC,04.차종+일반,그랜저장기렌트가격,,/creatives/GNA/GNA/.PNG,PC,2026.5.18,1,0,0,0,6
2452983,search ad,naver,파워링크,PC,04.차종+일반,그랜저장기렌트가격,,/creatives/GNA/GNA/.PNG,PC,2026.5.19,1,1,7983,0,5
2452983,search ad,naver,파워링크,PC,04.차종+일반,그랜저장기렌트가격,,/creatives/GNA/GNA/.PNG,PC,2026.5.20,3,0,0,0,6
2452983,search ad,naver,파워링크,PC,04.차종+일반,그랜저장기렌트가격,,/creatives/GNA/GNA/.PNG,PC,2026.5.21,1,0,0,0,4
2452983,search ad,naver,파워링크,PC,04.차종+일반,그랜저장기렌트견적,,/creatives/GNA/GNA/.PNG,PC,2026.5.18,1,0,0,0,5
2452983,search ad,naver,파워링크,PC,04.차종+일반,그랜저장기렌트견적,,/creatives/GNA/GNA/.PNG,PC,2026.5.19,2,0,0,0,7
2452983,search ad,naver,파워링크,PC,04.차종+일반,그랜저장기렌트견적,,/creatives/GNA/GNA/.PNG,PC,2026.5.21,1,0,0,0,6
2452983,search ad,naver,파워링크,PC,04.차종+일반,그랜저장기렌트비용,,/creatives/GNA/GNA/.PNG,PC,2026.5.16,5,0,0,0,2.4
2452983,search ad,naver,파워링크,PC,04.차종+일반,그랜저장기렌트비용,,/creatives/GNA/GNA/.PNG,PC,2026.5.18,4,0,0,0,3.8
2452983,search ad,naver,파워링크,PC,04.차종+일반,그랜저장기렌트비용,,/creatives/GNA/GNA/.PNG,PC,2026.5.20,1,0,0,0,3
2452983,search ad,naver,파워링크,PC,04.차종+일반,그랜저장기렌트비용,,/creatives/GNA/GNA/.PNG,PC,2026.5.21,2,0,0,0,3.5
2452983,search ad,naver,파워링크,PC,04.차종+일반,니로렌터카,,/creatives/GNA/GNA/.PNG,PC,2026.5.19,1,0,0,0,3
2452983,search ad,naver,파워링크,PC,04.차종+일반,니로렌트,,/creatives/GNA/GNA/.PNG,PC,2026.5.19,1,0,0,0,7
2452983,search ad,naver,파워링크,PC,04.차종+일반,니로렌트,,/creatives/GNA/GNA/.PNG,PC,2026.5.20,2,0,0,0,4
2452983,search ad,naver,파워링크,PC,04.차종+일반,니로렌트,,/creatives/GNA/GNA/.PNG,PC,2026.5.21,1,0,0,0,5
2452983,search ad,naver,파워링크,PC,04.차종+일반,니로렌트카,,/creatives/GNA/GNA/.PNG,PC,2026.5.16,1,0,0,0,7
2452983,search ad,naver,파워링크,PC,04.차종+일반,니로장기렌트,,/creatives/GNA/GNA/.PNG,PC,2026.5.15,2,0,0,0,2.5
2452983,search ad,naver,파워링크,PC,04.차종+일반,니로장기렌트,,/creatives/GNA/GNA/.PNG,PC,2026.5.18,1,0,0,0,2
2452983,search ad,naver,파워링크,PC,04.차종+일반,니로장기렌트,,/creatives/GNA/GNA/.PNG,PC,2026.5.19,4,0,0,0,6
2452983,search ad,naver,파워링크,PC,04.차종+일반,니로장기렌트,,/creatives/GNA/GNA/.PNG,PC,2026.5.20,7,0,0,0,5
2452983,search ad,naver,파워링크,PC,04.차종+일반,니로장기렌트,,/creatives/GNA/GNA/.PNG,PC,2026.5.21,2,0,0,0,7
2452983,search ad,naver,파워링크,PC,04.차종+일반,니로장기렌트가격,,/creatives/GNA/GNA/.PNG,PC,2026.5.21,1,0,0,0,1
2452983,search ad,naver,파워링크,PC,04.차종+일반,니로장기렌트비용,,/creatives/GNA/GNA/.PNG,PC,2026.5.14,1,0,0,0,3
2452983,search ad,naver,파워링크,PC,04.차종+일반,니로장기렌트비용,,/creatives/GNA/GNA/.PNG,PC,2026.5.20,2,0,0,0,2
2452983,search ad,naver,파워링크,PC,04.차종+일반,디올뉴그랜저렌트,,/creatives/GNA/GNA/.PNG,PC,2026.5.21,1,0,0,0,3
2452983,search ad,naver,파워링크,PC,04.차종+일반,디올뉴코나렌트,,/creatives/GNA/GNA/.PNG,PC,2026.5.20,2,0,0,0,1.5
2452983,search ad,naver,파워링크,PC,04.차종+일반,디올뉴코나장기렌트,,/creatives/GNA/GNA/.PNG,PC,2026.5.20,1,0,0,0,5
2452983,search ad,naver,파워링크,PC,04.차종+일반,레이렌터카,,/creatives/GNA/GNA/.PNG,PC,2026.5.21,1,0,0,0,7
2452983,search ad,naver,파워링크,PC,04.차종+일반,레이렌트,,/creatives/GNA/GNA/.PNG,PC,2026.5.14,3,0,0,0,2.3
2452983,search ad,naver,파워링크,PC,04.차종+일반,레이렌트,,/creatives/GNA/GNA/.PNG,PC,2026.5.15,8,0,0,0,4
2452983,search ad,naver,파워링크,PC,04.차종+일반,레이렌트,,/creatives/GNA/GNA/.PNG,PC,2026.5.16,5,0,0,0,2
2452983,search ad,naver,파워링크,PC,04.차종+일반,레이렌트,,/creatives/GNA/GNA/.PNG,PC,2026.5.18,14,0,0,0,5.4
2452983,search ad,naver,파워링크,PC,04.차종+일반,레이렌트,,/creatives/GNA/GNA/.PNG,PC,2026.5.19,9,0,0,0,6.6
2452983,search ad,naver,파워링크,PC,04.차종+일반,레이렌트,,/creatives/GNA/GNA/.PNG,PC,2026.5.20,13,0,0,0,5.5
2452983,search ad,naver,파워링크,PC,04.차종+일반,레이렌트,,/creatives/GNA/GNA/.PNG,PC,2026.5.21,8,0,0,0,5.5
2452983,search ad,naver,파워링크,PC,04.차종+일반,레이렌트카,,/creatives/GNA/GNA/.PNG,PC,2026.5.15,3,0,0,0,2.3
2452983,search ad,naver,파워링크,PC,04.차종+일반,레이렌트카,,/creatives/GNA/GNA/.PNG,PC,2026.5.16,1,0,0,0,2
2452983,search ad,naver,파워링크,PC,04.차종+일반,레이렌트카,,/creatives/GNA/GNA/.PNG,PC,2026.5.18,7,0,0,0,3.4
2452983,search ad,naver,파워링크,PC,04.차종+일반,레이렌트카,,/creatives/GNA/GNA/.PNG,PC,2026.5.19,5,0,0,0,3.8
2452983,search ad,naver,파워링크,PC,04.차종+일반,레이렌트카,,/creatives/GNA/GNA/.PNG,PC,2026.5.20,1,0,0,0,3
2452983,search ad,naver,파워링크,PC,04.차종+일반,레이렌트카,,/creatives/GNA/GNA/.PNG,PC,2026.5.21,1,0,0,0,4
2452983,search ad,naver,파워링크,PC,04.차종+일반,레이렌트카비용,,/creatives/GNA/GNA/.PNG,PC,2026.5.15,1,0,0,0,3
2452983,search ad,naver,파워링크,PC,04.차종+일반,레이렌트카비용,,/creatives/GNA/GNA/.PNG,PC,2026.5.16,1,0,0,0,1
2452983,search ad,naver,파워링크,PC,04.차종+일반,레이렌트카비용,,/creatives/GNA/GNA/.PNG,PC,2026.5.18,1,0,0,0,4
2452983,search ad,naver,파워링크,PC,04.차종+일반,레이렌트카비용,,/creatives/GNA/GNA/.PNG,PC,2026.5.20,1,0,0,0,3
2452983,search ad,naver,파워링크,PC,04.차종+일반,레이장기렌탈,,/creatives/GNA/GNA/.PNG,PC,2026.5.15,1,0,0,0,3
2452983,search ad,naver,파워링크,PC,04.차종+일반,레이장기렌탈,,/creatives/GNA/GNA/.PNG,PC,2026.5.19,1,0,0,0,6
2452983,search ad,naver,파워링크,PC,04.차종+일반,레이장기렌트,,/creatives/GNA/GNA/.PNG,PC,2026.5.14,8,1,9537,0,2.3
2452983,search ad,naver,파워링크,PC,04.차종+일반,레이장기렌트,,/creatives/GNA/GNA/.PNG,PC,2026.5.15,10,0,0,0,5.4
2452983,search ad,naver,파워링크,PC,04.차종+일반,레이장기렌트,,/creatives/GNA/GNA/.PNG,PC,2026.5.16,11,1,8028,0,1.4
2452983,search ad,naver,파워링크,PC,04.차종+일반,레이장기렌트,,/creatives/GNA/GNA/.PNG,PC,2026.5.18,19,0,0,0,4.8
2452983,search ad,naver,파워링크,PC,04.차종+일반,레이장기렌트,,/creatives/GNA/GNA/.PNG,PC,2026.5.19,13,0,0,0,5.6
2452983,search ad,naver,파워링크,PC,04.차종+일반,레이장기렌트,,/creatives/GNA/GNA/.PNG,PC,2026.5.20,17,0,0,0,5.5
2452983,search ad,naver,파워링크,PC,04.차종+일반,레이장기렌트,,/creatives/GNA/GNA/.PNG,PC,2026.5.21,22,0,0,0,6.3
2452983,search ad,naver,파워링크,PC,04.차종+일반,레이장기렌트가격,,/creatives/GNA/GNA/.PNG,PC,2026.5.14,1,0,0,0,2
2452983,search ad,naver,파워링크,PC,04.차종+일반,레이장기렌트가격,,/creatives/GNA/GNA/.PNG,PC,2026.5.19,1,0,0,0,5
2452983,search ad,naver,파워링크,PC,04.차종+일반,레이장기렌트가격,,/creatives/GNA/GNA/.PNG,PC,2026.5.20,2,0,0,0,2
2452983,search ad,naver,파워링크,PC,04.차종+일반,레이장기렌트견적,,/creatives/GNA/GNA/.PNG,PC,2026.5.14,1,0,0,0,1
2452983,search ad,naver,파워링크,PC,04.차종+일반,레이장기렌트견적,,/creatives/GNA/GNA/.PNG,PC,2026.5.18,1,0,0,0,4
2452983,search ad,naver,파워링크,PC,04.차종+일반,레이장기렌트비용,,/creatives/GNA/GNA/.PNG,PC,2026.5.15,4,0,0,0,3.5
2452983,search ad,naver,파워링크,PC,04.차종+일반,레이장기렌트비용,,/creatives/GNA/GNA/.PNG,PC,2026.5.16,3,0,0,0,2
2452983,search ad,naver,파워링크,PC,04.차종+일반,레이장기렌트비용,,/creatives/GNA/GNA/.PNG,PC,2026.5.18,4,0,0,0,8
2452983,search ad,naver,파워링크,PC,04.차종+일반,레이장기렌트비용,,/creatives/GNA/GNA/.PNG,PC,2026.5.19,6,0,0,0,8.8
2452983,search ad,naver,파워링크,PC,04.차종+일반,레이장기렌트비용,,/creatives/GNA/GNA/.PNG,PC,2026.5.20,5,0,0,0,5.6
2452983,search ad,naver,파워링크,PC,04.차종+일반,레이장기렌트비용,,/creatives/GNA/GNA/.PNG,PC,2026.5.21,4,0,0,0,8.8
2452983,search ad,naver,파워링크,PC,04.차종+일반,렉스턴렌트,,/creatives/GNA/GNA/.PNG,PC,2026.5.15,1,0,0,0,6
2452983,search ad,naver,파워링크,PC,04.차종+일반,렉스턴렌트,,/creatives/GNA/GNA/.PNG,PC,2026.5.16,2,0,0,0,2.5
2452983,search ad,naver,파워링크,PC,04.차종+일반,렉스턴렌트,,/creatives/GNA/GNA/.PNG,PC,2026.5.19,1,0,0,0,5
2452983,search ad,naver,파워링크,PC,04.차종+일반,렉스턴장기렌트,,/creatives/GNA/GNA/.PNG,PC,2026.5.16,1,0,0,0,1
2452983,search ad,naver,파워링크,PC,04.차종+일반,렉스턴장기렌트,,/creatives/GNA/GNA/.PNG,PC,2026.5.18,1,0,0,0,5
2452983,search ad,naver,파워링크,PC,04.차종+일반,렉스턴장기렌트,,/creatives/GNA/GNA/.PNG,PC,2026.5.20,2,0,0,0,2.5
2452983,search ad,naver,파워링크,PC,04.차종+일반,모닝렌트,,/creatives/GNA/GNA/.PNG,PC,2026.5.14,3,0,0,0,3.7
2452983,search ad,naver,파워링크,PC,04.차종+일반,모닝렌트,,/creatives/GNA/GNA/.PNG,PC,2026.5.15,4,0,0,0,4.8
2452983,search ad,naver,파워링크,PC,04.차종+일반,모닝렌트,,/creatives/GNA/GNA/.PNG,PC,2026.5.16,6,0,0,0,3
2452983,search ad,naver,파워링크,PC,04.차종+일반,모닝렌트,,/creatives/GNA/GNA/.PNG,PC,2026.5.18,7,0,0,0,4.1
2452983,search ad,naver,파워링크,PC,04.차종+일반,모닝렌트,,/creatives/GNA/GNA/.PNG,PC,2026.5.19,5,0,0,0,5.6
2452983,search ad,naver,파워링크,PC,04.차종+일반,모닝렌트,,/creatives/GNA/GNA/.PNG,PC,2026.5.20,8,0,0,0,3.9
2452983,search ad,naver,파워링크,PC,04.차종+일반,모닝렌트,,/creatives/GNA/GNA/.PNG,PC,2026.5.21,4,0,0,0,4.5
2452983,search ad,naver,파워링크,PC,04.차종+일반,모닝렌트카,,/creatives/GNA/GNA/.PNG,PC,2026.5.15,3,0,0,0,2.7
2452983,search ad,naver,파워링크,PC,04.차종+일반,모닝렌트카,,/creatives/GNA/GNA/.PNG,PC,2026.5.16,1,0,0,0,4
2452983,search ad,naver,파워링크,PC,04.차종+일반,모닝렌트카,,/creatives/GNA/GNA/.PNG,PC,2026.5.18,2,0,0,0,3.5
2452983,search ad,naver,파워링크,PC,04.차종+일반,모닝렌트카,,/creatives/GNA/GNA/.PNG,PC,2026.5.19,5,0,0,0,4.8
2452983,search ad,naver,파워링크,PC,04.차종+일반,모닝렌트카,,/creatives/GNA/GNA/.PNG,PC,2026.5.20,1,0,0,0,3
2452983,search ad,naver,파워링크,PC,04.차종+일반,모닝렌트카비용,,/creatives/GNA/GNA/.PNG,PC,2026.5.21,4,0,0,0,3
2452983,search ad,naver,파워링크,PC,04.차종+일반,모닝장기렌탈,,/creatives/GNA/GNA/.PNG,PC,2026.5.15,1,0,0,0,2
2452983,search ad,naver,파워링크,PC,04.차종+일반,모닝장기렌트,,/creatives/GNA/GNA/.PNG,PC,2026.5.14,6,0,0,0,3.7
2452983,search ad,naver,파워링크,PC,04.차종+일반,모닝장기렌트,,/creatives/GNA/GNA/.PNG,PC,2026.5.15,4,0,0,0,4.8
2452983,search ad,naver,파워링크,PC,04.차종+일반,모닝장기렌트,,/creatives/GNA/GNA/.PNG,PC,2026.5.16,6,0,0,0,1.2
2452983,search ad,naver,파워링크,PC,04.차종+일반,모닝장기렌트,,/creatives/GNA/GNA/.PNG,PC,2026.5.18,10,0,0,0,5.1
2452983,search ad,naver,파워링크,PC,04.차종+일반,모닝장기렌트,,/creatives/GNA/GNA/.PNG,PC,2026.5.19,28,0,0,0,5.8
2452983,search ad,naver,파워링크,PC,04.차종+일반,모닝장기렌트,,/creatives/GNA/GNA/.PNG,PC,2026.5.20,13,0,0,0,6.8
2452983,search ad,naver,파워링크,PC,04.차종+일반,모닝장기렌트,,/creatives/GNA/GNA/.PNG,PC,2026.5.21,10,0,0,0,5.3
2452983,search ad,naver,파워링크,PC,04.차종+일반,모닝장기렌트비용,,/creatives/GNA/GNA/.PNG,PC,2026.5.15,1,0,0,0,5
2452983,search ad,naver,파워링크,PC,04.차종+일반,모닝장기렌트비용,,/creatives/GNA/GNA/.PNG,PC,2026.5.19,4,0,0,0,2.8
2452983,search ad,naver,파워링크,PC,04.차종+일반,모닝장기렌트비용,,/creatives/GNA/GNA/.PNG,PC,2026.5.20,1,0,0,0,4
2452983,search ad,naver,파워링크,PC,04.차종+일반,모닝장기렌트비용,,/creatives/GNA/GNA/.PNG,PC,2026.5.21,1,0,0,0,5
2452983,search ad,naver,파워링크,PC,04.차종+일반,셀토스렌트,,/creatives/GNA/GNA/.PNG,PC,2026.5.14,1,0,0,0,1
2452983,search ad,naver,파워링크,PC,04.차종+일반,셀토스렌트,,/creatives/GNA/GNA/.PNG,PC,2026.5.15,4,0,0,0,2.3
2452983,search ad,naver,파워링크,PC,04.차종+일반,셀토스렌트,,/creatives/GNA/GNA/.PNG,PC,2026.5.16,2,0,0,0,1
2452983,search ad,naver,파워링크,PC,04.차종+일반,셀토스렌트,,/creatives/GNA/GNA/.PNG,PC,2026.5.18,9,0,0,0,3.7
2452983,search ad,naver,파워링크,PC,04.차종+일반,셀토스렌트,,/creatives/GNA/GNA/.PNG,PC,2026.5.19,10,0,0,0,4
2452983,search ad,naver,파워링크,PC,04.차종+일반,셀토스렌트,,/creatives/GNA/GNA/.PNG,PC,2026.5.20,6,0,0,0,2.5
2452983,search ad,naver,파워링크,PC,04.차종+일반,셀토스렌트,,/creatives/GNA/GNA/.PNG,PC,2026.5.21,3,1,6382,0,3
2452983,search ad,naver,파워링크,PC,04.차종+일반,셀토스렌트카,,/creatives/GNA/GNA/.PNG,PC,2026.5.15,1,0,0,0,5
2452983,search ad,naver,파워링크,PC,04.차종+일반,셀토스렌트카,,/creatives/GNA/GNA/.PNG,PC,2026.5.16,2,0,0,0,2
2452983,search ad,naver,파워링크,PC,04.차종+일반,셀토스렌트카,,/creatives/GNA/GNA/.PNG,PC,2026.5.18,2,0,0,0,4
2452983,search ad,naver,파워링크,PC,04.차종+일반,셀토스렌트카,,/creatives/GNA/GNA/.PNG,PC,2026.5.19,3,0,0,0,5.7
2452983,search ad,naver,파워링크,PC,04.차종+일반,셀토스렌트카,,/creatives/GNA/GNA/.PNG,PC,2026.5.20,1,0,0,0,3
2452983,search ad,naver,파워링크,PC,04.차종+일반,셀토스장기렌탈,,/creatives/GNA/GNA/.PNG,PC,2026.5.20,1,0,0,0,2
2452983,search ad,naver,파워링크,PC,04.차종+일반,셀토스장기렌트,,/creatives/GNA/GNA/.PNG,PC,2026.5.14,8,0,0,0,2.5
2452983,search ad,naver,파워링크,PC,04.차종+일반,셀토스장기렌트,,/creatives/GNA/GNA/.PNG,PC,2026.5.15,12,0,0,0,5.1
2452983,search ad,naver,파워링크,PC,04.차종+일반,셀토스장기렌트,,/creatives/GNA/GNA/.PNG,PC,2026.5.16,10,0,0,0,3.5
2452983,search ad,naver,파워링크,PC,04.차종+일반,셀토스장기렌트,,/creatives/GNA/GNA/.PNG,PC,2026.5.18,17,0,0,0,6.4
2452983,search ad,naver,파워링크,PC,04.차종+일반,셀토스장기렌트,,/creatives/GNA/GNA/.PNG,PC,2026.5.19,11,0,0,0,6.8
2452983,search ad,naver,파워링크,PC,04.차종+일반,셀토스장기렌트,,/creatives/GNA/GNA/.PNG,PC,2026.5.20,17,0,0,0,5.7
2452983,search ad,naver,파워링크,PC,04.차종+일반,셀토스장기렌트,,/creatives/GNA/GNA/.PNG,PC,2026.5.21,22,0,0,0,5.5
2452983,search ad,naver,파워링크,PC,04.차종+일반,셀토스장기렌트견적,,/creatives/GNA/GNA/.PNG,PC,2026.5.14,1,0,0,0,1
2452983,search ad,naver,파워링크,PC,04.차종+일반,셀토스장기렌트견적,,/creatives/GNA/GNA/.PNG,PC,2026.5.15,1,0,0,0,7
2452983,search ad,naver,파워링크,PC,04.차종+일반,셀토스장기렌트비용,,/creatives/GNA/GNA/.PNG,PC,2026.5.16,1,0,0,0,4
2452983,search ad,naver,파워링크,PC,04.차종+일반,셀토스장기렌트비용,,/creatives/GNA/GNA/.PNG,PC,2026.5.19,3,0,0,0,7
2452983,search ad,naver,파워링크,PC,04.차종+일반,셀토스장기렌트비용,,/creatives/GNA/GNA/.PNG,PC,2026.5.20,1,0,0,0,4
2452983,search ad,naver,파워링크,PC,04.차종+일반,셀토스장기렌트비용,,/creatives/GNA/GNA/.PNG,PC,2026.5.21,4,0,0,0,4.8
2452983,search ad,naver,파워링크,PC,04.차종+일반,소나타디엣지렌트,,/creatives/GNA/GNA/.PNG,PC,2026.5.18,1,0,0,0,4
2452983,search ad,naver,파워링크,PC,04.차종+일반,소나타디엣지렌트,,/creatives/GNA/GNA/.PNG,PC,2026.5.19,1,0,0,0,3
2452983,search ad,naver,파워링크,PC,04.차종+일반,소나타렌트,,/creatives/GNA/GNA/.PNG,PC,2026.5.18,4,0,0,0,4.8
2452983,search ad,naver,파워링크,PC,04.차종+일반,소나타렌트,,/creatives/GNA/GNA/.PNG,PC,2026.5.19,2,0,0,0,4.5
2452983,search ad,naver,파워링크,PC,04.차종+일반,소나타렌트,,/creatives/GNA/GNA/.PNG,PC,2026.5.20,2,0,0,0,3.5
2452983,search ad,naver,파워링크,PC,04.차종+일반,소나타렌트,,/creatives/GNA/GNA/.PNG,PC,2026.5.21,3,0,0,0,4.3
2452983,search ad,naver,파워링크,PC,04.차종+일반,소나타렌트카,,/creatives/GNA/GNA/.PNG,PC,2026.5.19,1,0,0,0,6
2452983,search ad,naver,파워링크,PC,04.차종+일반,소나타렌트카,,/creatives/GNA/GNA/.PNG,PC,2026.5.20,2,0,0,0,5
2452983,search ad,naver,파워링크,PC,04.차종+일반,소나타장기렌트,,/creatives/GNA/GNA/.PNG,PC,2026.5.14,1,0,0,0,2
2452983,search ad,naver,파워링크,PC,04.차종+일반,소나타장기렌트,,/creatives/GNA/GNA/.PNG,PC,2026.5.15,2,0,0,0,5.5
2452983,search ad,naver,파워링크,PC,04.차종+일반,소나타장기렌트,,/creatives/GNA/GNA/.PNG,PC,2026.5.16,2,0,0,0,1
2452983,search ad,naver,파워링크,PC,04.차종+일반,소나타장기렌트,,/creatives/GNA/GNA/.PNG,PC,2026.5.18,3,0,0,0,7
2452983,search ad,naver,파워링크,PC,04.차종+일반,소나타장기렌트,,/creatives/GNA/GNA/.PNG,PC,2026.5.19,5,0,0,0,6
2452983,search ad,naver,파워링크,PC,04.차종+일반,소나타장기렌트,,/creatives/GNA/GNA/.PNG,PC,2026.5.20,6,0,0,0,4.7
2452983,search ad,naver,파워링크,PC,04.차종+일반,소나타장기렌트,,/creatives/GNA/GNA/.PNG,PC,2026.5.21,4,0,0,0,9.5
2452983,search ad,naver,파워링크,PC,04.차종+일반,소나타장기렌트견적,,/creatives/GNA/GNA/.PNG,PC,2026.5.18,1,0,0,0,3
2452983,search ad,naver,파워링크,PC,04.차종+일반,소나타장기렌트견적,,/creatives/GNA/GNA/.PNG,PC,2026.5.20,1,0,0,0,6
2452983,search ad,naver,파워링크,PC,04.차종+일반,소나타장기렌트견적,,/creatives/GNA/GNA/.PNG,PC,2026.5.21,1,0,0,0,6
2452983,search ad,naver,파워링크,PC,04.차종+일반,소나타장기렌트비용,,/creatives/GNA/GNA/.PNG,PC,2026.5.20,1,0,0,0,2
2452983,search ad,naver,파워링크,PC,04.차종+일반,스타리아렌터카,,/creatives/GNA/GNA/.PNG,PC,2026.5.14,1,0,0,0,2
2452983,search ad,naver,파워링크,PC,04.차종+일반,스타리아렌터카,,/creatives/GNA/GNA/.PNG,PC,2026.5.16,1,0,0,0,1
2452983,search ad,naver,파워링크,PC,04.차종+일반,스타리아렌터카,,/creatives/GNA/GNA/.PNG,PC,2026.5.18,2,0,0,0,3
2452983,search ad,naver,파워링크,PC,04.차종+일반,스타리아렌터카,,/creatives/GNA/GNA/.PNG,PC,2026.5.19,1,0,0,0,1
2452983,search ad,naver,파워링크,PC,04.차종+일반,스타리아렌터카,,/creatives/GNA/GNA/.PNG,PC,2026.5.21,2,0,0,0,5
2452983,search ad,naver,파워링크,PC,04.차종+일반,스타리아렌트,,/creatives/GNA/GNA/.PNG,PC,2026.5.14,9,0,0,0,3.1
2452983,search ad,naver,파워링크,PC,04.차종+일반,스타리아렌트,,/creatives/GNA/GNA/.PNG,PC,2026.5.15,13,0,0,0,5.8
2452983,search ad,naver,파워링크,PC,04.차종+일반,스타리아렌트,,/creatives/GNA/GNA/.PNG,PC,2026.5.16,3,0,0,0,4.3
2452983,search ad,naver,파워링크,PC,04.차종+일반,스타리아렌트,,/creatives/GNA/GNA/.PNG,PC,2026.5.18,29,0,0,0,6.8
2452983,search ad,naver,파워링크,PC,04.차종+일반,스타리아렌트,,/creatives/GNA/GNA/.PNG,PC,2026.5.19,41,0,0,0,6.8
2452983,search ad,naver,파워링크,PC,04.차종+일반,스타리아렌트,,/creatives/GNA/GNA/.PNG,PC,2026.5.20,27,0,0,0,6.4
2452983,search ad,naver,파워링크,PC,04.차종+일반,스타리아렌트,,/creatives/GNA/GNA/.PNG,PC,2026.5.21,16,0,0,0,6
2452983,search ad,naver,파워링크,PC,04.차종+일반,스타리아렌트카,,/creatives/GNA/GNA/.PNG,PC,2026.5.14,2,0,0,0,4.5
2452983,search ad,naver,파워링크,PC,04.차종+일반,스타리아렌트카,,/creatives/GNA/GNA/.PNG,PC,2026.5.15,7,0,0,0,5.4
2452983,search ad,naver,파워링크,PC,04.차종+일반,스타리아렌트카,,/creatives/GNA/GNA/.PNG,PC,2026.5.16,4,0,0,0,2
2452983,search ad,naver,파워링크,PC,04.차종+일반,스타리아렌트카,,/creatives/GNA/GNA/.PNG,PC,2026.5.18,12,0,0,0,5.9
2452983,search ad,naver,파워링크,PC,04.차종+일반,스타리아렌트카,,/creatives/GNA/GNA/.PNG,PC,2026.5.19,16,0,0,0,6.3
2452983,search ad,naver,파워링크,PC,04.차종+일반,스타리아렌트카,,/creatives/GNA/GNA/.PNG,PC,2026.5.20,6,0,0,0,7.2
2452983,search ad,naver,파워링크,PC,04.차종+일반,스타리아렌트카,,/creatives/GNA/GNA/.PNG,PC,2026.5.21,3,0,0,0,6.7
2452983,search ad,naver,파워링크,PC,04.차종+일반,스타리아렌트카비용,,/creatives/GNA/GNA/.PNG,PC,2026.5.16,1,0,0,0,2
2452983,search ad,naver,파워링크,PC,04.차종+일반,스타리아렌트카비용,,/creatives/GNA/GNA/.PNG,PC,2026.5.19,1,0,0,0,5
2452983,search ad,naver,파워링크,PC,04.차종+일반,스타리아렌트카비용,,/creatives/GNA/GNA/.PNG,PC,2026.5.20,1,0,0,0,1
2452983,search ad,naver,파워링크,PC,04.차종+일반,스타리아장기렌탈,,/creatives/GNA/GNA/.PNG,PC,2026.5.15,1,0,0,0,2
2452983,search ad,naver,파워링크,PC,04.차종+일반,스타리아장기렌탈,,/creatives/GNA/GNA/.PNG,PC,2026.5.19,1,0,0,0,1
2452983,search ad,naver,파워링크,PC,04.차종+일반,스타리아장기렌트,,/creatives/GNA/GNA/.PNG,PC,2026.5.14,9,0,0,0,4.3
2452983,search ad,naver,파워링크,PC,04.차종+일반,스타리아장기렌트,,/creatives/GNA/GNA/.PNG,PC,2026.5.15,2,0,0,0,2.5
2452983,search ad,naver,파워링크,PC,04.차종+일반,스타리아장기렌트,,/creatives/GNA/GNA/.PNG,PC,2026.5.16,2,0,0,0,2
2452983,search ad,naver,파워링크,PC,04.차종+일반,스타리아장기렌트,,/creatives/GNA/GNA/.PNG,PC,2026.5.18,9,0,0,0,5.6
2452983,search ad,naver,파워링크,PC,04.차종+일반,스타리아장기렌트,,/creatives/GNA/GNA/.PNG,PC,2026.5.19,9,0,0,0,6.2
2452983,search ad,naver,파워링크,PC,04.차종+일반,스타리아장기렌트,,/creatives/GNA/GNA/.PNG,PC,2026.5.20,12,0,0,0,4.8
2452983,search ad,naver,파워링크,PC,04.차종+일반,스타리아장기렌트,,/creatives/GNA/GNA/.PNG,PC,2026.5.21,10,0,0,0,5.6
2452983,search ad,naver,파워링크,PC,04.차종+일반,스타리아장기렌트비용,,/creatives/GNA/GNA/.PNG,PC,2026.5.14,1,0,0,0,2
2452983,search ad,naver,파워링크,PC,04.차종+일반,스타리아장기렌트비용,,/creatives/GNA/GNA/.PNG,PC,2026.5.15,1,0,0,0,5
2452983,search ad,naver,파워링크,PC,04.차종+일반,스타리아장기렌트비용,,/creatives/GNA/GNA/.PNG,PC,2026.5.16,1,0,0,0,1
2452983,search ad,naver,파워링크,PC,04.차종+일반,스타리아장기렌트비용,,/creatives/GNA/GNA/.PNG,PC,2026.5.18,2,0,0,0,3
2452983,search ad,naver,파워링크,PC,04.차종+일반,스타리아장기렌트비용,,/creatives/GNA/GNA/.PNG,PC,2026.5.21,4,0,0,0,3.8
2452983,search ad,naver,파워링크,PC,04.차종+일반,스타리아하이브리드장기렌트,,/creatives/GNA/GNA/.PNG,PC,2026.5.18,5,0,0,0,3.2
2452983,search ad,naver,파워링크,PC,04.차종+일반,스타리아하이브리드장기렌트,,/creatives/GNA/GNA/.PNG,PC,2026.5.19,8,0,0,0,2.1
2452983,search ad,naver,파워링크,PC,04.차종+일반,스타리아하이브리드장기렌트,,/creatives/GNA/GNA/.PNG,PC,2026.5.20,3,0,0,0,2
2452983,search ad,naver,파워링크,PC,04.차종+일반,스타리아하이브리드장기렌트,,/creatives/GNA/GNA/.PNG,PC,2026.5.21,3,0,0,0,1.3
2452983,search ad,naver,파워링크,PC,04.차종+일반,스포티지렌트,,/creatives/GNA/GNA/.PNG,PC,2026.5.14,1,0,0,0,3
2452983,search ad,naver,파워링크,PC,04.차종+일반,스포티지렌트,,/creatives/GNA/GNA/.PNG,PC,2026.5.15,6,0,0,0,3
2452983,search ad,naver,파워링크,PC,04.차종+일반,스포티지렌트,,/creatives/GNA/GNA/.PNG,PC,2026.5.19,4,0,0,0,2.5
2452983,search ad,naver,파워링크,PC,04.차종+일반,스포티지렌트,,/creatives/GNA/GNA/.PNG,PC,2026.5.20,3,0,0,0,3.3
2452983,search ad,naver,파워링크,PC,04.차종+일반,스포티지렌트,,/creatives/GNA/GNA/.PNG,PC,2026.5.21,4,0,0,0,5
2452983,search ad,naver,파워링크,PC,04.차종+일반,스포티지렌트카,,/creatives/GNA/GNA/.PNG,PC,2026.5.18,1,0,0,0,3
2452983,search ad,naver,파워링크,PC,04.차종+일반,스포티지렌트카,,/creatives/GNA/GNA/.PNG,PC,2026.5.19,1,0,0,0,4
2452983,search ad,naver,파워링크,PC,04.차종+일반,스포티지렌트카,,/creatives/GNA/GNA/.PNG,PC,2026.5.20,1,1,4431,0,3
2452983,search ad,naver,파워링크,PC,04.차종+일반,스포티지렌트카비용,,/creatives/GNA/GNA/.PNG,PC,2026.5.15,1,0,0,0,2
2452983,search ad,naver,파워링크,PC,04.차종+일반,스포티지렌트카비용,,/creatives/GNA/GNA/.PNG,PC,2026.5.20,1,1,3299,0,2
2452983,search ad,naver,파워링크,PC,04.차종+일반,스포티지렌트카비용,,/creatives/GNA/GNA/.PNG,PC,2026.5.21,1,0,0,0,2
2452983,search ad,naver,파워링크,PC,04.차종+일반,스포티지장기렌탈,,/creatives/GNA/GNA/.PNG,PC,2026.5.20,1,0,0,0,4
2452983,search ad,naver,파워링크,PC,04.차종+일반,스포티지장기렌트,,/creatives/GNA/GNA/.PNG,PC,2026.5.14,6,0,0,0,1.7
2452983,search ad,naver,파워링크,PC,04.차종+일반,스포티지장기렌트,,/creatives/GNA/GNA/.PNG,PC,2026.5.15,12,0,0,0,3.8
2452983,search ad,naver,파워링크,PC,04.차종+일반,스포티지장기렌트,,/creatives/GNA/GNA/.PNG,PC,2026.5.16,9,0,0,0,1.6
2452983,search ad,naver,파워링크,PC,04.차종+일반,스포티지장기렌트,,/creatives/GNA/GNA/.PNG,PC,2026.5.18,19,0,0,0,5.8
2452983,search ad,naver,파워링크,PC,04.차종+일반,스포티지장기렌트,,/creatives/GNA/GNA/.PNG,PC,2026.5.19,9,0,0,0,6.3
2452983,search ad,naver,파워링크,PC,04.차종+일반,스포티지장기렌트,,/creatives/GNA/GNA/.PNG,PC,2026.5.20,7,0,0,0,5
2452983,search ad,naver,파워링크,PC,04.차종+일반,스포티지장기렌트,,/creatives/GNA/GNA/.PNG,PC,2026.5.21,10,1,12951,0,4
2452983,search ad,naver,파워링크,PC,04.차종+일반,스포티지장기렌트가격,,/creatives/GNA/GNA/.PNG,PC,2026.5.15,4,0,0,0,2.3
2452983,search ad,naver,파워링크,PC,04.차종+일반,스포티지장기렌트가격,,/creatives/GNA/GNA/.PNG,PC,2026.5.20,1,0,0,0,8
2452983,search ad,naver,파워링크,PC,04.차종+일반,스포티지장기렌트가격,,/creatives/GNA/GNA/.PNG,PC,2026.5.21,1,0,0,0,3
2452983,search ad,naver,파워링크,PC,04.차종+일반,스포티지장기렌트비용,,/creatives/GNA/GNA/.PNG,PC,2026.5.15,2,0,0,0,5
2452983,search ad,naver,파워링크,PC,04.차종+일반,스포티지장기렌트비용,,/creatives/GNA/GNA/.PNG,PC,2026.5.19,2,0,0,0,6.5
2452983,search ad,naver,파워링크,PC,04.차종+일반,스포티지장기렌트비용,,/creatives/GNA/GNA/.PNG,PC,2026.5.20,3,0,0,0,3
2452983,search ad,naver,파워링크,PC,04.차종+일반,쏘나타디엣지렌트,,/creatives/GNA/GNA/.PNG,PC,2026.5.19,1,0,0,0,3
2452983,search ad,naver,파워링크,PC,04.차종+일반,쏘나타디엣지렌트,,/creatives/GNA/GNA/.PNG,PC,2026.5.20,1,0,0,0,2
2452983,search ad,naver,파워링크,PC,04.차종+일반,쏘나타렌트,,/creatives/GNA/GNA/.PNG,PC,2026.5.14,2,0,0,0,3
2452983,search ad,naver,파워링크,PC,04.차종+일반,쏘나타렌트,,/creatives/GNA/GNA/.PNG,PC,2026.5.15,1,0,0,0,4
2452983,search ad,naver,파워링크,PC,04.차종+일반,쏘나타렌트,,/creatives/GNA/GNA/.PNG,PC,2026.5.18,1,0,0,0,4
2452983,search ad,naver,파워링크,PC,04.차종+일반,쏘나타렌트,,/creatives/GNA/GNA/.PNG,PC,2026.5.19,1,0,0,0,2
2452983,search ad,naver,파워링크,PC,04.차종+일반,쏘나타렌트,,/creatives/GNA/GNA/.PNG,PC,2026.5.20,2,0,0,0,5
2452983,search ad,naver,파워링크,PC,04.차종+일반,쏘나타렌트카,,/creatives/GNA/GNA/.PNG,PC,2026.5.19,1,0,0,0,7
2452983,search ad,naver,파워링크,PC,04.차종+일반,쏘나타장기렌트,,/creatives/GNA/GNA/.PNG,PC,2026.5.15,1,0,0,0,3
2452983,search ad,naver,파워링크,PC,04.차종+일반,쏘나타장기렌트,,/creatives/GNA/GNA/.PNG,PC,2026.5.16,1,0,0,0,2
2452983,search ad,naver,파워링크,PC,04.차종+일반,쏘나타장기렌트,,/creatives/GNA/GNA/.PNG,PC,2026.5.18,4,0,0,0,4.8
2452983,search ad,naver,파워링크,PC,04.차종+일반,쏘나타장기렌트,,/creatives/GNA/GNA/.PNG,PC,2026.5.19,3,0,0,0,4
2452983,search ad,naver,파워링크,PC,04.차종+일반,쏘나타장기렌트,,/creatives/GNA/GNA/.PNG,PC,2026.5.20,4,0,0,0,3.8
2452983,search ad,naver,파워링크,PC,04.차종+일반,쏘나타장기렌트,,/creatives/GNA/GNA/.PNG,PC,2026.5.21,2,0,0,0,5.5
2452983,search ad,naver,파워링크,PC,04.차종+일반,쏘나타장기렌트가격,,/creatives/GNA/GNA/.PNG,PC,2026.5.21,1,0,0,0,2
2452983,search ad,naver,파워링크,PC,04.차종+일반,쏘나타장기렌트견적,,/creatives/GNA/GNA/.PNG,PC,2026.5.20,1,0,0,0,7
2452983,search ad,naver,파워링크,PC,04.차종+일반,쏘나타장기렌트비용,,/creatives/GNA/GNA/.PNG,PC,2026.5.14,1,0,0,0,3
2452983,search ad,naver,파워링크,PC,04.차종+일반,쏘나타장기렌트비용,,/creatives/GNA/GNA/.PNG,PC,2026.5.20,1,0,0,0,7
2452983,search ad,naver,파워링크,PC,04.차종+일반,쏘렌토렌터카,,/creatives/GNA/GNA/.PNG,PC,2026.5.20,1,0,0,0,3
2452983,search ad,naver,파워링크,PC,04.차종+일반,쏘렌토렌트,,/creatives/GNA/GNA/.PNG,PC,2026.5.15,4,0,0,0,2.5
2452983,search ad,naver,파워링크,PC,04.차종+일반,쏘렌토렌트,,/creatives/GNA/GNA/.PNG,PC,2026.5.16,5,0,0,0,2.2
2452983,search ad,naver,파워링크,PC,04.차종+일반,쏘렌토렌트,,/creatives/GNA/GNA/.PNG,PC,2026.5.18,6,0,0,0,2.2
2452983,search ad,naver,파워링크,PC,04.차종+일반,쏘렌토렌트,,/creatives/GNA/GNA/.PNG,PC,2026.5.19,7,0,0,0,2.7
2452983,search ad,naver,파워링크,PC,04.차종+일반,쏘렌토렌트,,/creatives/GNA/GNA/.PNG,PC,2026.5.20,4,0,0,0,4.3
2452983,search ad,naver,파워링크,PC,04.차종+일반,쏘렌토렌트,,/creatives/GNA/GNA/.PNG,PC,2026.5.21,3,0,0,0,5.3
2452983,search ad,naver,파워링크,PC,04.차종+일반,쏘렌토렌트카,,/creatives/GNA/GNA/.PNG,PC,2026.5.19,2,0,0,0,6
2452983,search ad,naver,파워링크,PC,04.차종+일반,쏘렌토렌트카,,/creatives/GNA/GNA/.PNG,PC,2026.5.20,3,0,0,0,6
2452983,search ad,naver,파워링크,PC,04.차종+일반,쏘렌토렌트카,,/creatives/GNA/GNA/.PNG,PC,2026.5.21,1,0,0,0,4
2452983,search ad,naver,파워링크,PC,04.차종+일반,쏘렌토장기렌트,,/creatives/GNA/GNA/.PNG,PC,2026.5.14,7,0,0,0,1.6
2452983,search ad,naver,파워링크,PC,04.차종+일반,쏘렌토장기렌트,,/creatives/GNA/GNA/.PNG,PC,2026.5.15,31,0,0,0,4.4
2452983,search ad,naver,파워링크,PC,04.차종+일반,쏘렌토장기렌트,,/creatives/GNA/GNA/.PNG,PC,2026.5.16,15,0,0,0,1.9
2452983,search ad,naver,파워링크,PC,04.차종+일반,쏘렌토장기렌트,,/creatives/GNA/GNA/.PNG,PC,2026.5.18,46,0,0,0,5.3
2452983,search ad,naver,파워링크,PC,04.차종+일반,쏘렌토장기렌트,,/creatives/GNA/GNA/.PNG,PC,2026.5.19,23,0,0,0,6.3
2452983,search ad,naver,파워링크,PC,04.차종+일반,쏘렌토장기렌트,,/creatives/GNA/GNA/.PNG,PC,2026.5.20,24,1,13057,0,5.3
2452983,search ad,naver,파워링크,PC,04.차종+일반,쏘렌토장기렌트,,/creatives/GNA/GNA/.PNG,PC,2026.5.21,33,0,0,0,3.8
2452983,search ad,naver,파워링크,PC,04.차종+일반,쏘렌토장기렌트가격,,/creatives/GNA/GNA/.PNG,PC,2026.5.20,2,0,0,0,5.5
2452983,search ad,naver,파워링크,PC,04.차종+일반,쏘렌토장기렌트견적,,/creatives/GNA/GNA/.PNG,PC,2026.5.18,2,0,0,0,3.5
2452983,search ad,naver,파워링크,PC,04.차종+일반,쏘렌토장기렌트견적,,/creatives/GNA/GNA/.PNG,PC,2026.5.19,1,0,0,0,2
2452983,search ad,naver,파워링크,PC,04.차종+일반,쏘렌토장기렌트견적,,/creatives/GNA/GNA/.PNG,PC,2026.5.20,1,0,0,0,8
2452983,search ad,naver,파워링크,PC,04.차종+일반,쏘렌토장기렌트견적,,/creatives/GNA/GNA/.PNG,PC,2026.5.21,3,0,0,0,5.7
2452983,search ad,naver,파워링크,PC,04.차종+일반,쏘렌토장기렌트비용,,/creatives/GNA/GNA/.PNG,PC,2026.5.14,1,0,0,0,2
2452983,search ad,naver,파워링크,PC,04.차종+일반,쏘렌토장기렌트비용,,/creatives/GNA/GNA/.PNG,PC,2026.5.15,5,0,0,0,5
2452983,search ad,naver,파워링크,PC,04.차종+일반,쏘렌토장기렌트비용,,/creatives/GNA/GNA/.PNG,PC,2026.5.18,2,0,0,0,3.5
2452983,search ad,naver,파워링크,PC,04.차종+일반,쏘렌토장기렌트비용,,/creatives/GNA/GNA/.PNG,PC,2026.5.19,3,0,0,0,3.3
2452983,search ad,naver,파워링크,PC,04.차종+일반,쏘렌토장기렌트비용,,/creatives/GNA/GNA/.PNG,PC,2026.5.20,2,0,0,0,4.5
2452983,search ad,naver,파워링크,PC,04.차종+일반,쏘렌토장기렌트비용,,/creatives/GNA/GNA/.PNG,PC,2026.5.21,3,0,0,0,4.7
2452983,search ad,naver,파워링크,PC,04.차종+일반,쏠라티렌터카,,/creatives/GNA/GNA/.PNG,PC,2026.5.14,3,0,0,0,3
2452983,search ad,naver,파워링크,PC,04.차종+일반,쏠라티렌터카,,/creatives/GNA/GNA/.PNG,PC,2026.5.15,1,0,0,0,2
2452983,search ad,naver,파워링크,PC,04.차종+일반,쏠라티렌터카,,/creatives/GNA/GNA/.PNG,PC,2026.5.18,2,0,0,0,3
2452983,search ad,naver,파워링크,PC,04.차종+일반,쏠라티렌트,,/creatives/GNA/GNA/.PNG,PC,2026.5.14,10,0,0,0,2.6
2452983,search ad,naver,파워링크,PC,04.차종+일반,쏠라티렌트,,/creatives/GNA/GNA/.PNG,PC,2026.5.15,25,0,0,0,4.9
2452983,search ad,naver,파워링크,PC,04.차종+일반,쏠라티렌트,,/creatives/GNA/GNA/.PNG,PC,2026.5.16,12,0,0,0,5.4
2452983,search ad,naver,파워링크,PC,04.차종+일반,쏠라티렌트,,/creatives/GNA/GNA/.PNG,PC,2026.5.18,46,0,0,0,5.4
2452983,search ad,naver,파워링크,PC,04.차종+일반,쏠라티렌트,,/creatives/GNA/GNA/.PNG,PC,2026.5.19,40,0,0,0,3.3
2452983,search ad,naver,파워링크,PC,04.차종+일반,쏠라티렌트,,/creatives/GNA/GNA/.PNG,PC,2026.5.20,26,0,0,0,4.9
2452983,search ad,naver,파워링크,PC,04.차종+일반,쏠라티렌트,,/creatives/GNA/GNA/.PNG,PC,2026.5.21,30,0,0,0,4.2
2452983,search ad,naver,파워링크,PC,04.차종+일반,쏠라티렌트카,,/creatives/GNA/GNA/.PNG,PC,2026.5.14,12,0,0,0,2.3
2452983,search ad,naver,파워링크,PC,04.차종+일반,쏠라티렌트카,,/creatives/GNA/GNA/.PNG,PC,2026.5.15,11,0,0,0,4.8
2452983,search ad,naver,파워링크,PC,04.차종+일반,쏠라티렌트카,,/creatives/GNA/GNA/.PNG,PC,2026.5.16,2,0,0,0,2
2452983,search ad,naver,파워링크,PC,04.차종+일반,쏠라티렌트카,,/creatives/GNA/GNA/.PNG,PC,2026.5.18,13,0,0,0,3.8
2452983,search ad,naver,파워링크,PC,04.차종+일반,쏠라티렌트카,,/creatives/GNA/GNA/.PNG,PC,2026.5.19,6,0,0,0,6.8
2452983,search ad,naver,파워링크,PC,04.차종+일반,쏠라티렌트카,,/creatives/GNA/GNA/.PNG,PC,2026.5.20,3,0,0,0,7.3
2452983,search ad,naver,파워링크,PC,04.차종+일반,쏠라티렌트카,,/creatives/GNA/GNA/.PNG,PC,2026.5.21,5,0,0,0,4.4
2452983,search ad,naver,파워링크,PC,04.차종+일반,쏠라티장기렌트,,/creatives/GNA/GNA/.PNG,PC,2026.5.14,1,0,0,0,3
2452983,search ad,naver,파워링크,PC,04.차종+일반,쏠라티장기렌트,,/creatives/GNA/GNA/.PNG,PC,2026.5.18,3,0,0,0,4
2452983,search ad,naver,파워링크,PC,04.차종+일반,쏠라티장기렌트,,/creatives/GNA/GNA/.PNG,PC,2026.5.20,4,0,0,0,4.3
2452983,search ad,naver,파워링크,PC,04.차종+일반,쏠라티장기렌트,,/creatives/GNA/GNA/.PNG,PC,2026.5.21,1,0,0,0,2
2452983,search ad,naver,파워링크,PC,04.차종+일반,아르카나렌트,,/creatives/GNA/GNA/.PNG,PC,2026.5.15,2,0,0,0,4.5
2452983,search ad,naver,파워링크,PC,04.차종+일반,아르카나렌트카,,/creatives/GNA/GNA/.PNG,PC,2026.5.15,1,0,0,0,2
2452983,search ad,naver,파워링크,PC,04.차종+일반,아르카나장기렌트,,/creatives/GNA/GNA/.PNG,PC,2026.5.18,3,0,0,0,3.3
2452983,search ad,naver,파워링크,PC,04.차종+일반,아르카나장기렌트,,/creatives/GNA/GNA/.PNG,PC,2026.5.19,1,0,0,0,7
2452983,search ad,naver,파워링크,PC,04.차종+일반,아르카나장기렌트,,/creatives/GNA/GNA/.PNG,PC,2026.5.20,1,0,0,0,1
2452983,search ad,naver,파워링크,PC,04.차종+일반,아르카나장기렌트,,/creatives/GNA/GNA/.PNG,PC,2026.5.21,1,0,0,0,4
2452983,search ad,naver,파워링크,PC,04.차종+일반,아반떼N렌트,,/creatives/GNA/GNA/.PNG,PC,2026.5.14,6,0,0,0,3.3
2452983,search ad,naver,파워링크,PC,04.차종+일반,아반떼N렌트,,/creatives/GNA/GNA/.PNG,PC,2026.5.15,1,0,0,0,6
2452983,search ad,naver,파워링크,PC,04.차종+일반,아반떼N렌트,,/creatives/GNA/GNA/.PNG,PC,2026.5.16,2,0,0,0,3
2452983,search ad,naver,파워링크,PC,04.차종+일반,아반떼N렌트,,/creatives/GNA/GNA/.PNG,PC,2026.5.18,7,0,0,0,5
2452983,search ad,naver,파워링크,PC,04.차종+일반,아반떼N렌트,,/creatives/GNA/GNA/.PNG,PC,2026.5.19,5,0,0,0,5.2
2452983,search ad,naver,파워링크,PC,04.차종+일반,아반떼N렌트,,/creatives/GNA/GNA/.PNG,PC,2026.5.20,5,0,0,0,4.6
2452983,search ad,naver,파워링크,PC,04.차종+일반,아반떼N렌트,,/creatives/GNA/GNA/.PNG,PC,2026.5.21,1,0,0,0,7
2452983,search ad,naver,파워링크,PC,04.차종+일반,아반떼N렌트카,,/creatives/GNA/GNA/.PNG,PC,2026.5.16,1,0,0,0,2
2452983,search ad,naver,파워링크,PC,04.차종+일반,아반떼N렌트카,,/creatives/GNA/GNA/.PNG,PC,2026.5.20,1,0,0,0,5
2452983,search ad,naver,파워링크,PC,04.차종+일반,아반떼N장기렌트,,/creatives/GNA/GNA/.PNG,PC,2026.5.18,4,0,0,0,4
2452983,search ad,naver,파워링크,PC,04.차종+일반,아반떼N장기렌트,,/creatives/GNA/GNA/.PNG,PC,2026.5.19,3,1,3265,0,5.3
2452983,search ad,naver,파워링크,PC,04.차종+일반,아반떼N장기렌트,,/creatives/GNA/GNA/.PNG,PC,2026.5.20,7,0,0,0,5.3
2452983,search ad,naver,파워링크,PC,04.차종+일반,아반떼N장기렌트,,/creatives/GNA/GNA/.PNG,PC,2026.5.21,1,0,0,0,6
2452983,search ad,naver,파워링크,PC,04.차종+일반,아반떼렌터카,,/creatives/GNA/GNA/.PNG,PC,2026.5.20,1,0,0,0,7
2452983,search ad,naver,파워링크,PC,04.차종+일반,아반떼렌터카,,/creatives/GNA/GNA/.PNG,PC,2026.5.21,2,0,0,0,4
2452983,search ad,naver,파워링크,PC,04.차종+일반,아반떼렌트,,/creatives/GNA/GNA/.PNG,PC,2026.5.14,1,0,0,0,5
2452983,search ad,naver,파워링크,PC,04.차종+일반,아반떼렌트,,/creatives/GNA/GNA/.PNG,PC,2026.5.15,3,0,0,0,6
2452983,search ad,naver,파워링크,PC,04.차종+일반,아반떼렌트,,/creatives/GNA/GNA/.PNG,PC,2026.5.18,6,1,6000,0,4.5
2452983,search ad,naver,파워링크,PC,04.차종+일반,아반떼렌트,,/creatives/GNA/GNA/.PNG,PC,2026.5.19,12,0,0,0,4.7
2452983,search ad,naver,파워링크,PC,04.차종+일반,아반떼렌트,,/creatives/GNA/GNA/.PNG,PC,2026.5.20,4,0,0,0,5.5
2452983,search ad,naver,파워링크,PC,04.차종+일반,아반떼렌트,,/creatives/GNA/GNA/.PNG,PC,2026.5.21,3,0,0,0,4.3
2452983,search ad,naver,파워링크,PC,04.차종+일반,아반떼렌트카,,/creatives/GNA/GNA/.PNG,PC,2026.5.15,1,0,0,0,5
2452983,search ad,naver,파워링크,PC,04.차종+일반,아반떼렌트카,,/creatives/GNA/GNA/.PNG,PC,2026.5.18,1,0,0,0,4
2452983,search ad,naver,파워링크,PC,04.차종+일반,아반떼렌트카,,/creatives/GNA/GNA/.PNG,PC,2026.5.20,1,0,0,0,7
2452983,search ad,naver,파워링크,PC,04.차종+일반,아반떼렌트카,,/creatives/GNA/GNA/.PNG,PC,2026.5.21,5,0,0,0,3
2452983,search ad,naver,파워링크,PC,04.차종+일반,아반떼렌트카비용,,/creatives/GNA/GNA/.PNG,PC,2026.5.18,1,0,0,0,2
2452983,search ad,naver,파워링크,PC,04.차종+일반,아반떼렌트카비용,,/creatives/GNA/GNA/.PNG,PC,2026.5.20,1,0,0,0,2
2452983,search ad,naver,파워링크,PC,04.차종+일반,아반떼장기렌탈,,/creatives/GNA/GNA/.PNG,PC,2026.5.18,1,0,0,0,7
2452983,search ad,naver,파워링크,PC,04.차종+일반,아반떼장기렌탈,,/creatives/GNA/GNA/.PNG,PC,2026.5.19,1,0,0,0,2
2452983,search ad,naver,파워링크,PC,04.차종+일반,아반떼장기렌탈,,/creatives/GNA/GNA/.PNG,PC,2026.5.21,1,0,0,0,2
2452983,search ad,naver,파워링크,PC,04.차종+일반,아반떼장기렌트,,/creatives/GNA/GNA/.PNG,PC,2026.5.14,8,0,0,0,1.9
2452983,search ad,naver,파워링크,PC,04.차종+일반,아반떼장기렌트,,/creatives/GNA/GNA/.PNG,PC,2026.5.15,15,0,0,0,3.9
2452983,search ad,naver,파워링크,PC,04.차종+일반,아반떼장기렌트,,/creatives/GNA/GNA/.PNG,PC,2026.5.16,17,0,0,0,1.6
2452983,search ad,naver,파워링크,PC,04.차종+일반,아반떼장기렌트,,/creatives/GNA/GNA/.PNG,PC,2026.5.18,25,0,0,0,5.9
2452983,search ad,naver,파워링크,PC,04.차종+일반,아반떼장기렌트,,/creatives/GNA/GNA/.PNG,PC,2026.5.19,22,0,0,0,6.1
2452983,search ad,naver,파워링크,PC,04.차종+일반,아반떼장기렌트,,/creatives/GNA/GNA/.PNG,PC,2026.5.20,19,0,0,0,7.3
2452983,search ad,naver,파워링크,PC,04.차종+일반,아반떼장기렌트,,/creatives/GNA/GNA/.PNG,PC,2026.5.21,27,0,0,0,8
2452983,search ad,naver,파워링크,PC,04.차종+일반,아반떼장기렌트가격,,/creatives/GNA/GNA/.PNG,PC,2026.5.14,1,0,0,0,1
2452983,search ad,naver,파워링크,PC,04.차종+일반,아반떼장기렌트가격,,/creatives/GNA/GNA/.PNG,PC,2026.5.18,2,0,0,0,7
2452983,search ad,naver,파워링크,PC,04.차종+일반,아반떼장기렌트가격,,/creatives/GNA/GNA/.PNG,PC,2026.5.19,2,0,0,0,5
2452983,search ad,naver,파워링크,PC,04.차종+일반,아반떼장기렌트가격,,/creatives/GNA/GNA/.PNG,PC,2026.5.20,3,0,0,0,6.7
2452983,search ad,naver,파워링크,PC,04.차종+일반,아반떼장기렌트가격,,/creatives/GNA/GNA/.PNG,PC,2026.5.21,1,0,0,0,4
2452983,search ad,naver,파워링크,PC,04.차종+일반,아반떼장기렌트비용,,/creatives/GNA/GNA/.PNG,PC,2026.5.16,1,0,0,0,2
2452983,search ad,naver,파워링크,PC,04.차종+일반,아반떼장기렌트비용,,/creatives/GNA/GNA/.PNG,PC,2026.5.18,1,0,0,0,3
2452983,search ad,naver,파워링크,PC,04.차종+일반,아반떼장기렌트비용,,/creatives/GNA/GNA/.PNG,PC,2026.5.19,1,0,0,0,3
2452983,search ad,naver,파워링크,PC,04.차종+일반,아반떼장기렌트비용,,/creatives/GNA/GNA/.PNG,PC,2026.5.20,2,0,0,0,5.5
2452983,search ad,naver,파워링크,PC,04.차종+일반,아반떼장기렌트비용,,/creatives/GNA/GNA/.PNG,PC,2026.5.21,3,0,0,0,4.7
2452983,search ad,naver,파워링크,PC,04.차종+일반,액티언렌트,,/creatives/GNA/GNA/.PNG,PC,2026.5.18,1,0,0,0,2
2452983,search ad,naver,파워링크,PC,04.차종+일반,액티언렌트,,/creatives/GNA/GNA/.PNG,PC,2026.5.21,1,0,0,0,2
2452983,search ad,naver,파워링크,PC,04.차종+일반,액티언렌트카,,/creatives/GNA/GNA/.PNG,PC,2026.5.19,1,0,0,0,3
2452983,search ad,naver,파워링크,PC,04.차종+일반,액티언장기렌트,,/creatives/GNA/GNA/.PNG,PC,2026.5.15,2,0,0,0,2
2452983,search ad,naver,파워링크,PC,04.차종+일반,액티언장기렌트,,/creatives/GNA/GNA/.PNG,PC,2026.5.16,1,0,0,0,1
2452983,search ad,naver,파워링크,PC,04.차종+일반,액티언장기렌트,,/creatives/GNA/GNA/.PNG,PC,2026.5.18,3,0,0,0,2.7
2452983,search ad,naver,파워링크,PC,04.차종+일반,카니발렌터카,,/creatives/GNA/GNA/.PNG,PC,2026.5.18,3,0,0,0,4.7
2452983,search ad,naver,파워링크,PC,04.차종+일반,카니발렌터카,,/creatives/GNA/GNA/.PNG,PC,2026.5.19,2,0,0,0,5.5
2452983,search ad,naver,파워링크,PC,04.차종+일반,카니발렌트,,/creatives/GNA/GNA/.PNG,PC,2026.5.14,21,0,0,0,2.9
2452983,search ad,naver,파워링크,PC,04.차종+일반,카니발렌트,,/creatives/GNA/GNA/.PNG,PC,2026.5.15,49,0,0,0,4.6
2452983,search ad,naver,파워링크,PC,04.차종+일반,카니발렌트,,/creatives/GNA/GNA/.PNG,PC,2026.5.16,14,0,0,0,2.8
2452983,search ad,naver,파워링크,PC,04.차종+일반,카니발렌트,,/creatives/GNA/GNA/.PNG,PC,2026.5.18,93,0,0,0,5.2
2452983,search ad,naver,파워링크,PC,04.차종+일반,카니발렌트,,/creatives/GNA/GNA/.PNG,PC,2026.5.19,71,0,0,0,6.4
2452983,search ad,naver,파워링크,PC,04.차종+일반,카니발렌트,,/creatives/GNA/GNA/.PNG,PC,2026.5.20,67,0,0,0,7.1
2452983,search ad,naver,파워링크,PC,04.차종+일반,카니발렌트,,/creatives/GNA/GNA/.PNG,PC,2026.5.21,52,1,6703,0,6.7
2452983,search ad,naver,파워링크,PC,04.차종+일반,카니발렌트카,,/creatives/GNA/GNA/.PNG,PC,2026.5.15,9,0,0,0,5.1
2452983,search ad,naver,파워링크,PC,04.차종+일반,카니발렌트카,,/creatives/GNA/GNA/.PNG,PC,2026.5.16,4,0,0,0,5.5
2452983,search ad,naver,파워링크,PC,04.차종+일반,카니발렌트카,,/creatives/GNA/GNA/.PNG,PC,2026.5.18,9,0,0,0,6.3
2452983,search ad,naver,파워링크,PC,04.차종+일반,카니발렌트카,,/creatives/GNA/GNA/.PNG,PC,2026.5.19,4,0,0,0,5.5
2452983,search ad,naver,파워링크,PC,04.차종+일반,카니발렌트카,,/creatives/GNA/GNA/.PNG,PC,2026.5.20,4,0,0,0,6.8
2452983,search ad,naver,파워링크,PC,04.차종+일반,카니발렌트카,,/creatives/GNA/GNA/.PNG,PC,2026.5.21,2,0,0,0,4.5
2452983,search ad,naver,파워링크,PC,04.차종+일반,카니발렌트카비용,,/creatives/GNA/GNA/.PNG,PC,2026.5.19,2,0,0,0,5.5
2452983,search ad,naver,파워링크,PC,04.차종+일반,카니발장기렌탈,,/creatives/GNA/GNA/.PNG,PC,2026.5.18,1,0,0,0,7
2452983,search ad,naver,파워링크,PC,04.차종+일반,카니발장기렌탈,,/creatives/GNA/GNA/.PNG,PC,2026.5.21,2,0,0,0,2
2452983,search ad,naver,파워링크,PC,04.차종+일반,카니발장기렌트,,/creatives/GNA/GNA/.PNG,PC,2026.5.14,7,0,0,0,3.1
2452983,search ad,naver,파워링크,PC,04.차종+일반,카니발장기렌트,,/creatives/GNA/GNA/.PNG,PC,2026.5.15,14,0,0,0,4.4
2452983,search ad,naver,파워링크,PC,04.차종+일반,카니발장기렌트,,/creatives/GNA/GNA/.PNG,PC,2026.5.16,34,0,0,0,1.1
2452983,search ad,naver,파워링크,PC,04.차종+일반,카니발장기렌트,,/creatives/GNA/GNA/.PNG,PC,2026.5.18,21,0,0,0,5
2452983,search ad,naver,파워링크,PC,04.차종+일반,카니발장기렌트,,/creatives/GNA/GNA/.PNG,PC,2026.5.19,18,0,0,0,4.9
2452983,search ad,naver,파워링크,PC,04.차종+일반,카니발장기렌트,,/creatives/GNA/GNA/.PNG,PC,2026.5.20,24,0,0,0,5
2452983,search ad,naver,파워링크,PC,04.차종+일반,카니발장기렌트,,/creatives/GNA/GNA/.PNG,PC,2026.5.21,15,0,0,0,4.9
2452983,search ad,naver,파워링크,PC,04.차종+일반,카니발장기렌트가격,,/creatives/GNA/GNA/.PNG,PC,2026.5.14,1,1,7249,0,1
2452983,search ad,naver,파워링크,PC,04.차종+일반,카니발장기렌트가격,,/creatives/GNA/GNA/.PNG,PC,2026.5.18,1,0,0,0,4
2452983,search ad,naver,파워링크,PC,04.차종+일반,카니발장기렌트가격,,/creatives/GNA/GNA/.PNG,PC,2026.5.19,2,0,0,0,1.5
2452983,search ad,naver,파워링크,PC,04.차종+일반,카니발장기렌트가격,,/creatives/GNA/GNA/.PNG,PC,2026.5.20,1,0,0,0,4
2452983,search ad,naver,파워링크,PC,04.차종+일반,카니발장기렌트가격,,/creatives/GNA/GNA/.PNG,PC,2026.5.21,2,0,0,0,4.5
2452983,search ad,naver,파워링크,PC,04.차종+일반,카니발장기렌트비용,,/creatives/GNA/GNA/.PNG,PC,2026.5.15,2,0,0,0,7
2452983,search ad,naver,파워링크,PC,04.차종+일반,카니발장기렌트비용,,/creatives/GNA/GNA/.PNG,PC,2026.5.18,1,0,0,0,4
2452983,search ad,naver,파워링크,PC,04.차종+일반,카니발장기렌트비용,,/creatives/GNA/GNA/.PNG,PC,2026.5.19,1,0,0,0,8
2452983,search ad,naver,파워링크,PC,04.차종+일반,카니발장기렌트비용,,/creatives/GNA/GNA/.PNG,PC,2026.5.20,1,0,0,0,6
2452983,search ad,naver,파워링크,PC,04.차종+일반,카니발장기렌트비용,,/creatives/GNA/GNA/.PNG,PC,2026.5.21,1,0,0,0,7
2452983,search ad,naver,파워링크,PC,04.차종+일반,코나렌트,,/creatives/GNA/GNA/.PNG,PC,2026.5.15,1,0,0,0,3
2452983,search ad,naver,파워링크,PC,04.차종+일반,코나렌트,,/creatives/GNA/GNA/.PNG,PC,2026.5.16,2,0,0,0,2
2452983,search ad,naver,파워링크,PC,04.차종+일반,코나렌트,,/creatives/GNA/GNA/.PNG,PC,2026.5.18,5,0,0,0,3.2
2452983,search ad,naver,파워링크,PC,04.차종+일반,코나렌트,,/creatives/GNA/GNA/.PNG,PC,2026.5.19,2,0,0,0,3
2452983,search ad,naver,파워링크,PC,04.차종+일반,코나렌트,,/creatives/GNA/GNA/.PNG,PC,2026.5.20,2,0,0,0,3
2452983,search ad,naver,파워링크,PC,04.차종+일반,코나렌트,,/creatives/GNA/GNA/.PNG,PC,2026.5.21,3,0,0,0,5.7
2452983,search ad,naver,파워링크,PC,04.차종+일반,코나렌트카,,/creatives/GNA/GNA/.PNG,PC,2026.5.19,1,0,0,0,5
2452983,search ad,naver,파워링크,PC,04.차종+일반,코나렌트카,,/creatives/GNA/GNA/.PNG,PC,2026.5.20,1,0,0,0,4
2452983,search ad,naver,파워링크,PC,04.차종+일반,코나렌트카,,/creatives/GNA/GNA/.PNG,PC,2026.5.21,1,0,0,0,4
2452983,search ad,naver,파워링크,PC,04.차종+일반,코나장기렌탈,,/creatives/GNA/GNA/.PNG,PC,2026.5.18,1,0,0,0,1
2452983,search ad,naver,파워링크,PC,04.차종+일반,코나장기렌트,,/creatives/GNA/GNA/.PNG,PC,2026.5.15,3,0,0,0,2.3
2452983,search ad,naver,파워링크,PC,04.차종+일반,코나장기렌트,,/creatives/GNA/GNA/.PNG,PC,2026.5.16,1,0,0,0,1
2452983,search ad,naver,파워링크,PC,04.차종+일반,코나장기렌트,,/creatives/GNA/GNA/.PNG,PC,2026.5.18,7,0,0,0,2.7
2452983,search ad,naver,파워링크,PC,04.차종+일반,코나장기렌트,,/creatives/GNA/GNA/.PNG,PC,2026.5.19,1,0,0,0,5
2452983,search ad,naver,파워링크,PC,04.차종+일반,코나장기렌트,,/creatives/GNA/GNA/.PNG,PC,2026.5.20,6,0,0,0,4.5
2452983,search ad,naver,파워링크,PC,04.차종+일반,코나장기렌트,,/creatives/GNA/GNA/.PNG,PC,2026.5.21,1,0,0,0,3
2452983,search ad,naver,파워링크,PC,04.차종+일반,코나장기렌트가격,,/creatives/GNA/GNA/.PNG,PC,2026.5.19,1,0,0,0,3
2452983,search ad,naver,파워링크,PC,04.차종+일반,코나장기렌트비용,,/creatives/GNA/GNA/.PNG,PC,2026.5.15,2,0,0,0,4.5
2452983,search ad,naver,파워링크,PC,04.차종+일반,코나장기렌트비용,,/creatives/GNA/GNA/.PNG,PC,2026.5.18,2,0,0,0,3
2452983,search ad,naver,파워링크,PC,04.차종+일반,코나장기렌트비용,,/creatives/GNA/GNA/.PNG,PC,2026.5.20,1,0,0,0,5
2452983,search ad,naver,파워링크,PC,04.차종+일반,코나장기렌트비용,,/creatives/GNA/GNA/.PNG,PC,2026.5.21,1,0,0,0,2
2452983,search ad,naver,파워링크,PC,04.차종+일반,코란도장기렌트,,/creatives/GNA/GNA/.PNG,PC,2026.5.19,1,0,0,0,1
2452983,search ad,naver,파워링크,PC,04.차종+일반,토레스렌트,,/creatives/GNA/GNA/.PNG,PC,2026.5.14,1,0,0,0,1
2452983,search ad,naver,파워링크,PC,04.차종+일반,토레스렌트,,/creatives/GNA/GNA/.PNG,PC,2026.5.15,2,0,0,0,2.5
2452983,search ad,naver,파워링크,PC,04.차종+일반,토레스렌트,,/creatives/GNA/GNA/.PNG,PC,2026.5.20,1,0,0,0,2
2452983,search ad,naver,파워링크,PC,04.차종+일반,토레스렌트,,/creatives/GNA/GNA/.PNG,PC,2026.5.21,1,0,0,0,2
2452983,search ad,naver,파워링크,PC,04.차종+일반,토레스렌트카,,/creatives/GNA/GNA/.PNG,PC,2026.5.14,1,0,0,0,4
2452983,search ad,naver,파워링크,PC,04.차종+일반,토레스장기렌트,,/creatives/GNA/GNA/.PNG,PC,2026.5.15,3,0,0,0,2.3
2452983,search ad,naver,파워링크,PC,04.차종+일반,토레스장기렌트,,/creatives/GNA/GNA/.PNG,PC,2026.5.16,2,0,0,0,2
2452983,search ad,naver,파워링크,PC,04.차종+일반,토레스장기렌트,,/creatives/GNA/GNA/.PNG,PC,2026.5.18,3,0,0,0,2
2452983,search ad,naver,파워링크,PC,04.차종+일반,토레스장기렌트,,/creatives/GNA/GNA/.PNG,PC,2026.5.19,5,0,0,0,1.2
2452983,search ad,naver,파워링크,PC,04.차종+일반,토레스장기렌트,,/creatives/GNA/GNA/.PNG,PC,2026.5.20,5,2,24148,0,1.4
2452983,search ad,naver,파워링크,PC,04.차종+일반,토레스장기렌트,,/creatives/GNA/GNA/.PNG,PC,2026.5.21,2,0,0,0,3
2452983,search ad,naver,파워링크,PC,04.차종+일반,토레스장기렌트가격,,/creatives/GNA/GNA/.PNG,PC,2026.5.18,1,0,0,0,2
2452983,search ad,naver,파워링크,PC,04.차종+일반,토레스장기렌트가격,,/creatives/GNA/GNA/.PNG,PC,2026.5.19,2,0,0,0,4.5
2452983,search ad,naver,파워링크,PC,04.차종+일반,투싼렌트,,/creatives/GNA/GNA/.PNG,PC,2026.5.14,2,0,0,0,4.5
2452983,search ad,naver,파워링크,PC,04.차종+일반,투싼렌트,,/creatives/GNA/GNA/.PNG,PC,2026.5.15,2,0,0,0,4.5
2452983,search ad,naver,파워링크,PC,04.차종+일반,투싼렌트,,/creatives/GNA/GNA/.PNG,PC,2026.5.18,1,0,0,0,5
2452983,search ad,naver,파워링크,PC,04.차종+일반,투싼렌트카,,/creatives/GNA/GNA/.PNG,PC,2026.5.21,2,0,0,0,6.5
2452983,search ad,naver,파워링크,PC,04.차종+일반,투싼장기렌트,,/creatives/GNA/GNA/.PNG,PC,2026.5.14,2,0,0,0,2.5
2452983,search ad,naver,파워링크,PC,04.차종+일반,투싼장기렌트,,/creatives/GNA/GNA/.PNG,PC,2026.5.15,7,0,0,0,4
2452983,search ad,naver,파워링크,PC,04.차종+일반,투싼장기렌트,,/creatives/GNA/GNA/.PNG,PC,2026.5.16,2,0,0,0,2
2452983,search ad,naver,파워링크,PC,04.차종+일반,투싼장기렌트,,/creatives/GNA/GNA/.PNG,PC,2026.5.18,14,0,0,0,4.8
2452983,search ad,naver,파워링크,PC,04.차종+일반,투싼장기렌트,,/creatives/GNA/GNA/.PNG,PC,2026.5.19,11,0,0,0,6.1
2452983,search ad,naver,파워링크,PC,04.차종+일반,투싼장기렌트,,/creatives/GNA/GNA/.PNG,PC,2026.5.20,16,0,0,0,5.9
2452983,search ad,naver,파워링크,PC,04.차종+일반,투싼장기렌트,,/creatives/GNA/GNA/.PNG,PC,2026.5.21,17,0,0,0,4.8
2452983,search ad,naver,파워링크,PC,04.차종+일반,투싼장기렌트견적,,/creatives/GNA/GNA/.PNG,PC,2026.5.15,1,0,0,0,7
2452983,search ad,naver,파워링크,PC,04.차종+일반,투싼장기렌트비용,,/creatives/GNA/GNA/.PNG,PC,2026.5.19,2,0,0,0,4
2452983,search ad,naver,파워링크,PC,04.차종+일반,투싼장기렌트비용,,/creatives/GNA/GNA/.PNG,PC,2026.5.20,1,0,0,0,3
2452983,search ad,naver,파워링크,PC,04.차종+일반,트랙스크로스오버렌트,,/creatives/GNA/GNA/.PNG,PC,2026.5.19,1,0,0,0,4
2452983,search ad,naver,파워링크,PC,04.차종+일반,트랙스크로스오버장기렌트,,/creatives/GNA/GNA/.PNG,PC,2026.5.18,4,0,0,0,4.8
2452983,search ad,naver,파워링크,PC,04.차종+일반,트랙스크로스오버장기렌트,,/creatives/GNA/GNA/.PNG,PC,2026.5.19,1,0,0,0,2
2452983,search ad,naver,파워링크,PC,04.차종+일반,트레일블레이저렌트,,/creatives/GNA/GNA/.PNG,PC,2026.5.19,1,0,0,0,9
2452983,search ad,naver,파워링크,PC,04.차종+일반,트레일블레이저렌트카,,/creatives/GNA/GNA/.PNG,PC,2026.5.21,1,0,0,0,4
2452983,search ad,naver,파워링크,PC,04.차종+일반,트레일블레이저장기렌트,,/creatives/GNA/GNA/.PNG,PC,2026.5.15,1,0,0,0,6
2452983,search ad,naver,파워링크,PC,04.차종+일반,트레일블레이저장기렌트,,/creatives/GNA/GNA/.PNG,PC,2026.5.18,1,0,0,0,4
2452983,search ad,naver,파워링크,PC,04.차종+일반,티볼리렌트,,/creatives/GNA/GNA/.PNG,PC,2026.5.15,1,0,0,0,5
2452983,search ad,naver,파워링크,PC,04.차종+일반,티볼리렌트,,/creatives/GNA/GNA/.PNG,PC,2026.5.21,2,0,0,0,4.5
2452983,search ad,naver,파워링크,PC,04.차종+일반,티볼리렌트카,,/creatives/GNA/GNA/.PNG,PC,2026.5.20,2,0,0,0,4
2452983,search ad,naver,파워링크,PC,04.차종+일반,티볼리장기렌트,,/creatives/GNA/GNA/.PNG,PC,2026.5.15,2,0,0,0,6
2452983,search ad,naver,파워링크,PC,04.차종+일반,티볼리장기렌트,,/creatives/GNA/GNA/.PNG,PC,2026.5.18,7,0,0,0,4.9
2452983,search ad,naver,파워링크,PC,04.차종+일반,티볼리장기렌트,,/creatives/GNA/GNA/.PNG,PC,2026.5.19,5,0,0,0,5.4
2452983,search ad,naver,파워링크,PC,04.차종+일반,티볼리장기렌트,,/creatives/GNA/GNA/.PNG,PC,2026.5.20,3,0,0,0,5.7
2452983,search ad,naver,파워링크,PC,04.차종+일반,티볼리장기렌트,,/creatives/GNA/GNA/.PNG,PC,2026.5.21,1,0,0,0,5
2452983,search ad,naver,파워링크,PC,04.차종+일반,필랑트렌트,,/creatives/GNA/GNA/.PNG,PC,2026.5.14,1,0,0,0,4
2452983,search ad,naver,파워링크,PC,04.차종+일반,필랑트렌트,,/creatives/GNA/GNA/.PNG,PC,2026.5.16,1,0,0,0,2
2452983,search ad,naver,파워링크,PC,04.차종+일반,필랑트렌트,,/creatives/GNA/GNA/.PNG,PC,2026.5.18,3,0,0,0,2.7
2452983,search ad,naver,파워링크,PC,04.차종+일반,필랑트렌트,,/creatives/GNA/GNA/.PNG,PC,2026.5.19,7,0,0,0,3.9
2452983,search ad,naver,파워링크,PC,04.차종+일반,필랑트렌트,,/creatives/GNA/GNA/.PNG,PC,2026.5.20,3,0,0,0,3.3
2452983,search ad,naver,파워링크,PC,04.차종+일반,필랑트렌트,,/creatives/GNA/GNA/.PNG,PC,2026.5.21,5,0,0,0,4
2452983,search ad,naver,파워링크,PC,04.차종+일반,필랑트렌트카,,/creatives/GNA/GNA/.PNG,PC,2026.5.18,5,0,0,0,2
2452983,search ad,naver,파워링크,PC,04.차종+일반,필랑트장기렌트,,/creatives/GNA/GNA/.PNG,PC,2026.5.14,4,0,0,0,3.3
2452983,search ad,naver,파워링크,PC,04.차종+일반,필랑트장기렌트,,/creatives/GNA/GNA/.PNG,PC,2026.5.15,7,0,0,0,3.9
2452983,search ad,naver,파워링크,PC,04.차종+일반,필랑트장기렌트,,/creatives/GNA/GNA/.PNG,PC,2026.5.16,7,0,0,0,2.9
2452983,search ad,naver,파워링크,PC,04.차종+일반,필랑트장기렌트,,/creatives/GNA/GNA/.PNG,PC,2026.5.18,8,0,0,0,3.6
2452983,search ad,naver,파워링크,PC,04.차종+일반,필랑트장기렌트,,/creatives/GNA/GNA/.PNG,PC,2026.5.19,4,0,0,0,3.5
2452983,search ad,naver,파워링크,PC,04.차종+일반,필랑트장기렌트,,/creatives/GNA/GNA/.PNG,PC,2026.5.20,6,0,0,0,4
2452983,search ad,naver,파워링크,PC,04.차종+일반,필랑트장기렌트,,/creatives/GNA/GNA/.PNG,PC,2026.5.21,11,1,5967,0,4.6
2452983,search ad,naver,파워링크,PC,04.차종+일반,필랑트장기렌트가격,,/creatives/GNA/GNA/.PNG,PC,2026.5.15,1,0,0,0,5
2452983,search ad,naver,파워링크,PC,04.차종+일반,필랑트장기렌트가격,,/creatives/GNA/GNA/.PNG,PC,2026.5.18,1,0,0,0,2
2452983,search ad,naver,파워링크,PC,04.차종+일반,필랑트장기렌트가격,,/creatives/GNA/GNA/.PNG,PC,2026.5.19,2,0,0,0,4.5
2452983,search ad,naver,파워링크,PC,04.차종+일반,필랑트장기렌트견적,,/creatives/GNA/GNA/.PNG,PC,2026.5.14,1,0,0,0,4
2452983,search ad,naver,파워링크,PC,04.차종+일반,필랑트장기렌트견적,,/creatives/GNA/GNA/.PNG,PC,2026.5.18,1,0,0,0,2
2452983,search ad,naver,파워링크,MO,00.브랜드(BNK캐피탈),-,,/creatives/GNA/GNA/.PNG,모바일,2026.5.14,1,0,0,0,3
2452983,search ad,naver,파워링크,MO,00.브랜드(BNK캐피탈),-,,/creatives/GNA/GNA/.PNG,모바일,2026.5.15,7,0,0,0,1.6
2452983,search ad,naver,파워링크,MO,00.브랜드(BNK캐피탈),-,,/creatives/GNA/GNA/.PNG,모바일,2026.5.16,4,0,0,0,1.3
2452983,search ad,naver,파워링크,MO,00.브랜드(BNK캐피탈),-,,/creatives/GNA/GNA/.PNG,모바일,2026.5.18,16,0,0,0,2
2452983,search ad,naver,파워링크,MO,00.브랜드(BNK캐피탈),-,,/creatives/GNA/GNA/.PNG,모바일,2026.5.19,17,0,0,0,2.6
2452983,search ad,naver,파워링크,MO,00.브랜드(BNK캐피탈),-,,/creatives/GNA/GNA/.PNG,모바일,2026.5.20,16,0,0,0,2.1
2452983,search ad,naver,파워링크,MO,00.브랜드(BNK캐피탈),-,,/creatives/GNA/GNA/.PNG,모바일,2026.5.21,5,0,0,0,3
2452983,search ad,naver,파워링크,MO,00.브랜드(BNK캐피탈),BNK,,/creatives/GNA/GNA/.PNG,모바일,2026.5.15,160,1,122,0,1.1
2452983,search ad,naver,파워링크,MO,00.브랜드(BNK캐피탈),BNK,,/creatives/GNA/GNA/.PNG,모바일,2026.5.16,900,1,103,0,1.1
2452983,search ad,naver,파워링크,MO,00.브랜드(BNK캐피탈),BNK,,/creatives/GNA/GNA/.PNG,모바일,2026.5.18,408,2,1774,0,1.1
2452983,search ad,naver,파워링크,MO,00.브랜드(BNK캐피탈),BNK,,/creatives/GNA/GNA/.PNG,모바일,2026.5.19,589,1,1060,0,1.1
2452983,search ad,naver,파워링크,MO,00.브랜드(BNK캐피탈),BNK,,/creatives/GNA/GNA/.PNG,모바일,2026.5.20,294,1,114,0,1.2
2452983,search ad,naver,파워링크,MO,00.브랜드(BNK캐피탈),BNK,,/creatives/GNA/GNA/.PNG,모바일,2026.5.21,322,1,1079,0,1.2
2452983,search ad,naver,파워링크,MO,00.브랜드(BNK캐피탈),BNK캐피탈,,/creatives/GNA/GNA/.PNG,모바일,2026.5.15,270,1,1100,0,1.9
2452983,search ad,naver,파워링크,MO,00.브랜드(BNK캐피탈),BNK캐피탈,,/creatives/GNA/GNA/.PNG,모바일,2026.5.16,135,3,2657,1,1.8
2452983,search ad,naver,파워링크,MO,00.브랜드(BNK캐피탈),BNK캐피탈,,/creatives/GNA/GNA/.PNG,모바일,2026.5.18,562,3,3219,0,1.5
2452983,search ad,naver,파워링크,MO,00.브랜드(BNK캐피탈),BNK캐피탈,,/creatives/GNA/GNA/.PNG,모바일,2026.5.19,445,1,561,0,1.8
2452983,search ad,naver,파워링크,MO,00.브랜드(BNK캐피탈),BNK캐피탈,,/creatives/GNA/GNA/.PNG,모바일,2026.5.20,430,2,1120,0,1.8
2452983,search ad,naver,파워링크,MO,00.브랜드(BNK캐피탈),BNK캐피탈,,/creatives/GNA/GNA/.PNG,모바일,2026.5.21,221,1,582,0,2
2452983,search ad,naver,파워링크,MO,00.브랜드(BNK캐피탈),비엔케이,,/creatives/GNA/GNA/.PNG,모바일,2026.5.14,9,0,0,0,1
2452983,search ad,naver,파워링크,MO,00.브랜드(BNK캐피탈),비엔케이,,/creatives/GNA/GNA/.PNG,모바일,2026.5.15,16,0,0,0,1
2452983,search ad,naver,파워링크,MO,00.브랜드(BNK캐피탈),비엔케이,,/creatives/GNA/GNA/.PNG,모바일,2026.5.16,4,0,0,0,1
2452983,search ad,naver,파워링크,MO,00.브랜드(BNK캐피탈),비엔케이,,/creatives/GNA/GNA/.PNG,모바일,2026.5.18,18,0,0,0,1
2452983,search ad,naver,파워링크,MO,00.브랜드(BNK캐피탈),비엔케이,,/creatives/GNA/GNA/.PNG,모바일,2026.5.19,25,0,0,0,1
2452983,search ad,naver,파워링크,MO,00.브랜드(BNK캐피탈),비엔케이,,/creatives/GNA/GNA/.PNG,모바일,2026.5.20,20,0,0,0,1
2452983,search ad,naver,파워링크,MO,00.브랜드(BNK캐피탈),비엔케이,,/creatives/GNA/GNA/.PNG,모바일,2026.5.21,6,0,0,0,1
2452983,search ad,naver,파워링크,MO,01.신차,-,,/creatives/GNA/GNA/.PNG,모바일,2026.5.14,2,0,0,0,3
2452983,search ad,naver,파워링크,MO,01.신차,-,,/creatives/GNA/GNA/.PNG,모바일,2026.5.15,3,0,0,0,2.7
2452983,search ad,naver,파워링크,MO,01.신차,-,,/creatives/GNA/GNA/.PNG,모바일,2026.5.16,5,1,657,0,2.2
2452983,search ad,naver,파워링크,MO,01.신차,-,,/creatives/GNA/GNA/.PNG,모바일,2026.5.18,14,1,1012,0,2.7
2452983,search ad,naver,파워링크,MO,01.신차,-,,/creatives/GNA/GNA/.PNG,모바일,2026.5.19,8,0,0,0,2.8
2452983,search ad,naver,파워링크,MO,01.신차,-,,/creatives/GNA/GNA/.PNG,모바일,2026.5.20,14,1,924,0,3.3
2452983,search ad,naver,파워링크,MO,01.신차,-,,/creatives/GNA/GNA/.PNG,모바일,2026.5.21,8,0,0,0,2.3
2452983,search ad,naver,파워링크,MO,01.신차,신차,,/creatives/GNA/GNA/.PNG,모바일,2026.5.14,153,0,0,0,2.6
2452983,search ad,naver,파워링크,MO,01.신차,신차,,/creatives/GNA/GNA/.PNG,모바일,2026.5.15,248,0,0,0,2.5
2452983,search ad,naver,파워링크,MO,01.신차,신차,,/creatives/GNA/GNA/.PNG,모바일,2026.5.16,464,0,0,0,1.9
2452983,search ad,naver,파워링크,MO,01.신차,신차,,/creatives/GNA/GNA/.PNG,모바일,2026.5.18,306,0,0,0,2.5
2452983,search ad,naver,파워링크,MO,01.신차,신차,,/creatives/GNA/GNA/.PNG,모바일,2026.5.19,315,0,0,0,1.6
2452983,search ad,naver,파워링크,MO,01.신차,신차,,/creatives/GNA/GNA/.PNG,모바일,2026.5.20,152,0,0,0,2.3
2452983,search ad,naver,파워링크,MO,01.신차,신차,,/creatives/GNA/GNA/.PNG,모바일,2026.5.21,123,0,0,0,2
2452983,search ad,naver,파워링크,MO,01.신차,신차견적,,/creatives/GNA/GNA/.PNG,모바일,2026.5.14,15,0,0,0,3.1
2452983,search ad,naver,파워링크,MO,01.신차,신차견적,,/creatives/GNA/GNA/.PNG,모바일,2026.5.15,16,0,0,0,1.5
2452983,search ad,naver,파워링크,MO,01.신차,신차견적,,/creatives/GNA/GNA/.PNG,모바일,2026.5.16,50,0,0,0,3.5
2452983,search ad,naver,파워링크,MO,01.신차,신차견적,,/creatives/GNA/GNA/.PNG,모바일,2026.5.18,13,0,0,0,3.7
2452983,search ad,naver,파워링크,MO,01.신차,신차견적,,/creatives/GNA/GNA/.PNG,모바일,2026.5.19,7,0,0,0,2
2452983,search ad,naver,파워링크,MO,01.신차,신차견적,,/creatives/GNA/GNA/.PNG,모바일,2026.5.20,7,0,0,0,3
2452983,search ad,naver,파워링크,MO,01.신차,신차견적,,/creatives/GNA/GNA/.PNG,모바일,2026.5.21,9,0,0,0,3.6
2452983,search ad,naver,파워링크,MO,01.신차,신차렌탈,,/creatives/GNA/GNA/.PNG,모바일,2026.5.14,1,0,0,0,3
2452983,search ad,naver,파워링크,MO,01.신차,신차렌탈,,/creatives/GNA/GNA/.PNG,모바일,2026.5.15,1,0,0,0,4
2452983,search ad,naver,파워링크,MO,01.신차,신차렌탈,,/creatives/GNA/GNA/.PNG,모바일,2026.5.16,2,0,0,0,2.5
2452983,search ad,naver,파워링크,MO,01.신차,신차렌탈,,/creatives/GNA/GNA/.PNG,모바일,2026.5.18,2,0,0,0,3
2452983,search ad,naver,파워링크,MO,01.신차,신차렌탈,,/creatives/GNA/GNA/.PNG,모바일,2026.5.20,1,0,0,0,5
2452983,search ad,naver,파워링크,MO,01.신차,신차렌터카,,/creatives/GNA/GNA/.PNG,모바일,2026.5.16,1,0,0,0,2
2452983,search ad,naver,파워링크,MO,01.신차,신차렌터카,,/creatives/GNA/GNA/.PNG,모바일,2026.5.19,2,0,0,0,5
2452983,search ad,naver,파워링크,MO,01.신차,신차렌트,,/creatives/GNA/GNA/.PNG,모바일,2026.5.16,11,0,0,0,2.5
2452983,search ad,naver,파워링크,MO,01.신차,신차렌트,,/creatives/GNA/GNA/.PNG,모바일,2026.5.18,7,1,5229,0,5
2452983,search ad,naver,파워링크,MO,01.신차,신차렌트,,/creatives/GNA/GNA/.PNG,모바일,2026.5.19,4,1,6189,0,8.3
2452983,search ad,naver,파워링크,MO,01.신차,신차렌트,,/creatives/GNA/GNA/.PNG,모바일,2026.5.20,9,0,0,0,3.1
2452983,search ad,naver,파워링크,MO,01.신차,신차렌트,,/creatives/GNA/GNA/.PNG,모바일,2026.5.21,5,2,12439,0,8.4
2452983,search ad,naver,파워링크,MO,01.신차,신차렌트카,,/creatives/GNA/GNA/.PNG,모바일,2026.5.14,1,0,0,0,4
2452983,search ad,naver,파워링크,MO,01.신차,신차렌트카,,/creatives/GNA/GNA/.PNG,모바일,2026.5.16,11,1,6239,0,1.5
2452983,search ad,naver,파워링크,MO,01.신차,신차렌트카,,/creatives/GNA/GNA/.PNG,모바일,2026.5.19,4,0,0,0,11.8
2452983,search ad,naver,파워링크,MO,01.신차,신차렌트카,,/creatives/GNA/GNA/.PNG,모바일,2026.5.20,1,0,0,0,3
2452983,search ad,naver,파워링크,MO,01.신차,신차렌트카,,/creatives/GNA/GNA/.PNG,모바일,2026.5.21,1,0,0,0,4
2452983,search ad,naver,파워링크,MO,01.신차,신차장기,,/creatives/GNA/GNA/.PNG,모바일,2026.5.15,1,0,0,0,5
2452983,search ad,naver,파워링크,MO,01.신차,신차장기,,/creatives/GNA/GNA/.PNG,모바일,2026.5.16,1,0,0,0,2
2452983,search ad,naver,파워링크,MO,01.신차,신차장기,,/creatives/GNA/GNA/.PNG,모바일,2026.5.20,5,1,4627,0,3.2
2452983,search ad,naver,파워링크,MO,01.신차,신차장기렌탈,,/creatives/GNA/GNA/.PNG,모바일,2026.5.14,1,0,0,0,4
2452983,search ad,naver,파워링크,MO,01.신차,신차장기렌터카,,/creatives/GNA/GNA/.PNG,모바일,2026.5.14,6,0,0,0,4.3
2452983,search ad,naver,파워링크,MO,01.신차,신차장기렌터카,,/creatives/GNA/GNA/.PNG,모바일,2026.5.15,15,1,8689,0,7.6
2452983,search ad,naver,파워링크,MO,01.신차,신차장기렌터카,,/creatives/GNA/GNA/.PNG,모바일,2026.5.16,27,2,17471,0,1.8
2452983,search ad,naver,파워링크,MO,01.신차,신차장기렌터카,,/creatives/GNA/GNA/.PNG,모바일,2026.5.18,62,1,9468,0,4.3
2452983,search ad,naver,파워링크,MO,01.신차,신차장기렌터카,,/creatives/GNA/GNA/.PNG,모바일,2026.5.19,47,3,26986,0,4.4
2452983,search ad,naver,파워링크,MO,01.신차,신차장기렌터카,,/creatives/GNA/GNA/.PNG,모바일,2026.5.20,17,0,0,0,3.6
2452983,search ad,naver,파워링크,MO,01.신차,신차장기렌터카,,/creatives/GNA/GNA/.PNG,모바일,2026.5.21,2,0,0,0,3.5
2452983,search ad,naver,파워링크,MO,01.신차,신차장기렌터카가격비교,,/creatives/GNA/GNA/.PNG,모바일,2026.5.14,2,0,0,0,6
2452983,search ad,naver,파워링크,MO,01.신차,신차장기렌터카가격비교,,/creatives/GNA/GNA/.PNG,모바일,2026.5.15,1,1,4356,0,6
2452983,search ad,naver,파워링크,MO,01.신차,신차장기렌터카가격비교,,/creatives/GNA/GNA/.PNG,모바일,2026.5.16,12,0,0,0,2.1
2452983,search ad,naver,파워링크,MO,01.신차,신차장기렌터카가격비교,,/creatives/GNA/GNA/.PNG,모바일,2026.5.18,8,0,0,0,5.3
2452983,search ad,naver,파워링크,MO,01.신차,신차장기렌터카가격비교,,/creatives/GNA/GNA/.PNG,모바일,2026.5.19,5,0,0,0,5
2452983,search ad,naver,파워링크,MO,01.신차,신차장기렌트,,/creatives/GNA/GNA/.PNG,모바일,2026.5.14,14,1,6578,0,4.5
2452983,search ad,naver,파워링크,MO,01.신차,신차장기렌트,,/creatives/GNA/GNA/.PNG,모바일,2026.5.15,21,0,0,0,6.2
2452983,search ad,naver,파워링크,MO,01.신차,신차장기렌트,,/creatives/GNA/GNA/.PNG,모바일,2026.5.16,131,6,41940,0,2.1
2452983,search ad,naver,파워링크,MO,01.신차,신차장기렌트,,/creatives/GNA/GNA/.PNG,모바일,2026.5.18,68,2,14167,0,4.3
2452983,search ad,naver,파워링크,MO,01.신차,신차장기렌트,,/creatives/GNA/GNA/.PNG,모바일,2026.5.19,32,0,0,0,5.2
2452983,search ad,naver,파워링크,MO,01.신차,신차장기렌트,,/creatives/GNA/GNA/.PNG,모바일,2026.5.20,46,0,0,0,5.4
2452983,search ad,naver,파워링크,MO,01.신차,신차장기렌트,,/creatives/GNA/GNA/.PNG,모바일,2026.5.21,10,1,7304,0,5.2
2452983,search ad,naver,파워링크,MO,01.신차,신차장기렌트가격비교,,/creatives/GNA/GNA/.PNG,모바일,2026.5.18,1,0,0,0,2
2452983,search ad,naver,파워링크,MO,01.신차,신차장기렌트가격비교,,/creatives/GNA/GNA/.PNG,모바일,2026.5.19,1,0,0,0,9
2452983,search ad,naver,파워링크,MO,01.신차,신차장기렌트가격비교,,/creatives/GNA/GNA/.PNG,모바일,2026.5.21,1,0,0,0,5
2452983,search ad,naver,파워링크,MO,01.신차,신차장기렌트견적,,/creatives/GNA/GNA/.PNG,모바일,2026.5.15,2,0,0,0,5
2452983,search ad,naver,파워링크,MO,01.신차,신차장기렌트견적,,/creatives/GNA/GNA/.PNG,모바일,2026.5.19,1,0,0,0,5
2452983,search ad,naver,파워링크,MO,01.신차,신차장기렌트견적,,/creatives/GNA/GNA/.PNG,모바일,2026.5.20,1,0,0,0,5
2452983,search ad,naver,파워링크,MO,01.신차,신차장기렌트비교,,/creatives/GNA/GNA/.PNG,모바일,2026.5.21,1,0,0,0,4
2452983,search ad,naver,파워링크,MO,01.신차,신차장기렌트업체,,/creatives/GNA/GNA/.PNG,모바일,2026.5.18,1,0,0,0,2
2452983,search ad,naver,파워링크,MO,01.신차,신차장기렌트인수,,/creatives/GNA/GNA/.PNG,모바일,2026.5.16,2,0,0,0,2
2452983,search ad,naver,파워링크,MO,01.신차,신차장기렌트인수,,/creatives/GNA/GNA/.PNG,모바일,2026.5.18,1,0,0,0,4
2452983,search ad,naver,파워링크,MO,01.신차,신차장기렌트카견적,,/creatives/GNA/GNA/.PNG,모바일,2026.5.16,1,0,0,0,1
2452983,search ad,naver,파워링크,MO,01.신차,신차장기렌트카견적,,/creatives/GNA/GNA/.PNG,모바일,2026.5.21,12,1,6008,0,6.6
2452983,search ad,naver,파워링크,MO,01.신차,신차장기렌트카견적비교,,/creatives/GNA/GNA/.PNG,모바일,2026.5.16,26,1,4363,0,4.1
2452983,search ad,naver,파워링크,MO,01.신차,신차장기렌트카견적비교,,/creatives/GNA/GNA/.PNG,모바일,2026.5.18,4,0,0,0,4.5
2452983,search ad,naver,파워링크,MO,01.신차,신차장기렌트카견적비교,,/creatives/GNA/GNA/.PNG,모바일,2026.5.19,5,0,0,0,4.2
2452983,search ad,naver,파워링크,MO,01.신차,신차장기렌트카견적비교,,/creatives/GNA/GNA/.PNG,모바일,2026.5.20,3,0,0,0,4.7
2452983,search ad,naver,파워링크,MO,01.신차,신차장기렌트카단점,,/creatives/GNA/GNA/.PNG,모바일,2026.5.14,1,0,0,0,4
2452983,search ad,naver,파워링크,MO,01.신차,신차장기렌트카단점,,/creatives/GNA/GNA/.PNG,모바일,2026.5.15,1,0,0,0,3
2452983,search ad,naver,파워링크,MO,01.신차,신차장기렌트카단점,,/creatives/GNA/GNA/.PNG,모바일,2026.5.16,7,0,0,0,1.9
2452983,search ad,naver,파워링크,MO,01.신차,신차장기렌트카단점,,/creatives/GNA/GNA/.PNG,모바일,2026.5.18,6,0,0,0,3
2452983,search ad,naver,파워링크,MO,01.신차,신차장기렌트카단점,,/creatives/GNA/GNA/.PNG,모바일,2026.5.19,2,0,0,0,4
2452983,search ad,naver,파워링크,MO,01.신차,신차장기렌트카단점,,/creatives/GNA/GNA/.PNG,모바일,2026.5.20,3,0,0,0,3.7
2452983,search ad,naver,파워링크,MO,01.신차,신차장기렌트카단점,,/creatives/GNA/GNA/.PNG,모바일,2026.5.21,1,0,0,0,4
2452983,search ad,naver,파워링크,MO,01.신차,신차장기렌트카업체,,/creatives/GNA/GNA/.PNG,모바일,2026.5.18,1,0,0,0,5
2452983,search ad,naver,파워링크,MO,01.신차,신차장기렌트카인수,,/creatives/GNA/GNA/.PNG,모바일,2026.5.18,2,0,0,0,3
2452983,search ad,naver,파워링크,MO,01.신차,신차장기렌트카인수,,/creatives/GNA/GNA/.PNG,모바일,2026.5.19,1,0,0,0,4
2452983,search ad,naver,파워링크,MO,01.신차,신차장기렌트카인수,,/creatives/GNA/GNA/.PNG,모바일,2026.5.20,1,0,0,0,2
2452983,search ad,naver,파워링크,MO,01.신차,신차장기렌트카추천,,/creatives/GNA/GNA/.PNG,모바일,2026.5.16,1,0,0,0,2
2452983,search ad,naver,파워링크,MO,01.신차,신차프로모션,,/creatives/GNA/GNA/.PNG,모바일,2026.5.14,2,0,0,0,3
2452983,search ad,naver,파워링크,MO,01.신차,신차프로모션,,/creatives/GNA/GNA/.PNG,모바일,2026.5.15,1,0,0,0,3
2452983,search ad,naver,파워링크,MO,01.신차,신차프로모션,,/creatives/GNA/GNA/.PNG,모바일,2026.5.16,10,0,0,0,2.8
2452983,search ad,naver,파워링크,MO,01.신차,신차프로모션,,/creatives/GNA/GNA/.PNG,모바일,2026.5.18,1,0,0,0,2
2452983,search ad,naver,파워링크,MO,01.신차,신차프로모션,,/creatives/GNA/GNA/.PNG,모바일,2026.5.19,4,0,0,0,2
2452983,search ad,naver,파워링크,MO,01.신차,신차프로모션,,/creatives/GNA/GNA/.PNG,모바일,2026.5.20,5,0,0,0,3.8
2452983,search ad,naver,파워링크,MO,01.신차,신차프로모션,,/creatives/GNA/GNA/.PNG,모바일,2026.5.21,4,0,0,0,2.5
2452983,search ad,naver,파워링크,MO,01.신차,장기렌트신차,,/creatives/GNA/GNA/.PNG,모바일,2026.5.16,1,0,0,0,4
2452983,search ad,naver,파워링크,MO,01.신차,장기렌트신차,,/creatives/GNA/GNA/.PNG,모바일,2026.5.20,2,0,0,0,5.5
2452983,search ad,naver,파워링크,MO,01.신차,장기렌트신차,,/creatives/GNA/GNA/.PNG,모바일,2026.5.21,1,0,0,0,4
2452983,search ad,naver,파워링크,MO,01.신차,장기신차렌트,,/creatives/GNA/GNA/.PNG,모바일,2026.5.15,4,0,0,0,3.8
2452983,search ad,naver,파워링크,MO,01.신차,장기신차렌트카,,/creatives/GNA/GNA/.PNG,모바일,2026.5.16,3,1,1035,0,1
2452983,search ad,naver,파워링크,MO,01.신차,장기신차렌트카,,/creatives/GNA/GNA/.PNG,모바일,2026.5.18,3,0,0,0,3.7
2452983,search ad,naver,파워링크,MO,02.차종,-,,/creatives/GNA/GNA/.PNG,모바일,2026.5.14,11,0,0,0,1.7
2452983,search ad,naver,파워링크,MO,02.차종,-,,/creatives/GNA/GNA/.PNG,모바일,2026.5.15,17,0,0,0,2.8
2452983,search ad,naver,파워링크,MO,02.차종,-,,/creatives/GNA/GNA/.PNG,모바일,2026.5.16,96,1,103,0,2.3
2452983,search ad,naver,파워링크,MO,02.차종,-,,/creatives/GNA/GNA/.PNG,모바일,2026.5.18,38,1,335,0,3.3
2452983,search ad,naver,파워링크,MO,02.차종,-,,/creatives/GNA/GNA/.PNG,모바일,2026.5.19,505,0,0,0,3.7
2452983,search ad,naver,파워링크,MO,02.차종,-,,/creatives/GNA/GNA/.PNG,모바일,2026.5.20,432,0,0,0,3.1
2452983,search ad,naver,파워링크,MO,02.차종,-,,/creatives/GNA/GNA/.PNG,모바일,2026.5.21,241,0,0,0,2.8
2452983,search ad,naver,파워링크,MO,02.차종,G70,,/creatives/GNA/GNA/.PNG,모바일,2026.5.14,483,0,0,0,2.8
2452983,search ad,naver,파워링크,MO,02.차종,G70,,/creatives/GNA/GNA/.PNG,모바일,2026.5.15,1007,1,1398,0,3.5
2452983,search ad,naver,파워링크,MO,02.차종,G70,,/creatives/GNA/GNA/.PNG,모바일,2026.5.16,1769,1,1404,0,2.2
2452983,search ad,naver,파워링크,MO,02.차종,G70,,/creatives/GNA/GNA/.PNG,모바일,2026.5.18,1677,0,0,0,2.9
2452983,search ad,naver,파워링크,MO,02.차종,G70,,/creatives/GNA/GNA/.PNG,모바일,2026.5.19,1486,1,1344,0,3.3
2452983,search ad,naver,파워링크,MO,02.차종,G70,,/creatives/GNA/GNA/.PNG,모바일,2026.5.20,1106,2,2834,0,2.8
2452983,search ad,naver,파워링크,MO,02.차종,G70,,/creatives/GNA/GNA/.PNG,모바일,2026.5.21,700,0,0,0,1.8
2452983,search ad,naver,파워링크,MO,02.차종,G70슈팅브레이크,,/creatives/GNA/GNA/.PNG,모바일,2026.5.14,51,0,0,0,1.9
2452983,search ad,naver,파워링크,MO,02.차종,G70슈팅브레이크,,/creatives/GNA/GNA/.PNG,모바일,2026.5.15,83,1,1265,0,3.1
2452983,search ad,naver,파워링크,MO,02.차종,G70슈팅브레이크,,/creatives/GNA/GNA/.PNG,모바일,2026.5.16,180,0,0,0,3.3
2452983,search ad,naver,파워링크,MO,02.차종,G70슈팅브레이크,,/creatives/GNA/GNA/.PNG,모바일,2026.5.18,124,0,0,0,3
2452983,search ad,naver,파워링크,MO,02.차종,G70슈팅브레이크,,/creatives/GNA/GNA/.PNG,모바일,2026.5.19,94,0,0,0,3.7
2452983,search ad,naver,파워링크,MO,02.차종,G70슈팅브레이크,,/creatives/GNA/GNA/.PNG,모바일,2026.5.20,111,0,0,0,3.3
2452983,search ad,naver,파워링크,MO,02.차종,G70슈팅브레이크,,/creatives/GNA/GNA/.PNG,모바일,2026.5.21,163,0,0,0,1
2452983,search ad,naver,파워링크,MO,02.차종,G80,,/creatives/GNA/GNA/.PNG,모바일,2026.5.14,1478,3,5731,0,2.5
2452983,search ad,naver,파워링크,MO,02.차종,G80,,/creatives/GNA/GNA/.PNG,모바일,2026.5.15,2011,0,0,0,3.1
2452983,search ad,naver,파워링크,MO,02.차종,G80,,/creatives/GNA/GNA/.PNG,모바일,2026.5.16,4165,2,3240,0,2.7
2452983,search ad,naver,파워링크,MO,02.차종,G80,,/creatives/GNA/GNA/.PNG,모바일,2026.5.18,3534,2,3906,0,3.2
2452983,search ad,naver,파워링크,MO,02.차종,G80,,/creatives/GNA/GNA/.PNG,모바일,2026.5.19,2779,4,7920,0,3.8
2452983,search ad,naver,파워링크,MO,02.차종,G80,,/creatives/GNA/GNA/.PNG,모바일,2026.5.20,1773,0,0,0,3.5
2452983,search ad,naver,파워링크,MO,02.차종,G80,,/creatives/GNA/GNA/.PNG,모바일,2026.5.21,1357,2,4791,0,2.2
2452983,search ad,naver,파워링크,MO,02.차종,G80BLACK,,/creatives/GNA/GNA/.PNG,모바일,2026.5.16,6,0,0,0,5.3
2452983,search ad,naver,파워링크,MO,02.차종,G80BLACK,,/creatives/GNA/GNA/.PNG,모바일,2026.5.19,1,0,0,0,9
2452983,search ad,naver,파워링크,MO,02.차종,G80BLACK,,/creatives/GNA/GNA/.PNG,모바일,2026.5.20,17,0,0,0,3.2
2452983,search ad,naver,파워링크,MO,02.차종,G80BLACK,,/creatives/GNA/GNA/.PNG,모바일,2026.5.21,21,0,0,0,2.8
2452983,search ad,naver,파워링크,MO,02.차종,G90,,/creatives/GNA/GNA/.PNG,모바일,2026.5.14,442,1,1572,0,3.5
2452983,search ad,naver,파워링크,MO,02.차종,G90,,/creatives/GNA/GNA/.PNG,모바일,2026.5.15,729,0,0,0,3.7
2452983,search ad,naver,파워링크,MO,02.차종,G90,,/creatives/GNA/GNA/.PNG,모바일,2026.5.16,1694,1,1427,0,2.8
2452983,search ad,naver,파워링크,MO,02.차종,G90,,/creatives/GNA/GNA/.PNG,모바일,2026.5.18,1260,0,0,0,3.7
2452983,search ad,naver,파워링크,MO,02.차종,G90,,/creatives/GNA/GNA/.PNG,모바일,2026.5.19,1161,2,3145,0,3.7
2452983,search ad,naver,파워링크,MO,02.차종,G90,,/creatives/GNA/GNA/.PNG,모바일,2026.5.20,812,2,5755,0,3.1
2452983,search ad,naver,파워링크,MO,02.차종,G90,,/creatives/GNA/GNA/.PNG,모바일,2026.5.21,525,4,12087,0,1.1
2452983,search ad,naver,파워링크,MO,02.차종,G90BLACK,,/creatives/GNA/GNA/.PNG,모바일,2026.5.14,2,0,0,0,3
2452983,search ad,naver,파워링크,MO,02.차종,G90BLACK,,/creatives/GNA/GNA/.PNG,모바일,2026.5.15,12,0,0,0,3.2
2452983,search ad,naver,파워링크,MO,02.차종,G90BLACK,,/creatives/GNA/GNA/.PNG,모바일,2026.5.16,27,0,0,0,2.4
2452983,search ad,naver,파워링크,MO,02.차종,G90BLACK,,/creatives/GNA/GNA/.PNG,모바일,2026.5.18,3,0,0,0,3
2452983,search ad,naver,파워링크,MO,02.차종,G90BLACK,,/creatives/GNA/GNA/.PNG,모바일,2026.5.19,10,0,0,0,2.9
2452983,search ad,naver,파워링크,MO,02.차종,G90BLACK,,/creatives/GNA/GNA/.PNG,모바일,2026.5.20,10,0,0,0,1.4
2452983,search ad,naver,파워링크,MO,02.차종,G90BLACK,,/creatives/GNA/GNA/.PNG,모바일,2026.5.21,15,0,0,0,1.6
2452983,search ad,naver,파워링크,MO,02.차종,GV70,,/creatives/GNA/GNA/.PNG,모바일,2026.5.14,1791,1,2174,0,3.6
2452983,search ad,naver,파워링크,MO,02.차종,GV70,,/creatives/GNA/GNA/.PNG,모바일,2026.5.15,2449,0,0,0,4.1
2452983,search ad,naver,파워링크,MO,02.차종,GV70,,/creatives/GNA/GNA/.PNG,모바일,2026.5.16,6333,1,2355,0,3.7
2452983,search ad,naver,파워링크,MO,02.차종,GV70,,/creatives/GNA/GNA/.PNG,모바일,2026.5.18,4885,1,2365,0,4.2
2452983,search ad,naver,파워링크,MO,02.차종,GV70,,/creatives/GNA/GNA/.PNG,모바일,2026.5.19,1842,0,0,0,3.4
2452983,search ad,naver,파워링크,MO,02.차종,GV70,,/creatives/GNA/GNA/.PNG,모바일,2026.5.20,1692,4,15828,0,2.4
2452983,search ad,naver,파워링크,MO,02.차종,GV70,,/creatives/GNA/GNA/.PNG,모바일,2026.5.21,2316,1,4153,0,2.4
2452983,search ad,naver,파워링크,MO,02.차종,GV80,,/creatives/GNA/GNA/.PNG,모바일,2026.5.14,1678,0,0,0,3.2
2452983,search ad,naver,파워링크,MO,02.차종,GV80,,/creatives/GNA/GNA/.PNG,모바일,2026.5.15,2682,2,3312,0,3.9
2452983,search ad,naver,파워링크,MO,02.차종,GV80,,/creatives/GNA/GNA/.PNG,모바일,2026.5.16,5765,3,4197,0,3
2452983,search ad,naver,파워링크,MO,02.차종,GV80,,/creatives/GNA/GNA/.PNG,모바일,2026.5.18,4606,2,3019,0,3.7
2452983,search ad,naver,파워링크,MO,02.차종,GV80,,/creatives/GNA/GNA/.PNG,모바일,2026.5.19,3761,4,6396,0,4.3
2452983,search ad,naver,파워링크,MO,02.차종,GV80,,/creatives/GNA/GNA/.PNG,모바일,2026.5.20,2345,4,9244,0,3.8
2452983,search ad,naver,파워링크,MO,02.차종,GV80,,/creatives/GNA/GNA/.PNG,모바일,2026.5.21,1877,3,6848,0,2.6
2452983,search ad,naver,파워링크,MO,02.차종,GV80BLACK,,/creatives/GNA/GNA/.PNG,모바일,2026.5.14,9,0,0,0,4
2452983,search ad,naver,파워링크,MO,02.차종,GV80BLACK,,/creatives/GNA/GNA/.PNG,모바일,2026.5.15,3,0,0,0,4
2452983,search ad,naver,파워링크,MO,02.차종,GV80BLACK,,/creatives/GNA/GNA/.PNG,모바일,2026.5.16,15,0,0,0,3.9
2452983,search ad,naver,파워링크,MO,02.차종,GV80BLACK,,/creatives/GNA/GNA/.PNG,모바일,2026.5.18,2,0,0,0,5.5
2452983,search ad,naver,파워링크,MO,02.차종,GV80BLACK,,/creatives/GNA/GNA/.PNG,모바일,2026.5.20,4,0,0,0,3.3
2452983,search ad,naver,파워링크,MO,02.차종,GV80BLACK,,/creatives/GNA/GNA/.PNG,모바일,2026.5.21,26,0,0,0,2.7
2452983,search ad,naver,파워링크,MO,02.차종,GV80COUPE,,/creatives/GNA/GNA/.PNG,모바일,2026.5.15,1,0,0,0,3
2452983,search ad,naver,파워링크,MO,02.차종,GV80COUPE,,/creatives/GNA/GNA/.PNG,모바일,2026.5.16,6,1,847,0,5.7
2452983,search ad,naver,파워링크,MO,02.차종,GV80COUPE,,/creatives/GNA/GNA/.PNG,모바일,2026.5.18,1,0,0,0,2
2452983,search ad,naver,파워링크,MO,02.차종,GV80COUPE,,/creatives/GNA/GNA/.PNG,모바일,2026.5.20,39,0,0,0,2.2
2452983,search ad,naver,파워링크,MO,02.차종,GV80COUPE,,/creatives/GNA/GNA/.PNG,모바일,2026.5.21,111,0,0,0,3.3
2452983,search ad,naver,파워링크,MO,02.차종,GV80COUPEBLACK,,/creatives/GNA/GNA/.PNG,모바일,2026.5.16,6,0,0,0,3.5
2452983,search ad,naver,파워링크,MO,02.차종,GV80COUPEBLACK,,/creatives/GNA/GNA/.PNG,모바일,2026.5.20,3,0,0,0,3
2452983,search ad,naver,파워링크,MO,02.차종,GV80COUPEBLACK,,/creatives/GNA/GNA/.PNG,모바일,2026.5.21,2,0,0,0,2
2452983,search ad,naver,파워링크,MO,02.차종,K5,,/creatives/GNA/GNA/.PNG,모바일,2026.5.14,1080,0,0,0,3.3
2452983,search ad,naver,파워링크,MO,02.차종,K5,,/creatives/GNA/GNA/.PNG,모바일,2026.5.15,1160,1,1315,0,3
2452983,search ad,naver,파워링크,MO,02.차종,K5,,/creatives/GNA/GNA/.PNG,모바일,2026.5.16,3369,2,2664,0,2.6
2452983,search ad,naver,파워링크,MO,02.차종,K5,,/creatives/GNA/GNA/.PNG,모바일,2026.5.18,3236,0,0,0,3.1
2452983,search ad,naver,파워링크,MO,02.차종,K5,,/creatives/GNA/GNA/.PNG,모바일,2026.5.19,2932,0,0,0,3.5
2452983,search ad,naver,파워링크,MO,02.차종,K5,,/creatives/GNA/GNA/.PNG,모바일,2026.5.20,1804,2,2902,0,3.2
2452983,search ad,naver,파워링크,MO,02.차종,K5,,/creatives/GNA/GNA/.PNG,모바일,2026.5.21,1173,2,6191,0,1.8
2452983,search ad,naver,파워링크,MO,02.차종,K9,,/creatives/GNA/GNA/.PNG,모바일,2026.5.14,446,0,0,0,3.4
2452983,search ad,naver,파워링크,MO,02.차종,K9,,/creatives/GNA/GNA/.PNG,모바일,2026.5.15,888,0,0,0,3.9
2452983,search ad,naver,파워링크,MO,02.차종,K9,,/creatives/GNA/GNA/.PNG,모바일,2026.5.16,1529,0,0,0,2.6
2452983,search ad,naver,파워링크,MO,02.차종,K9,,/creatives/GNA/GNA/.PNG,모바일,2026.5.18,1318,0,0,0,2.9
2452983,search ad,naver,파워링크,MO,02.차종,K9,,/creatives/GNA/GNA/.PNG,모바일,2026.5.19,1351,0,0,0,2.9
2452983,search ad,naver,파워링크,MO,02.차종,K9,,/creatives/GNA/GNA/.PNG,모바일,2026.5.20,808,2,3210,0,2.4
2452983,search ad,naver,파워링크,MO,02.차종,K9,,/creatives/GNA/GNA/.PNG,모바일,2026.5.21,620,3,7255,0,1.1
2452983,search ad,naver,파워링크,MO,02.차종,QM6,,/creatives/GNA/GNA/.PNG,모바일,2026.5.14,340,0,0,0,2.8
2452983,search ad,naver,파워링크,MO,02.차종,QM6,,/creatives/GNA/GNA/.PNG,모바일,2026.5.15,564,0,0,0,4.1
2452983,search ad,naver,파워링크,MO,02.차종,QM6,,/creatives/GNA/GNA/.PNG,모바일,2026.5.16,1051,0,0,0,3
2452983,search ad,naver,파워링크,MO,02.차종,QM6,,/creatives/GNA/GNA/.PNG,모바일,2026.5.17,1,0,0,0,2
2452983,search ad,naver,파워링크,MO,02.차종,QM6,,/creatives/GNA/GNA/.PNG,모바일,2026.5.18,962,4,5791,0,2.9
2452983,search ad,naver,파워링크,MO,02.차종,QM6,,/creatives/GNA/GNA/.PNG,모바일,2026.5.19,892,1,1448,0,3.4
2452983,search ad,naver,파워링크,MO,02.차종,QM6,,/creatives/GNA/GNA/.PNG,모바일,2026.5.20,667,0,0,0,3.3
2452983,search ad,naver,파워링크,MO,02.차종,QM6,,/creatives/GNA/GNA/.PNG,모바일,2026.5.21,448,4,9904,0,1.1
2452983,search ad,naver,파워링크,MO,02.차종,SM6,,/creatives/GNA/GNA/.PNG,모바일,2026.5.14,162,0,0,0,3.1
2452983,search ad,naver,파워링크,MO,02.차종,SM6,,/creatives/GNA/GNA/.PNG,모바일,2026.5.15,331,0,0,0,3.8
2452983,search ad,naver,파워링크,MO,02.차종,SM6,,/creatives/GNA/GNA/.PNG,모바일,2026.5.16,583,0,0,0,2.6
2452983,search ad,naver,파워링크,MO,02.차종,SM6,,/creatives/GNA/GNA/.PNG,모바일,2026.5.18,539,1,1296,0,2.8
2452983,search ad,naver,파워링크,MO,02.차종,SM6,,/creatives/GNA/GNA/.PNG,모바일,2026.5.19,572,0,0,0,3.1
2452983,search ad,naver,파워링크,MO,02.차종,SM6,,/creatives/GNA/GNA/.PNG,모바일,2026.5.20,325,1,2130,0,2.6
2452983,search ad,naver,파워링크,MO,02.차종,SM6,,/creatives/GNA/GNA/.PNG,모바일,2026.5.21,224,0,0,0,1
2452983,search ad,naver,파워링크,MO,02.차종,그랑콜레오스,,/creatives/GNA/GNA/.PNG,모바일,2026.5.14,825,0,0,0,3.1
2452983,search ad,naver,파워링크,MO,02.차종,그랑콜레오스,,/creatives/GNA/GNA/.PNG,모바일,2026.5.15,1807,0,0,0,3.8
2452983,search ad,naver,파워링크,MO,02.차종,그랑콜레오스,,/creatives/GNA/GNA/.PNG,모바일,2026.5.16,2972,0,0,0,3.7
2452983,search ad,naver,파워링크,MO,02.차종,그랑콜레오스,,/creatives/GNA/GNA/.PNG,모바일,2026.5.18,2329,2,7264,0,3.3
2452983,search ad,naver,파워링크,MO,02.차종,그랑콜레오스,,/creatives/GNA/GNA/.PNG,모바일,2026.5.19,2084,3,12331,0,3
2452983,search ad,naver,파워링크,MO,02.차종,그랑콜레오스,,/creatives/GNA/GNA/.PNG,모바일,2026.5.20,1610,2,4549,0,3
2452983,search ad,naver,파워링크,MO,02.차종,그랑콜레오스,,/creatives/GNA/GNA/.PNG,모바일,2026.5.21,902,3,9086,0,3.5
2452983,search ad,naver,파워링크,MO,02.차종,그랜저,,/creatives/GNA/GNA/.PNG,모바일,2026.5.14,10280,0,0,0,2
2452983,search ad,naver,파워링크,MO,02.차종,그랜저,,/creatives/GNA/GNA/.PNG,모바일,2026.5.15,7960,3,4467,0,3.2
2452983,search ad,naver,파워링크,MO,02.차종,그랜저,,/creatives/GNA/GNA/.PNG,모바일,2026.5.16,16353,5,7697,0,2.4
2452983,search ad,naver,파워링크,MO,02.차종,그랜저,,/creatives/GNA/GNA/.PNG,모바일,2026.5.18,17021,8,12198,0,3.3
2452983,search ad,naver,파워링크,MO,02.차종,그랜저,,/creatives/GNA/GNA/.PNG,모바일,2026.5.19,10532,5,7711,1,3.5
2452983,search ad,naver,파워링크,MO,02.차종,그랜저,,/creatives/GNA/GNA/.PNG,모바일,2026.5.20,6411,10,19442,1,3.5
2452983,search ad,naver,파워링크,MO,02.차종,그랜저,,/creatives/GNA/GNA/.PNG,모바일,2026.5.21,5806,13,29582,0,2.2
2452983,search ad,naver,파워링크,MO,02.차종,더뉴니로,,/creatives/GNA/GNA/.PNG,모바일,2026.5.14,34,0,0,0,2.4
2452983,search ad,naver,파워링크,MO,02.차종,더뉴니로,,/creatives/GNA/GNA/.PNG,모바일,2026.5.15,35,0,0,0,3.8
2452983,search ad,naver,파워링크,MO,02.차종,더뉴니로,,/creatives/GNA/GNA/.PNG,모바일,2026.5.16,63,0,0,0,3.9
2452983,search ad,naver,파워링크,MO,02.차종,더뉴니로,,/creatives/GNA/GNA/.PNG,모바일,2026.5.18,101,0,0,0,4.1
2452983,search ad,naver,파워링크,MO,02.차종,더뉴니로,,/creatives/GNA/GNA/.PNG,모바일,2026.5.19,66,0,0,0,4.1
2452983,search ad,naver,파워링크,MO,02.차종,더뉴니로,,/creatives/GNA/GNA/.PNG,모바일,2026.5.20,55,0,0,0,3.4
2452983,search ad,naver,파워링크,MO,02.차종,더뉴니로,,/creatives/GNA/GNA/.PNG,모바일,2026.5.21,32,0,0,0,1.1
2452983,search ad,naver,파워링크,MO,02.차종,더뉴스타리아,,/creatives/GNA/GNA/.PNG,모바일,2026.5.14,4,0,0,0,2.3
2452983,search ad,naver,파워링크,MO,02.차종,더뉴스타리아,,/creatives/GNA/GNA/.PNG,모바일,2026.5.15,13,0,0,0,2.3
2452983,search ad,naver,파워링크,MO,02.차종,더뉴스타리아,,/creatives/GNA/GNA/.PNG,모바일,2026.5.16,23,0,0,0,2.2
2452983,search ad,naver,파워링크,MO,02.차종,더뉴스타리아,,/creatives/GNA/GNA/.PNG,모바일,2026.5.18,23,0,0,0,2.7
2452983,search ad,naver,파워링크,MO,02.차종,더뉴스타리아,,/creatives/GNA/GNA/.PNG,모바일,2026.5.19,35,0,0,0,2.2
2452983,search ad,naver,파워링크,MO,02.차종,더뉴스타리아,,/creatives/GNA/GNA/.PNG,모바일,2026.5.20,20,0,0,0,2.5
2452983,search ad,naver,파워링크,MO,02.차종,더뉴스타리아,,/creatives/GNA/GNA/.PNG,모바일,2026.5.21,19,0,0,0,2.7
2452983,search ad,naver,파워링크,MO,02.차종,더뉴아반떼,,/creatives/GNA/GNA/.PNG,모바일,2026.5.14,60,0,0,0,2.1
2452983,search ad,naver,파워링크,MO,02.차종,더뉴아반떼,,/creatives/GNA/GNA/.PNG,모바일,2026.5.15,59,0,0,0,3.5
2452983,search ad,naver,파워링크,MO,02.차종,더뉴아반떼,,/creatives/GNA/GNA/.PNG,모바일,2026.5.16,140,0,0,0,3.1
2452983,search ad,naver,파워링크,MO,02.차종,더뉴아반떼,,/creatives/GNA/GNA/.PNG,모바일,2026.5.18,140,0,0,0,3.1
2452983,search ad,naver,파워링크,MO,02.차종,더뉴아반떼,,/creatives/GNA/GNA/.PNG,모바일,2026.5.19,53,0,0,0,3.3
2452983,search ad,naver,파워링크,MO,02.차종,더뉴아반떼,,/creatives/GNA/GNA/.PNG,모바일,2026.5.20,36,0,0,0,1.7
2452983,search ad,naver,파워링크,MO,02.차종,더뉴아반떼,,/creatives/GNA/GNA/.PNG,모바일,2026.5.21,50,0,0,0,1.8
2452983,search ad,naver,파워링크,MO,02.차종,더뉴아반떼N,,/creatives/GNA/GNA/.PNG,모바일,2026.5.15,1,0,0,0,3
2452983,search ad,naver,파워링크,MO,02.차종,더뉴아반떼N,,/creatives/GNA/GNA/.PNG,모바일,2026.5.16,5,0,0,0,1.6
2452983,search ad,naver,파워링크,MO,02.차종,더뉴아반떼N,,/creatives/GNA/GNA/.PNG,모바일,2026.5.18,2,0,0,0,3
2452983,search ad,naver,파워링크,MO,02.차종,더뉴아반떼N,,/creatives/GNA/GNA/.PNG,모바일,2026.5.19,1,0,0,0,3
2452983,search ad,naver,파워링크,MO,02.차종,더뉴아반떼N,,/creatives/GNA/GNA/.PNG,모바일,2026.5.20,3,0,0,0,1.7
2452983,search ad,naver,파워링크,MO,02.차종,더뉴아반떼N,,/creatives/GNA/GNA/.PNG,모바일,2026.5.21,3,0,0,0,2.7
2452983,search ad,naver,파워링크,MO,02.차종,더뉴캐스퍼,,/creatives/GNA/GNA/.PNG,모바일,2026.5.14,10,0,0,0,3
2452983,search ad,naver,파워링크,MO,02.차종,더뉴캐스퍼,,/creatives/GNA/GNA/.PNG,모바일,2026.5.15,1,0,0,0,4
2452983,search ad,naver,파워링크,MO,02.차종,더뉴캐스퍼,,/creatives/GNA/GNA/.PNG,모바일,2026.5.16,6,0,0,0,3.7
2452983,search ad,naver,파워링크,MO,02.차종,더뉴캐스퍼,,/creatives/GNA/GNA/.PNG,모바일,2026.5.18,8,0,0,0,3.3
2452983,search ad,naver,파워링크,MO,02.차종,더뉴캐스퍼,,/creatives/GNA/GNA/.PNG,모바일,2026.5.19,3,0,0,0,3.7
2452983,search ad,naver,파워링크,MO,02.차종,더뉴캐스퍼,,/creatives/GNA/GNA/.PNG,모바일,2026.5.20,7,0,0,0,2
2452983,search ad,naver,파워링크,MO,02.차종,더뉴캐스퍼,,/creatives/GNA/GNA/.PNG,모바일,2026.5.21,15,0,0,0,2
2452983,search ad,naver,파워링크,MO,02.차종,더뉴토레스,,/creatives/GNA/GNA/.PNG,모바일,2026.5.14,5,0,0,0,2
2452983,search ad,naver,파워링크,MO,02.차종,더뉴토레스,,/creatives/GNA/GNA/.PNG,모바일,2026.5.15,9,0,0,0,2.9
2452983,search ad,naver,파워링크,MO,02.차종,더뉴토레스,,/creatives/GNA/GNA/.PNG,모바일,2026.5.16,18,0,0,0,2.7
2452983,search ad,naver,파워링크,MO,02.차종,더뉴토레스,,/creatives/GNA/GNA/.PNG,모바일,2026.5.18,21,0,0,0,3
2452983,search ad,naver,파워링크,MO,02.차종,더뉴토레스,,/creatives/GNA/GNA/.PNG,모바일,2026.5.19,22,0,0,0,2.7
2452983,search ad,naver,파워링크,MO,02.차종,더뉴토레스,,/creatives/GNA/GNA/.PNG,모바일,2026.5.20,275,0,0,0,3
2452983,search ad,naver,파워링크,MO,02.차종,더뉴토레스,,/creatives/GNA/GNA/.PNG,모바일,2026.5.21,175,1,2414,0,1
2452983,search ad,naver,파워링크,MO,02.차종,더뉴투싼,,/creatives/GNA/GNA/.PNG,모바일,2026.5.14,25,0,0,0,2.5
2452983,search ad,naver,파워링크,MO,02.차종,더뉴투싼,,/creatives/GNA/GNA/.PNG,모바일,2026.5.15,20,0,0,0,3.5
2452983,search ad,naver,파워링크,MO,02.차종,더뉴투싼,,/creatives/GNA/GNA/.PNG,모바일,2026.5.16,30,0,0,0,3.6
2452983,search ad,naver,파워링크,MO,02.차종,더뉴투싼,,/creatives/GNA/GNA/.PNG,모바일,2026.5.18,37,0,0,0,3.8
2452983,search ad,naver,파워링크,MO,02.차종,더뉴투싼,,/creatives/GNA/GNA/.PNG,모바일,2026.5.19,28,0,0,0,3.7
2452983,search ad,naver,파워링크,MO,02.차종,더뉴투싼,,/creatives/GNA/GNA/.PNG,모바일,2026.5.20,20,1,1697,0,3.1
2452983,search ad,naver,파워링크,MO,02.차종,더뉴투싼,,/creatives/GNA/GNA/.PNG,모바일,2026.5.21,11,1,1466,0,1.7
2452983,search ad,naver,파워링크,MO,02.차종,디올뉴그랜저,,/creatives/GNA/GNA/.PNG,모바일,2026.5.14,90,0,0,0,2.2
2452983,search ad,naver,파워링크,MO,02.차종,디올뉴그랜저,,/creatives/GNA/GNA/.PNG,모바일,2026.5.15,113,0,0,0,4.3
2452983,search ad,naver,파워링크,MO,02.차종,디올뉴그랜저,,/creatives/GNA/GNA/.PNG,모바일,2026.5.16,180,0,0,0,3.6
2452983,search ad,naver,파워링크,MO,02.차종,디올뉴그랜저,,/creatives/GNA/GNA/.PNG,모바일,2026.5.18,136,0,0,0,4.2
2452983,search ad,naver,파워링크,MO,02.차종,디올뉴그랜저,,/creatives/GNA/GNA/.PNG,모바일,2026.5.19,137,0,0,0,4.4
2452983,search ad,naver,파워링크,MO,02.차종,디올뉴그랜저,,/creatives/GNA/GNA/.PNG,모바일,2026.5.20,78,0,0,0,3.9
2452983,search ad,naver,파워링크,MO,02.차종,디올뉴그랜저,,/creatives/GNA/GNA/.PNG,모바일,2026.5.21,54,0,0,0,1.5
2452983,search ad,naver,파워링크,MO,02.차종,디올뉴코나,,/creatives/GNA/GNA/.PNG,모바일,2026.5.14,49,0,0,0,2.3
2452983,search ad,naver,파워링크,MO,02.차종,디올뉴코나,,/creatives/GNA/GNA/.PNG,모바일,2026.5.15,108,0,0,0,4.3
2452983,search ad,naver,파워링크,MO,02.차종,디올뉴코나,,/creatives/GNA/GNA/.PNG,모바일,2026.5.16,142,0,0,0,4.2
2452983,search ad,naver,파워링크,MO,02.차종,디올뉴코나,,/creatives/GNA/GNA/.PNG,모바일,2026.5.18,106,0,0,0,4.5
2452983,search ad,naver,파워링크,MO,02.차종,디올뉴코나,,/creatives/GNA/GNA/.PNG,모바일,2026.5.19,123,0,0,0,4.6
2452983,search ad,naver,파워링크,MO,02.차종,디올뉴코나,,/creatives/GNA/GNA/.PNG,모바일,2026.5.20,68,0,0,0,4.1
2452983,search ad,naver,파워링크,MO,02.차종,디올뉴코나,,/creatives/GNA/GNA/.PNG,모바일,2026.5.21,59,0,0,0,2
2452983,search ad,naver,파워링크,MO,02.차종,디올뉴팰리세이드,,/creatives/GNA/GNA/.PNG,모바일,2026.5.15,92,0,0,0,3.3
2452983,search ad,naver,파워링크,MO,02.차종,디올뉴팰리세이드,,/creatives/GNA/GNA/.PNG,모바일,2026.5.16,186,0,0,0,3.3
2452983,search ad,naver,파워링크,MO,02.차종,디올뉴팰리세이드,,/creatives/GNA/GNA/.PNG,모바일,2026.5.18,119,0,0,0,3.8
2452983,search ad,naver,파워링크,MO,02.차종,디올뉴팰리세이드,,/creatives/GNA/GNA/.PNG,모바일,2026.5.19,95,0,0,0,3.9
2452983,search ad,naver,파워링크,MO,02.차종,디올뉴팰리세이드,,/creatives/GNA/GNA/.PNG,모바일,2026.5.20,70,0,0,0,2.6
2452983,search ad,naver,파워링크,MO,02.차종,디올뉴팰리세이드,,/creatives/GNA/GNA/.PNG,모바일,2026.5.21,63,2,8440,0,1
2452983,search ad,naver,파워링크,MO,02.차종,레이,,/creatives/GNA/GNA/.PNG,모바일,2026.5.14,2120,0,0,0,2.4
2452983,search ad,naver,파워링크,MO,02.차종,레이,,/creatives/GNA/GNA/.PNG,모바일,2026.5.15,3439,0,0,0,3.1
2452983,search ad,naver,파워링크,MO,02.차종,레이,,/creatives/GNA/GNA/.PNG,모바일,2026.5.16,4784,0,0,0,2.1
2452983,search ad,naver,파워링크,MO,02.차종,레이,,/creatives/GNA/GNA/.PNG,모바일,2026.5.18,4639,3,4641,0,2.8
2452983,search ad,naver,파워링크,MO,02.차종,레이,,/creatives/GNA/GNA/.PNG,모바일,2026.5.19,4443,0,0,0,2.9
2452983,search ad,naver,파워링크,MO,02.차종,레이,,/creatives/GNA/GNA/.PNG,모바일,2026.5.20,2827,1,1565,0,2.9
2452983,search ad,naver,파워링크,MO,02.차종,레이,,/creatives/GNA/GNA/.PNG,모바일,2026.5.21,2023,0,0,0,1.6
2452983,search ad,naver,파워링크,MO,02.차종,렉스턴,,/creatives/GNA/GNA/.PNG,모바일,2026.5.14,240,1,1625,0,3.3
2452983,search ad,naver,파워링크,MO,02.차종,렉스턴,,/creatives/GNA/GNA/.PNG,모바일,2026.5.15,538,1,1352,0,3.5
2452983,search ad,naver,파워링크,MO,02.차종,렉스턴,,/creatives/GNA/GNA/.PNG,모바일,2026.5.16,849,0,0,0,2.6
2452983,search ad,naver,파워링크,MO,02.차종,렉스턴,,/creatives/GNA/GNA/.PNG,모바일,2026.5.18,855,0,0,0,2.8
2452983,search ad,naver,파워링크,MO,02.차종,렉스턴,,/creatives/GNA/GNA/.PNG,모바일,2026.5.19,701,0,0,0,3.7
2452983,search ad,naver,파워링크,MO,02.차종,렉스턴,,/creatives/GNA/GNA/.PNG,모바일,2026.5.20,525,1,2193,0,3.3
2452983,search ad,naver,파워링크,MO,02.차종,렉스턴,,/creatives/GNA/GNA/.PNG,모바일,2026.5.21,325,4,10432,0,1.1
2452983,search ad,naver,파워링크,MO,02.차종,렉스턴뉴아레나,,/creatives/GNA/GNA/.PNG,모바일,2026.5.14,27,0,0,0,1.8
2452983,search ad,naver,파워링크,MO,02.차종,렉스턴뉴아레나,,/creatives/GNA/GNA/.PNG,모바일,2026.5.15,13,0,0,0,4.2
2452983,search ad,naver,파워링크,MO,02.차종,렉스턴뉴아레나,,/creatives/GNA/GNA/.PNG,모바일,2026.5.16,40,0,0,0,3.7
2452983,search ad,naver,파워링크,MO,02.차종,렉스턴뉴아레나,,/creatives/GNA/GNA/.PNG,모바일,2026.5.18,64,0,0,0,3.1
2452983,search ad,naver,파워링크,MO,02.차종,렉스턴뉴아레나,,/creatives/GNA/GNA/.PNG,모바일,2026.5.19,28,0,0,0,3.3
2452983,search ad,naver,파워링크,MO,02.차종,렉스턴뉴아레나,,/creatives/GNA/GNA/.PNG,모바일,2026.5.20,14,0,0,0,1.7
2452983,search ad,naver,파워링크,MO,02.차종,렉스턴뉴아레나,,/creatives/GNA/GNA/.PNG,모바일,2026.5.21,44,0,0,0,1
2452983,search ad,naver,파워링크,MO,02.차종,모닝,,/creatives/GNA/GNA/.PNG,모바일,2026.5.14,660,0,0,0,2.8
2452983,search ad,naver,파워링크,MO,02.차종,모닝,,/creatives/GNA/GNA/.PNG,모바일,2026.5.15,1353,1,1397,0,3.5
2452983,search ad,naver,파워링크,MO,02.차종,모닝,,/creatives/GNA/GNA/.PNG,모바일,2026.5.16,2316,2,2758,0,2.1
2452983,search ad,naver,파워링크,MO,02.차종,모닝,,/creatives/GNA/GNA/.PNG,모바일,2026.5.18,3094,3,4255,0,2.9
2452983,search ad,naver,파워링크,MO,02.차종,모닝,,/creatives/GNA/GNA/.PNG,모바일,2026.5.19,2577,3,4054,0,3
2452983,search ad,naver,파워링크,MO,02.차종,모닝,,/creatives/GNA/GNA/.PNG,모바일,2026.5.20,1524,1,3251,0,3.1
2452983,search ad,naver,파워링크,MO,02.차종,모닝,,/creatives/GNA/GNA/.PNG,모바일,2026.5.21,962,5,14633,0,1.9
2452983,search ad,naver,파워링크,MO,02.차종,셀토스,,/creatives/GNA/GNA/.PNG,모바일,2026.5.14,2482,0,0,0,2.6
2452983,search ad,naver,파워링크,MO,02.차종,셀토스,,/creatives/GNA/GNA/.PNG,모바일,2026.5.15,4002,3,4419,0,3.6
2452983,search ad,naver,파워링크,MO,02.차종,셀토스,,/creatives/GNA/GNA/.PNG,모바일,2026.5.16,7669,9,13324,0,2.2
2452983,search ad,naver,파워링크,MO,02.차종,셀토스,,/creatives/GNA/GNA/.PNG,모바일,2026.5.18,6788,3,4395,2,3.3
2452983,search ad,naver,파워링크,MO,02.차종,셀토스,,/creatives/GNA/GNA/.PNG,모바일,2026.5.19,5895,15,21082,0,3.4
2452983,search ad,naver,파워링크,MO,02.차종,셀토스,,/creatives/GNA/GNA/.PNG,모바일,2026.5.20,4410,8,17656,0,3.4
2452983,search ad,naver,파워링크,MO,02.차종,셀토스,,/creatives/GNA/GNA/.PNG,모바일,2026.5.21,2919,13,35048,0,1.4
2452983,search ad,naver,파워링크,MO,02.차종,소나타,,/creatives/GNA/GNA/.PNG,모바일,2026.5.14,961,0,0,0,3.3
2452983,search ad,naver,파워링크,MO,02.차종,소나타,,/creatives/GNA/GNA/.PNG,모바일,2026.5.15,1900,3,3996,0,2.4
2452983,search ad,naver,파워링크,MO,02.차종,소나타,,/creatives/GNA/GNA/.PNG,모바일,2026.5.16,3013,2,2592,0,2.2
2452983,search ad,naver,파워링크,MO,02.차종,소나타,,/creatives/GNA/GNA/.PNG,모바일,2026.5.18,2619,2,2630,0,2.1
2452983,search ad,naver,파워링크,MO,02.차종,소나타,,/creatives/GNA/GNA/.PNG,모바일,2026.5.19,2499,3,3937,0,2.4
2452983,search ad,naver,파워링크,MO,02.차종,소나타,,/creatives/GNA/GNA/.PNG,모바일,2026.5.20,1586,6,9385,0,1.9
2452983,search ad,naver,파워링크,MO,02.차종,소나타,,/creatives/GNA/GNA/.PNG,모바일,2026.5.21,1017,6,12314,0,1.1
2452983,search ad,naver,파워링크,MO,02.차종,소나타디엣지,,/creatives/GNA/GNA/.PNG,모바일,2026.5.14,154,0,0,0,3
2452983,search ad,naver,파워링크,MO,02.차종,소나타디엣지,,/creatives/GNA/GNA/.PNG,모바일,2026.5.15,324,0,0,0,3
2452983,search ad,naver,파워링크,MO,02.차종,소나타디엣지,,/creatives/GNA/GNA/.PNG,모바일,2026.5.16,529,0,0,0,2.5
2452983,search ad,naver,파워링크,MO,02.차종,소나타디엣지,,/creatives/GNA/GNA/.PNG,모바일,2026.5.18,462,0,0,0,2.8
2452983,search ad,naver,파워링크,MO,02.차종,소나타디엣지,,/creatives/GNA/GNA/.PNG,모바일,2026.5.19,439,0,0,0,3.2
2452983,search ad,naver,파워링크,MO,02.차종,소나타디엣지,,/creatives/GNA/GNA/.PNG,모바일,2026.5.20,280,2,10358,0,2.9
2452983,search ad,naver,파워링크,MO,02.차종,소나타디엣지,,/creatives/GNA/GNA/.PNG,모바일,2026.5.21,212,0,0,0,2
2452983,search ad,naver,파워링크,MO,02.차종,스타리아,,/creatives/GNA/GNA/.PNG,모바일,2026.5.14,614,0,0,0,3.5
2452983,search ad,naver,파워링크,MO,02.차종,스타리아,,/creatives/GNA/GNA/.PNG,모바일,2026.5.15,604,0,0,0,4
2452983,search ad,naver,파워링크,MO,02.차종,스타리아,,/creatives/GNA/GNA/.PNG,모바일,2026.5.16,2085,2,3001,0,2.6
2452983,search ad,naver,파워링크,MO,02.차종,스타리아,,/creatives/GNA/GNA/.PNG,모바일,2026.5.18,2382,1,1665,0,4
2452983,search ad,naver,파워링크,MO,02.차종,스타리아,,/creatives/GNA/GNA/.PNG,모바일,2026.5.19,1577,2,3008,0,3.8
2452983,search ad,naver,파워링크,MO,02.차종,스타리아,,/creatives/GNA/GNA/.PNG,모바일,2026.5.20,865,1,7779,0,2.4
2452983,search ad,naver,파워링크,MO,02.차종,스타리아,,/creatives/GNA/GNA/.PNG,모바일,2026.5.21,956,1,7708,0,1
2452983,search ad,naver,파워링크,MO,02.차종,스타리아하이브리드,,/creatives/GNA/GNA/.PNG,모바일,2026.5.14,95,0,0,0,4
2452983,search ad,naver,파워링크,MO,02.차종,스타리아하이브리드,,/creatives/GNA/GNA/.PNG,모바일,2026.5.15,166,0,0,0,4.8
2452983,search ad,naver,파워링크,MO,02.차종,스타리아하이브리드,,/creatives/GNA/GNA/.PNG,모바일,2026.5.16,221,0,0,0,4.5
2452983,search ad,naver,파워링크,MO,02.차종,스타리아하이브리드,,/creatives/GNA/GNA/.PNG,모바일,2026.5.18,488,1,2722,0,4.3
2452983,search ad,naver,파워링크,MO,02.차종,스타리아하이브리드,,/creatives/GNA/GNA/.PNG,모바일,2026.5.19,201,0,0,0,4.6
2452983,search ad,naver,파워링크,MO,02.차종,스타리아하이브리드,,/creatives/GNA/GNA/.PNG,모바일,2026.5.20,203,0,0,0,3.1
2452983,search ad,naver,파워링크,MO,02.차종,스타리아하이브리드,,/creatives/GNA/GNA/.PNG,모바일,2026.5.21,228,1,5853,0,1
2452983,search ad,naver,파워링크,MO,02.차종,스포티지,,/creatives/GNA/GNA/.PNG,모바일,2026.5.14,2269,0,0,0,3
2452983,search ad,naver,파워링크,MO,02.차종,스포티지,,/creatives/GNA/GNA/.PNG,모바일,2026.5.15,2567,1,1598,0,3.1
2452983,search ad,naver,파워링크,MO,02.차종,스포티지,,/creatives/GNA/GNA/.PNG,모바일,2026.5.16,7006,3,4636,0,2.7
2452983,search ad,naver,파워링크,MO,02.차종,스포티지,,/creatives/GNA/GNA/.PNG,모바일,2026.5.18,6721,0,0,0,3.4
2452983,search ad,naver,파워링크,MO,02.차종,스포티지,,/creatives/GNA/GNA/.PNG,모바일,2026.5.19,5993,8,13257,0,3.6
2452983,search ad,naver,파워링크,MO,02.차종,스포티지,,/creatives/GNA/GNA/.PNG,모바일,2026.5.20,2523,5,11232,0,3
2452983,search ad,naver,파워링크,MO,02.차종,스포티지,,/creatives/GNA/GNA/.PNG,모바일,2026.5.21,2564,7,18313,0,1.8
2452983,search ad,naver,파워링크,MO,02.차종,쏘나타,,/creatives/GNA/GNA/.PNG,모바일,2026.5.14,587,1,1293,0,2.6
2452983,search ad,naver,파워링크,MO,02.차종,쏘나타,,/creatives/GNA/GNA/.PNG,모바일,2026.5.15,1059,0,0,0,3
2452983,search ad,naver,파워링크,MO,02.차종,쏘나타,,/creatives/GNA/GNA/.PNG,모바일,2026.5.16,1790,3,4197,0,2.2
2452983,search ad,naver,파워링크,MO,02.차종,쏘나타,,/creatives/GNA/GNA/.PNG,모바일,2026.5.18,1631,2,3184,0,2.7
2452983,search ad,naver,파워링크,MO,02.차종,쏘나타,,/creatives/GNA/GNA/.PNG,모바일,2026.5.19,1590,0,0,0,3.4
2452983,search ad,naver,파워링크,MO,02.차종,쏘나타,,/creatives/GNA/GNA/.PNG,모바일,2026.5.20,1073,1,2195,0,3.6
2452983,search ad,naver,파워링크,MO,02.차종,쏘나타,,/creatives/GNA/GNA/.PNG,모바일,2026.5.21,776,1,2159,0,2.3
2452983,search ad,naver,파워링크,MO,02.차종,쏘나타디엣지,,/creatives/GNA/GNA/.PNG,모바일,2026.5.14,162,0,0,0,2.5
2452983,search ad,naver,파워링크,MO,02.차종,쏘나타디엣지,,/creatives/GNA/GNA/.PNG,모바일,2026.5.15,293,0,0,0,2.4
2452983,search ad,naver,파워링크,MO,02.차종,쏘나타디엣지,,/creatives/GNA/GNA/.PNG,모바일,2026.5.16,542,1,1509,0,2.2
2452983,search ad,naver,파워링크,MO,02.차종,쏘나타디엣지,,/creatives/GNA/GNA/.PNG,모바일,2026.5.18,470,0,0,0,2.7
2452983,search ad,naver,파워링크,MO,02.차종,쏘나타디엣지,,/creatives/GNA/GNA/.PNG,모바일,2026.5.19,416,0,0,0,3.4
2452983,search ad,naver,파워링크,MO,02.차종,쏘나타디엣지,,/creatives/GNA/GNA/.PNG,모바일,2026.5.20,331,2,4970,0,3.5
2452983,search ad,naver,파워링크,MO,02.차종,쏘나타디엣지,,/creatives/GNA/GNA/.PNG,모바일,2026.5.21,208,1,3211,0,2.7
2452983,search ad,naver,파워링크,MO,02.차종,쏘렌토,,/creatives/GNA/GNA/.PNG,모바일,2026.5.14,2091,1,1400,0,2.7
2452983,search ad,naver,파워링크,MO,02.차종,쏘렌토,,/creatives/GNA/GNA/.PNG,모바일,2026.5.15,3837,1,1776,0,3.4
2452983,search ad,naver,파워링크,MO,02.차종,쏘렌토,,/creatives/GNA/GNA/.PNG,모바일,2026.5.16,7016,3,4671,0,2.1
2452983,search ad,naver,파워링크,MO,02.차종,쏘렌토,,/creatives/GNA/GNA/.PNG,모바일,2026.5.18,5866,5,8335,0,3
2452983,search ad,naver,파워링크,MO,02.차종,쏘렌토,,/creatives/GNA/GNA/.PNG,모바일,2026.5.19,5416,7,11826,0,3.3
2452983,search ad,naver,파워링크,MO,02.차종,쏘렌토,,/creatives/GNA/GNA/.PNG,모바일,2026.5.20,3756,7,16472,0,3.7
2452983,search ad,naver,파워링크,MO,02.차종,쏘렌토,,/creatives/GNA/GNA/.PNG,모바일,2026.5.21,2217,11,27430,0,2.2
2452983,search ad,naver,파워링크,MO,02.차종,쏠라티,,/creatives/GNA/GNA/.PNG,모바일,2026.5.14,119,0,0,0,3.4
2452983,search ad,naver,파워링크,MO,02.차종,쏠라티,,/creatives/GNA/GNA/.PNG,모바일,2026.5.15,272,0,0,0,3.9
2452983,search ad,naver,파워링크,MO,02.차종,쏠라티,,/creatives/GNA/GNA/.PNG,모바일,2026.5.16,453,0,0,0,2.5
2452983,search ad,naver,파워링크,MO,02.차종,쏠라티,,/creatives/GNA/GNA/.PNG,모바일,2026.5.18,394,0,0,0,3.7
2452983,search ad,naver,파워링크,MO,02.차종,쏠라티,,/creatives/GNA/GNA/.PNG,모바일,2026.5.19,309,1,1534,0,3.8
2452983,search ad,naver,파워링크,MO,02.차종,쏠라티,,/creatives/GNA/GNA/.PNG,모바일,2026.5.20,238,0,0,0,3.4
2452983,search ad,naver,파워링크,MO,02.차종,쏠라티,,/creatives/GNA/GNA/.PNG,모바일,2026.5.21,191,0,0,0,2.6
2452983,search ad,naver,파워링크,MO,02.차종,아반떼,,/creatives/GNA/GNA/.PNG,모바일,2026.5.14,2254,2,3973,0,2.2
2452983,search ad,naver,파워링크,MO,02.차종,아반떼,,/creatives/GNA/GNA/.PNG,모바일,2026.5.15,4114,0,0,0,3
2452983,search ad,naver,파워링크,MO,02.차종,아반떼,,/creatives/GNA/GNA/.PNG,모바일,2026.5.16,7155,9,12931,0,2.1
2452983,search ad,naver,파워링크,MO,02.차종,아반떼,,/creatives/GNA/GNA/.PNG,모바일,2026.5.18,6521,9,15376,0,2.6
2452983,search ad,naver,파워링크,MO,02.차종,아반떼,,/creatives/GNA/GNA/.PNG,모바일,2026.5.19,6018,3,4123,0,3.4
2452983,search ad,naver,파워링크,MO,02.차종,아반떼,,/creatives/GNA/GNA/.PNG,모바일,2026.5.20,4459,5,9491,0,3.3
2452983,search ad,naver,파워링크,MO,02.차종,아반떼,,/creatives/GNA/GNA/.PNG,모바일,2026.5.21,2717,3,6298,0,2.4
2452983,search ad,naver,파워링크,MO,02.차종,아반떼N,,/creatives/GNA/GNA/.PNG,모바일,2026.5.14,576,0,0,0,2.8
2452983,search ad,naver,파워링크,MO,02.차종,아반떼N,,/creatives/GNA/GNA/.PNG,모바일,2026.5.15,1036,0,0,0,3.3
2452983,search ad,naver,파워링크,MO,02.차종,아반떼N,,/creatives/GNA/GNA/.PNG,모바일,2026.5.16,1676,0,0,0,3.6
2452983,search ad,naver,파워링크,MO,02.차종,아반떼N,,/creatives/GNA/GNA/.PNG,모바일,2026.5.18,1389,0,0,0,3.5
2452983,search ad,naver,파워링크,MO,02.차종,아반떼N,,/creatives/GNA/GNA/.PNG,모바일,2026.5.19,1450,2,2387,0,4.1
2452983,search ad,naver,파워링크,MO,02.차종,아반떼N,,/creatives/GNA/GNA/.PNG,모바일,2026.5.20,842,1,2086,0,3.4
2452983,search ad,naver,파워링크,MO,02.차종,아반떼N,,/creatives/GNA/GNA/.PNG,모바일,2026.5.21,620,2,4214,0,1.6
2452983,search ad,naver,파워링크,MO,02.차종,액티언,,/creatives/GNA/GNA/.PNG,모바일,2026.5.14,160,0,0,0,2.6
2452983,search ad,naver,파워링크,MO,02.차종,액티언,,/creatives/GNA/GNA/.PNG,모바일,2026.5.15,399,0,0,0,2.7
2452983,search ad,naver,파워링크,MO,02.차종,액티언,,/creatives/GNA/GNA/.PNG,모바일,2026.5.16,698,0,0,0,2
2452983,search ad,naver,파워링크,MO,02.차종,액티언,,/creatives/GNA/GNA/.PNG,모바일,2026.5.18,619,2,2901,0,2.4
2452983,search ad,naver,파워링크,MO,02.차종,액티언,,/creatives/GNA/GNA/.PNG,모바일,2026.5.19,608,5,7835,0,2.4
2452983,search ad,naver,파워링크,MO,02.차종,액티언,,/creatives/GNA/GNA/.PNG,모바일,2026.5.20,753,0,0,0,2.2
2452983,search ad,naver,파워링크,MO,02.차종,액티언,,/creatives/GNA/GNA/.PNG,모바일,2026.5.21,464,2,4178,0,1.7
2452983,search ad,naver,파워링크,MO,02.차종,카니발,,/creatives/GNA/GNA/.PNG,모바일,2026.5.14,1334,0,0,0,2.8
2452983,search ad,naver,파워링크,MO,02.차종,카니발,,/creatives/GNA/GNA/.PNG,모바일,2026.5.15,2622,1,1433,0,3.3
2452983,search ad,naver,파워링크,MO,02.차종,카니발,,/creatives/GNA/GNA/.PNG,모바일,2026.5.16,4773,4,8724,0,2.4
2452983,search ad,naver,파워링크,MO,02.차종,카니발,,/creatives/GNA/GNA/.PNG,모바일,2026.5.18,4357,1,2474,0,3.8
2452983,search ad,naver,파워링크,MO,02.차종,카니발,,/creatives/GNA/GNA/.PNG,모바일,2026.5.19,3605,5,11591,0,3.6
2452983,search ad,naver,파워링크,MO,02.차종,카니발,,/creatives/GNA/GNA/.PNG,모바일,2026.5.20,2674,4,23450,0,3.4
2452983,search ad,naver,파워링크,MO,02.차종,카니발,,/creatives/GNA/GNA/.PNG,모바일,2026.5.21,1723,5,34304,0,1.2
2452983,search ad,naver,파워링크,MO,02.차종,코나,,/creatives/GNA/GNA/.PNG,모바일,2026.5.14,1016,0,0,0,2.8
2452983,search ad,naver,파워링크,MO,02.차종,코나,,/creatives/GNA/GNA/.PNG,모바일,2026.5.15,2164,2,2655,0,3.2
2452983,search ad,naver,파워링크,MO,02.차종,코나,,/creatives/GNA/GNA/.PNG,모바일,2026.5.16,3697,2,2610,0,2.1
2452983,search ad,naver,파워링크,MO,02.차종,코나,,/creatives/GNA/GNA/.PNG,모바일,2026.5.18,3252,0,0,0,2.4
2452983,search ad,naver,파워링크,MO,02.차종,코나,,/creatives/GNA/GNA/.PNG,모바일,2026.5.19,2909,2,2634,0,2.7
2452983,search ad,naver,파워링크,MO,02.차종,코나,,/creatives/GNA/GNA/.PNG,모바일,2026.5.20,1948,12,20226,0,2.1
2452983,search ad,naver,파워링크,MO,02.차종,코나,,/creatives/GNA/GNA/.PNG,모바일,2026.5.21,1303,12,25830,0,1
2452983,search ad,naver,파워링크,MO,02.차종,코란도,,/creatives/GNA/GNA/.PNG,모바일,2026.5.14,208,0,0,0,3.4
2452983,search ad,naver,파워링크,MO,02.차종,코란도,,/creatives/GNA/GNA/.PNG,모바일,2026.5.15,525,0,0,0,4.3
2452983,search ad,naver,파워링크,MO,02.차종,코란도,,/creatives/GNA/GNA/.PNG,모바일,2026.5.16,800,0,0,0,3.3
2452983,search ad,naver,파워링크,MO,02.차종,코란도,,/creatives/GNA/GNA/.PNG,모바일,2026.5.18,697,0,0,0,3.4
2452983,search ad,naver,파워링크,MO,02.차종,코란도,,/creatives/GNA/GNA/.PNG,모바일,2026.5.19,648,0,0,0,3.5
2452983,search ad,naver,파워링크,MO,02.차종,코란도,,/creatives/GNA/GNA/.PNG,모바일,2026.5.20,430,0,0,0,3
2452983,search ad,naver,파워링크,MO,02.차종,코란도,,/creatives/GNA/GNA/.PNG,모바일,2026.5.21,257,2,4892,0,1.7
2452983,search ad,naver,파워링크,MO,02.차종,투싼,,/creatives/GNA/GNA/.PNG,모바일,2026.5.14,1518,1,1561,0,2.4
2452983,search ad,naver,파워링크,MO,02.차종,투싼,,/creatives/GNA/GNA/.PNG,모바일,2026.5.15,2906,2,2961,0,2.5
2452983,search ad,naver,파워링크,MO,02.차종,투싼,,/creatives/GNA/GNA/.PNG,모바일,2026.5.16,4772,3,4553,0,2.1
2452983,search ad,naver,파워링크,MO,02.차종,투싼,,/creatives/GNA/GNA/.PNG,모바일,2026.5.18,4223,6,9758,0,2.2
2452983,search ad,naver,파워링크,MO,02.차종,투싼,,/creatives/GNA/GNA/.PNG,모바일,2026.5.19,3873,9,14552,0,2.3
2452983,search ad,naver,파워링크,MO,02.차종,투싼,,/creatives/GNA/GNA/.PNG,모바일,2026.5.20,2588,8,16097,1,2.2
2452983,search ad,naver,파워링크,MO,02.차종,투싼,,/creatives/GNA/GNA/.PNG,모바일,2026.5.21,1587,8,24325,0,1.2
2452983,search ad,naver,파워링크,MO,02.차종,트랙스크로스오버,,/creatives/GNA/GNA/.PNG,모바일,2026.5.14,282,0,0,0,2.6
2452983,search ad,naver,파워링크,MO,02.차종,트랙스크로스오버,,/creatives/GNA/GNA/.PNG,모바일,2026.5.15,489,0,0,0,3.3
2452983,search ad,naver,파워링크,MO,02.차종,트랙스크로스오버,,/creatives/GNA/GNA/.PNG,모바일,2026.5.16,905,0,0,0,2.1
2452983,search ad,naver,파워링크,MO,02.차종,트랙스크로스오버,,/creatives/GNA/GNA/.PNG,모바일,2026.5.18,836,0,0,0,3.3
2452983,search ad,naver,파워링크,MO,02.차종,트랙스크로스오버,,/creatives/GNA/GNA/.PNG,모바일,2026.5.19,881,0,0,0,3.3
2452983,search ad,naver,파워링크,MO,02.차종,트랙스크로스오버,,/creatives/GNA/GNA/.PNG,모바일,2026.5.20,526,0,0,0,3.4
2452983,search ad,naver,파워링크,MO,02.차종,트랙스크로스오버,,/creatives/GNA/GNA/.PNG,모바일,2026.5.21,367,0,0,0,1.9
2452983,search ad,naver,파워링크,MO,02.차종,트레일블레이저,,/creatives/GNA/GNA/.PNG,모바일,2026.5.14,194,0,0,0,3.5
2452983,search ad,naver,파워링크,MO,02.차종,트레일블레이저,,/creatives/GNA/GNA/.PNG,모바일,2026.5.15,477,0,0,0,3.9
2452983,search ad,naver,파워링크,MO,02.차종,트레일블레이저,,/creatives/GNA/GNA/.PNG,모바일,2026.5.16,868,0,0,0,3
2452983,search ad,naver,파워링크,MO,02.차종,트레일블레이저,,/creatives/GNA/GNA/.PNG,모바일,2026.5.18,773,0,0,0,3
2452983,search ad,naver,파워링크,MO,02.차종,트레일블레이저,,/creatives/GNA/GNA/.PNG,모바일,2026.5.19,776,2,2596,0,3.2
2452983,search ad,naver,파워링크,MO,02.차종,트레일블레이저,,/creatives/GNA/GNA/.PNG,모바일,2026.5.20,576,0,0,0,2.7
2452983,search ad,naver,파워링크,MO,02.차종,트레일블레이저,,/creatives/GNA/GNA/.PNG,모바일,2026.5.21,338,0,0,0,1
2452983,search ad,naver,파워링크,MO,02.차종,티볼리,,/creatives/GNA/GNA/.PNG,모바일,2026.5.14,605,0,0,0,3.7
2452983,search ad,naver,파워링크,MO,02.차종,티볼리,,/creatives/GNA/GNA/.PNG,모바일,2026.5.15,1366,0,0,0,4
2452983,search ad,naver,파워링크,MO,02.차종,티볼리,,/creatives/GNA/GNA/.PNG,모바일,2026.5.16,2185,0,0,0,3.1
2452983,search ad,naver,파워링크,MO,02.차종,티볼리,,/creatives/GNA/GNA/.PNG,모바일,2026.5.18,1830,1,1644,0,3.7
2452983,search ad,naver,파워링크,MO,02.차종,티볼리,,/creatives/GNA/GNA/.PNG,모바일,2026.5.19,1735,3,4894,0,4.3
2452983,search ad,naver,파워링크,MO,02.차종,티볼리,,/creatives/GNA/GNA/.PNG,모바일,2026.5.20,1091,1,3440,0,4.1
2452983,search ad,naver,파워링크,MO,02.차종,티볼리,,/creatives/GNA/GNA/.PNG,모바일,2026.5.21,722,4,13109,0,2.1
2452983,search ad,naver,파워링크,MO,02.차종,필랑트,,/creatives/GNA/GNA/.PNG,모바일,2026.5.14,744,0,0,0,3.7
2452983,search ad,naver,파워링크,MO,02.차종,필랑트,,/creatives/GNA/GNA/.PNG,모바일,2026.5.15,1119,0,0,0,3.4
2452983,search ad,naver,파워링크,MO,02.차종,필랑트,,/creatives/GNA/GNA/.PNG,모바일,2026.5.16,2509,1,495,0,4
2452983,search ad,naver,파워링크,MO,02.차종,필랑트,,/creatives/GNA/GNA/.PNG,모바일,2026.5.18,1658,0,0,0,3.6
2452983,search ad,naver,파워링크,MO,02.차종,필랑트,,/creatives/GNA/GNA/.PNG,모바일,2026.5.19,2642,0,0,0,4.3
2452983,search ad,naver,파워링크,MO,02.차종,필랑트,,/creatives/GNA/GNA/.PNG,모바일,2026.5.20,1825,0,0,0,3.9
2452983,search ad,naver,파워링크,MO,02.차종,필랑트,,/creatives/GNA/GNA/.PNG,모바일,2026.5.21,999,1,669,0,3.7
2452983,search ad,naver,파워링크,MO,03.신차+차종,-,,/creatives/GNA/GNA/.PNG,모바일,2026.5.14,9,0,0,0,2
2452983,search ad,naver,파워링크,MO,03.신차+차종,-,,/creatives/GNA/GNA/.PNG,모바일,2026.5.15,11,0,0,0,2.5
2452983,search ad,naver,파워링크,MO,03.신차+차종,-,,/creatives/GNA/GNA/.PNG,모바일,2026.5.16,89,0,0,0,3
2452983,search ad,naver,파워링크,MO,03.신차+차종,-,,/creatives/GNA/GNA/.PNG,모바일,2026.5.18,45,0,0,0,2.9
2452983,search ad,naver,파워링크,MO,03.신차+차종,-,,/creatives/GNA/GNA/.PNG,모바일,2026.5.19,293,0,0,0,3.8
2452983,search ad,naver,파워링크,MO,03.신차+차종,-,,/creatives/GNA/GNA/.PNG,모바일,2026.5.20,237,0,0,0,3.7
2452983,search ad,naver,파워링크,MO,03.신차+차종,-,,/creatives/GNA/GNA/.PNG,모바일,2026.5.21,125,0,0,0,3.2
2452983,search ad,naver,파워링크,MO,03.신차+차종,G70신차,,/creatives/GNA/GNA/.PNG,모바일,2026.5.20,1,0,0,0,3
2452983,search ad,naver,파워링크,MO,03.신차+차종,G70신차,,/creatives/GNA/GNA/.PNG,모바일,2026.5.21,1,0,0,0,3
2452983,search ad,naver,파워링크,MO,03.신차+차종,G80신차,,/creatives/GNA/GNA/.PNG,모바일,2026.5.15,1,0,0,0,2
2452983,search ad,naver,파워링크,MO,03.신차+차종,G80신차,,/creatives/GNA/GNA/.PNG,모바일,2026.5.16,4,0,0,0,2
2452983,search ad,naver,파워링크,MO,03.신차+차종,G80신차,,/creatives/GNA/GNA/.PNG,모바일,2026.5.18,4,0,0,0,2.3
2452983,search ad,naver,파워링크,MO,03.신차+차종,G80신차,,/creatives/GNA/GNA/.PNG,모바일,2026.5.19,2,0,0,0,1.5
2452983,search ad,naver,파워링크,MO,03.신차+차종,G80신차,,/creatives/GNA/GNA/.PNG,모바일,2026.5.21,1,0,0,0,3
2452983,search ad,naver,파워링크,MO,03.신차+차종,G80신차장기렌트,,/creatives/GNA/GNA/.PNG,모바일,2026.5.14,1,0,0,0,1
2452983,search ad,naver,파워링크,MO,03.신차+차종,G80신차장기렌트,,/creatives/GNA/GNA/.PNG,모바일,2026.5.15,3,0,0,0,2.7
2452983,search ad,naver,파워링크,MO,03.신차+차종,G80신차장기렌트,,/creatives/GNA/GNA/.PNG,모바일,2026.5.16,3,0,0,0,2.3
2452983,search ad,naver,파워링크,MO,03.신차+차종,G80신차장기렌트,,/creatives/GNA/GNA/.PNG,모바일,2026.5.18,3,0,0,0,2.7
2452983,search ad,naver,파워링크,MO,03.신차+차종,G80신차장기렌트,,/creatives/GNA/GNA/.PNG,모바일,2026.5.19,3,0,0,0,2.3
2452983,search ad,naver,파워링크,MO,03.신차+차종,G80신차장기렌트,,/creatives/GNA/GNA/.PNG,모바일,2026.5.20,2,0,0,0,3
2452983,search ad,naver,파워링크,MO,03.신차+차종,G90신차,,/creatives/GNA/GNA/.PNG,모바일,2026.5.15,1,0,0,0,5
2452983,search ad,naver,파워링크,MO,03.신차+차종,GV70신차,,/creatives/GNA/GNA/.PNG,모바일,2026.5.16,3,0,0,0,2.7
2452983,search ad,naver,파워링크,MO,03.신차+차종,GV70신차,,/creatives/GNA/GNA/.PNG,모바일,2026.5.18,3,0,0,0,1.7
2452983,search ad,naver,파워링크,MO,03.신차+차종,GV70신차,,/creatives/GNA/GNA/.PNG,모바일,2026.5.21,1,0,0,0,4
2452983,search ad,naver,파워링크,MO,03.신차+차종,GV70신차장기렌트,,/creatives/GNA/GNA/.PNG,모바일,2026.5.20,1,0,0,0,3
2452983,search ad,naver,파워링크,MO,03.신차+차종,GV80신차,,/creatives/GNA/GNA/.PNG,모바일,2026.5.16,2,0,0,0,2
2452983,search ad,naver,파워링크,MO,03.신차+차종,GV80신차,,/creatives/GNA/GNA/.PNG,모바일,2026.5.18,1,0,0,0,6
2452983,search ad,naver,파워링크,MO,03.신차+차종,GV80신차,,/creatives/GNA/GNA/.PNG,모바일,2026.5.21,1,0,0,0,3
2452983,search ad,naver,파워링크,MO,03.신차+차종,GV80신차견적,,/creatives/GNA/GNA/.PNG,모바일,2026.5.14,1,0,0,0,1
2452983,search ad,naver,파워링크,MO,03.신차+차종,GV80신차견적,,/creatives/GNA/GNA/.PNG,모바일,2026.5.15,1,0,0,0,1
2452983,search ad,naver,파워링크,MO,03.신차+차종,GV80신차렌트,,/creatives/GNA/GNA/.PNG,모바일,2026.5.16,1,0,0,0,3
2452983,search ad,naver,파워링크,MO,03.신차+차종,GV80신차장기렌트,,/creatives/GNA/GNA/.PNG,모바일,2026.5.16,1,0,0,0,4
2452983,search ad,naver,파워링크,MO,03.신차+차종,K5신차,,/creatives/GNA/GNA/.PNG,모바일,2026.5.14,1,0,0,0,2
2452983,search ad,naver,파워링크,MO,03.신차+차종,K5신차,,/creatives/GNA/GNA/.PNG,모바일,2026.5.16,4,0,0,0,2.8
2452983,search ad,naver,파워링크,MO,03.신차+차종,K5신차,,/creatives/GNA/GNA/.PNG,모바일,2026.5.18,2,0,0,0,2.5
2452983,search ad,naver,파워링크,MO,03.신차+차종,K5신차,,/creatives/GNA/GNA/.PNG,모바일,2026.5.20,1,0,0,0,3
2452983,search ad,naver,파워링크,MO,03.신차+차종,K9신차,,/creatives/GNA/GNA/.PNG,모바일,2026.5.16,1,0,0,0,2
2452983,search ad,naver,파워링크,MO,03.신차+차종,K9신차,,/creatives/GNA/GNA/.PNG,모바일,2026.5.18,1,0,0,0,4
2452983,search ad,naver,파워링크,MO,03.신차+차종,K9신차,,/creatives/GNA/GNA/.PNG,모바일,2026.5.19,1,0,0,0,4
2452983,search ad,naver,파워링크,MO,03.신차+차종,K9신차,,/creatives/GNA/GNA/.PNG,모바일,2026.5.20,1,0,0,0,4
2452983,search ad,naver,파워링크,MO,03.신차+차종,QM6신차,,/creatives/GNA/GNA/.PNG,모바일,2026.5.14,3,0,0,0,1
2452983,search ad,naver,파워링크,MO,03.신차+차종,QM6신차,,/creatives/GNA/GNA/.PNG,모바일,2026.5.16,2,0,0,0,3
2452983,search ad,naver,파워링크,MO,03.신차+차종,QM6신차,,/creatives/GNA/GNA/.PNG,모바일,2026.5.18,2,0,0,0,1.5
2452983,search ad,naver,파워링크,MO,03.신차+차종,SM6신차,,/creatives/GNA/GNA/.PNG,모바일,2026.5.15,2,0,0,0,1
2452983,search ad,naver,파워링크,MO,03.신차+차종,SM6신차,,/creatives/GNA/GNA/.PNG,모바일,2026.5.16,1,0,0,0,1
2452983,search ad,naver,파워링크,MO,03.신차+차종,SM6신차,,/creatives/GNA/GNA/.PNG,모바일,2026.5.18,1,0,0,0,1
2452983,search ad,naver,파워링크,MO,03.신차+차종,그랜저신차,,/creatives/GNA/GNA/.PNG,모바일,2026.5.14,18,0,0,0,2.4
2452983,search ad,naver,파워링크,MO,03.신차+차종,그랜저신차,,/creatives/GNA/GNA/.PNG,모바일,2026.5.15,13,0,0,0,1.8
2452983,search ad,naver,파워링크,MO,03.신차+차종,그랜저신차,,/creatives/GNA/GNA/.PNG,모바일,2026.5.16,34,0,0,0,1.9
2452983,search ad,naver,파워링크,MO,03.신차+차종,그랜저신차,,/creatives/GNA/GNA/.PNG,모바일,2026.5.18,13,0,0,0,2.4
2452983,search ad,naver,파워링크,MO,03.신차+차종,그랜저신차,,/creatives/GNA/GNA/.PNG,모바일,2026.5.19,6,1,1581,0,2
2452983,search ad,naver,파워링크,MO,03.신차+차종,그랜저신차,,/creatives/GNA/GNA/.PNG,모바일,2026.5.20,6,0,0,0,2.3
2452983,search ad,naver,파워링크,MO,03.신차+차종,그랜저신차,,/creatives/GNA/GNA/.PNG,모바일,2026.5.21,1,0,0,0,2
2452983,search ad,naver,파워링크,MO,03.신차+차종,그랜저신차장기렌트,,/creatives/GNA/GNA/.PNG,모바일,2026.5.18,2,0,0,0,3
2452983,search ad,naver,파워링크,MO,03.신차+차종,니로신차,,/creatives/GNA/GNA/.PNG,모바일,2026.5.16,3,0,0,0,1
2452983,search ad,naver,파워링크,MO,03.신차+차종,니로신차,,/creatives/GNA/GNA/.PNG,모바일,2026.5.18,1,0,0,0,1
2452983,search ad,naver,파워링크,MO,03.신차+차종,니로신차,,/creatives/GNA/GNA/.PNG,모바일,2026.5.19,1,0,0,0,1
2452983,search ad,naver,파워링크,MO,03.신차+차종,레이신차,,/creatives/GNA/GNA/.PNG,모바일,2026.5.14,16,0,0,0,2.2
2452983,search ad,naver,파워링크,MO,03.신차+차종,레이신차,,/creatives/GNA/GNA/.PNG,모바일,2026.5.15,8,0,0,0,2.8
2452983,search ad,naver,파워링크,MO,03.신차+차종,레이신차,,/creatives/GNA/GNA/.PNG,모바일,2026.5.16,43,0,0,0,2.7
2452983,search ad,naver,파워링크,MO,03.신차+차종,레이신차,,/creatives/GNA/GNA/.PNG,모바일,2026.5.18,26,0,0,0,2.7
2452983,search ad,naver,파워링크,MO,03.신차+차종,레이신차,,/creatives/GNA/GNA/.PNG,모바일,2026.5.19,16,0,0,0,2.6
2452983,search ad,naver,파워링크,MO,03.신차+차종,레이신차,,/creatives/GNA/GNA/.PNG,모바일,2026.5.20,19,0,0,0,2.3
2452983,search ad,naver,파워링크,MO,03.신차+차종,레이신차,,/creatives/GNA/GNA/.PNG,모바일,2026.5.21,4,0,0,0,3.3
2452983,search ad,naver,파워링크,MO,03.신차+차종,레이신차견적,,/creatives/GNA/GNA/.PNG,모바일,2026.5.14,1,0,0,0,3
2452983,search ad,naver,파워링크,MO,03.신차+차종,레이신차렌트,,/creatives/GNA/GNA/.PNG,모바일,2026.5.18,2,0,0,0,3
2452983,search ad,naver,파워링크,MO,03.신차+차종,레이신차렌트,,/creatives/GNA/GNA/.PNG,모바일,2026.5.19,1,0,0,0,2
2452983,search ad,naver,파워링크,MO,03.신차+차종,레이신차장기렌트,,/creatives/GNA/GNA/.PNG,모바일,2026.5.18,3,0,0,0,3.7
2452983,search ad,naver,파워링크,MO,03.신차+차종,레이신차장기렌트,,/creatives/GNA/GNA/.PNG,모바일,2026.5.19,2,0,0,0,5
2452983,search ad,naver,파워링크,MO,03.신차+차종,레이신차장기렌트,,/creatives/GNA/GNA/.PNG,모바일,2026.5.20,2,0,0,0,4.5
2452983,search ad,naver,파워링크,MO,03.신차+차종,레이신차장기렌트,,/creatives/GNA/GNA/.PNG,모바일,2026.5.21,1,0,0,0,3
2452983,search ad,naver,파워링크,MO,03.신차+차종,레이신차장기렌트비교,,/creatives/GNA/GNA/.PNG,모바일,2026.5.19,2,0,0,0,3
2452983,search ad,naver,파워링크,MO,03.신차+차종,레이신차장기렌트비교,,/creatives/GNA/GNA/.PNG,모바일,2026.5.20,1,0,0,0,4
2452983,search ad,naver,파워링크,MO,03.신차+차종,렉스턴신차,,/creatives/GNA/GNA/.PNG,모바일,2026.5.16,1,0,0,0,2
2452983,search ad,naver,파워링크,MO,03.신차+차종,렉스턴신차,,/creatives/GNA/GNA/.PNG,모바일,2026.5.18,2,0,0,0,2.5
2452983,search ad,naver,파워링크,MO,03.신차+차종,모닝신차,,/creatives/GNA/GNA/.PNG,모바일,2026.5.14,7,0,0,0,3.6
2452983,search ad,naver,파워링크,MO,03.신차+차종,모닝신차,,/creatives/GNA/GNA/.PNG,모바일,2026.5.15,12,0,0,0,2.3
2452983,search ad,naver,파워링크,MO,03.신차+차종,모닝신차,,/creatives/GNA/GNA/.PNG,모바일,2026.5.16,29,0,0,0,1.7
2452983,search ad,naver,파워링크,MO,03.신차+차종,모닝신차,,/creatives/GNA/GNA/.PNG,모바일,2026.5.18,13,0,0,0,2.4
2452983,search ad,naver,파워링크,MO,03.신차+차종,모닝신차,,/creatives/GNA/GNA/.PNG,모바일,2026.5.19,13,0,0,0,2.6
2452983,search ad,naver,파워링크,MO,03.신차+차종,모닝신차,,/creatives/GNA/GNA/.PNG,모바일,2026.5.20,3,0,0,0,4.7
2452983,search ad,naver,파워링크,MO,03.신차+차종,모닝신차,,/creatives/GNA/GNA/.PNG,모바일,2026.5.21,5,0,0,0,4
2452983,search ad,naver,파워링크,MO,03.신차+차종,모닝신차장기렌트,,/creatives/GNA/GNA/.PNG,모바일,2026.5.18,1,0,0,0,4
2452983,search ad,naver,파워링크,MO,03.신차+차종,셀토스신차,,/creatives/GNA/GNA/.PNG,모바일,2026.5.14,1,0,0,0,2
2452983,search ad,naver,파워링크,MO,03.신차+차종,셀토스신차,,/creatives/GNA/GNA/.PNG,모바일,2026.5.15,2,0,0,0,3.5
2452983,search ad,naver,파워링크,MO,03.신차+차종,셀토스신차,,/creatives/GNA/GNA/.PNG,모바일,2026.5.16,4,0,0,0,1.3
2452983,search ad,naver,파워링크,MO,03.신차+차종,셀토스신차,,/creatives/GNA/GNA/.PNG,모바일,2026.5.18,4,0,0,0,1.3
2452983,search ad,naver,파워링크,MO,03.신차+차종,셀토스신차,,/creatives/GNA/GNA/.PNG,모바일,2026.5.19,6,0,0,0,3
2452983,search ad,naver,파워링크,MO,03.신차+차종,셀토스신차,,/creatives/GNA/GNA/.PNG,모바일,2026.5.20,3,0,0,0,3.7
2452983,search ad,naver,파워링크,MO,03.신차+차종,셀토스신차장기렌트,,/creatives/GNA/GNA/.PNG,모바일,2026.5.16,1,0,0,0,2
2452983,search ad,naver,파워링크,MO,03.신차+차종,소나타디엣지신차,,/creatives/GNA/GNA/.PNG,모바일,2026.5.16,2,0,0,0,3
2452983,search ad,naver,파워링크,MO,03.신차+차종,소나타신차,,/creatives/GNA/GNA/.PNG,모바일,2026.5.14,1,0,0,0,1
2452983,search ad,naver,파워링크,MO,03.신차+차종,소나타신차,,/creatives/GNA/GNA/.PNG,모바일,2026.5.15,4,0,0,0,2.5
2452983,search ad,naver,파워링크,MO,03.신차+차종,소나타신차,,/creatives/GNA/GNA/.PNG,모바일,2026.5.16,10,0,0,0,1.8
2452983,search ad,naver,파워링크,MO,03.신차+차종,소나타신차,,/creatives/GNA/GNA/.PNG,모바일,2026.5.18,3,0,0,0,2.3
2452983,search ad,naver,파워링크,MO,03.신차+차종,소나타신차,,/creatives/GNA/GNA/.PNG,모바일,2026.5.19,4,0,0,0,2.5
2452983,search ad,naver,파워링크,MO,03.신차+차종,소나타신차,,/creatives/GNA/GNA/.PNG,모바일,2026.5.20,2,0,0,0,2
2452983,search ad,naver,파워링크,MO,03.신차+차종,소나타신차견적,,/creatives/GNA/GNA/.PNG,모바일,2026.5.16,1,0,0,0,2
2452983,search ad,naver,파워링크,MO,03.신차+차종,소나타신차견적,,/creatives/GNA/GNA/.PNG,모바일,2026.5.18,1,0,0,0,2
2452983,search ad,naver,파워링크,MO,03.신차+차종,스타리아신차,,/creatives/GNA/GNA/.PNG,모바일,2026.5.19,1,0,0,0,2
2452983,search ad,naver,파워링크,MO,03.신차+차종,스포티지신차,,/creatives/GNA/GNA/.PNG,모바일,2026.5.15,4,0,0,0,1.5
2452983,search ad,naver,파워링크,MO,03.신차+차종,스포티지신차,,/creatives/GNA/GNA/.PNG,모바일,2026.5.16,6,0,0,0,1.5
2452983,search ad,naver,파워링크,MO,03.신차+차종,스포티지신차,,/creatives/GNA/GNA/.PNG,모바일,2026.5.18,5,0,0,0,2
2452983,search ad,naver,파워링크,MO,03.신차+차종,스포티지신차,,/creatives/GNA/GNA/.PNG,모바일,2026.5.19,5,0,0,0,1.6
2452983,search ad,naver,파워링크,MO,03.신차+차종,스포티지신차,,/creatives/GNA/GNA/.PNG,모바일,2026.5.20,4,0,0,0,2.3
2452983,search ad,naver,파워링크,MO,03.신차+차종,스포티지신차,,/creatives/GNA/GNA/.PNG,모바일,2026.5.21,1,0,0,0,1
2452983,search ad,naver,파워링크,MO,03.신차+차종,스포티지신차견적,,/creatives/GNA/GNA/.PNG,모바일,2026.5.16,1,0,0,0,2
2452983,search ad,naver,파워링크,MO,03.신차+차종,스포티지신차렌트,,/creatives/GNA/GNA/.PNG,모바일,2026.5.14,1,0,0,0,4
2452983,search ad,naver,파워링크,MO,03.신차+차종,쏘나타신차,,/creatives/GNA/GNA/.PNG,모바일,2026.5.15,1,0,0,0,3
2452983,search ad,naver,파워링크,MO,03.신차+차종,쏘나타신차,,/creatives/GNA/GNA/.PNG,모바일,2026.5.16,2,0,0,0,2.5
2452983,search ad,naver,파워링크,MO,03.신차+차종,쏘렌토신차,,/creatives/GNA/GNA/.PNG,모바일,2026.5.14,3,0,0,0,1.3
2452983,search ad,naver,파워링크,MO,03.신차+차종,쏘렌토신차,,/creatives/GNA/GNA/.PNG,모바일,2026.5.15,2,0,0,0,3
2452983,search ad,naver,파워링크,MO,03.신차+차종,쏘렌토신차,,/creatives/GNA/GNA/.PNG,모바일,2026.5.16,11,0,0,0,1.6
2452983,search ad,naver,파워링크,MO,03.신차+차종,쏘렌토신차,,/creatives/GNA/GNA/.PNG,모바일,2026.5.18,4,0,0,0,2.5
2452983,search ad,naver,파워링크,MO,03.신차+차종,쏘렌토신차,,/creatives/GNA/GNA/.PNG,모바일,2026.5.19,1,0,0,0,2
2452983,search ad,naver,파워링크,MO,03.신차+차종,쏘렌토신차,,/creatives/GNA/GNA/.PNG,모바일,2026.5.20,2,0,0,0,2
2452983,search ad,naver,파워링크,MO,03.신차+차종,쏘렌토신차,,/creatives/GNA/GNA/.PNG,모바일,2026.5.21,1,0,0,0,4
2452983,search ad,naver,파워링크,MO,03.신차+차종,쏘렌토신차견적,,/creatives/GNA/GNA/.PNG,모바일,2026.5.15,2,0,0,0,2
2452983,search ad,naver,파워링크,MO,03.신차+차종,쏘렌토신차장기렌트,,/creatives/GNA/GNA/.PNG,모바일,2026.5.20,1,1,7387,0,4
2452983,search ad,naver,파워링크,MO,03.신차+차종,쏠라티신차,,/creatives/GNA/GNA/.PNG,모바일,2026.5.16,1,0,0,0,2
2452983,search ad,naver,파워링크,MO,03.신차+차종,쏠라티신차,,/creatives/GNA/GNA/.PNG,모바일,2026.5.18,1,0,0,0,2
2452983,search ad,naver,파워링크,MO,03.신차+차종,쏠라티신차,,/creatives/GNA/GNA/.PNG,모바일,2026.5.20,1,0,0,0,4
2452983,search ad,naver,파워링크,MO,03.신차+차종,아반떼N신차,,/creatives/GNA/GNA/.PNG,모바일,2026.5.16,2,0,0,0,3
2452983,search ad,naver,파워링크,MO,03.신차+차종,아반떼N신차,,/creatives/GNA/GNA/.PNG,모바일,2026.5.18,1,0,0,0,2
2452983,search ad,naver,파워링크,MO,03.신차+차종,아반떼N신차,,/creatives/GNA/GNA/.PNG,모바일,2026.5.19,1,0,0,0,1
2452983,search ad,naver,파워링크,MO,03.신차+차종,아반떼신차,,/creatives/GNA/GNA/.PNG,모바일,2026.5.14,13,0,0,0,2.1
2452983,search ad,naver,파워링크,MO,03.신차+차종,아반떼신차,,/creatives/GNA/GNA/.PNG,모바일,2026.5.15,15,0,0,0,2.4
2452983,search ad,naver,파워링크,MO,03.신차+차종,아반떼신차,,/creatives/GNA/GNA/.PNG,모바일,2026.5.16,32,0,0,0,1.9
2452983,search ad,naver,파워링크,MO,03.신차+차종,아반떼신차,,/creatives/GNA/GNA/.PNG,모바일,2026.5.18,40,0,0,0,2.7
2452983,search ad,naver,파워링크,MO,03.신차+차종,아반떼신차,,/creatives/GNA/GNA/.PNG,모바일,2026.5.19,46,0,0,0,2.4
2452983,search ad,naver,파워링크,MO,03.신차+차종,아반떼신차,,/creatives/GNA/GNA/.PNG,모바일,2026.5.20,13,0,0,0,2.6
2452983,search ad,naver,파워링크,MO,03.신차+차종,아반떼신차,,/creatives/GNA/GNA/.PNG,모바일,2026.5.21,8,0,0,0,2.5
2452983,search ad,naver,파워링크,MO,03.신차+차종,아반떼신차견적,,/creatives/GNA/GNA/.PNG,모바일,2026.5.18,1,0,0,0,2
2452983,search ad,naver,파워링크,MO,03.신차+차종,아반떼신차견적,,/creatives/GNA/GNA/.PNG,모바일,2026.5.19,4,0,0,0,2.8
2452983,search ad,naver,파워링크,MO,03.신차+차종,아반떼신차견적,,/creatives/GNA/GNA/.PNG,모바일,2026.5.20,2,0,0,0,2.5
2452983,search ad,naver,파워링크,MO,03.신차+차종,아반떼신차견적,,/creatives/GNA/GNA/.PNG,모바일,2026.5.21,1,0,0,0,3
2452983,search ad,naver,파워링크,MO,03.신차+차종,아반떼신차렌트,,/creatives/GNA/GNA/.PNG,모바일,2026.5.19,2,0,0,0,2
2452983,search ad,naver,파워링크,MO,03.신차+차종,아반떼신차장기렌트,,/creatives/GNA/GNA/.PNG,모바일,2026.5.18,2,0,0,0,2.5
2452983,search ad,naver,파워링크,MO,03.신차+차종,아반떼신차장기렌트,,/creatives/GNA/GNA/.PNG,모바일,2026.5.19,1,0,0,0,3
2452983,search ad,naver,파워링크,MO,03.신차+차종,카니발신차,,/creatives/GNA/GNA/.PNG,모바일,2026.5.14,2,0,0,0,1.5
2452983,search ad,naver,파워링크,MO,03.신차+차종,카니발신차,,/creatives/GNA/GNA/.PNG,모바일,2026.5.15,13,0,0,0,2.4
2452983,search ad,naver,파워링크,MO,03.신차+차종,카니발신차,,/creatives/GNA/GNA/.PNG,모바일,2026.5.16,10,0,0,0,2.5
2452983,search ad,naver,파워링크,MO,03.신차+차종,카니발신차,,/creatives/GNA/GNA/.PNG,모바일,2026.5.18,17,0,0,0,2.4
2452983,search ad,naver,파워링크,MO,03.신차+차종,카니발신차,,/creatives/GNA/GNA/.PNG,모바일,2026.5.19,9,0,0,0,2.8
2452983,search ad,naver,파워링크,MO,03.신차+차종,카니발신차,,/creatives/GNA/GNA/.PNG,모바일,2026.5.20,6,0,0,0,2.5
2452983,search ad,naver,파워링크,MO,03.신차+차종,카니발신차,,/creatives/GNA/GNA/.PNG,모바일,2026.5.21,3,0,0,0,3
2452983,search ad,naver,파워링크,MO,03.신차+차종,카니발신차견적,,/creatives/GNA/GNA/.PNG,모바일,2026.5.18,1,0,0,0,2
2452983,search ad,naver,파워링크,MO,03.신차+차종,카니발신차장기렌트,,/creatives/GNA/GNA/.PNG,모바일,2026.5.21,1,0,0,0,4
2452983,search ad,naver,파워링크,MO,03.신차+차종,코나신차,,/creatives/GNA/GNA/.PNG,모바일,2026.5.14,11,0,0,0,1.8
2452983,search ad,naver,파워링크,MO,03.신차+차종,코나신차,,/creatives/GNA/GNA/.PNG,모바일,2026.5.15,3,0,0,0,3.7
2452983,search ad,naver,파워링크,MO,03.신차+차종,코나신차,,/creatives/GNA/GNA/.PNG,모바일,2026.5.16,8,0,0,0,2
2452983,search ad,naver,파워링크,MO,03.신차+차종,코나신차,,/creatives/GNA/GNA/.PNG,모바일,2026.5.18,3,0,0,0,3
2452983,search ad,naver,파워링크,MO,03.신차+차종,코나신차,,/creatives/GNA/GNA/.PNG,모바일,2026.5.19,5,0,0,0,2.2
2452983,search ad,naver,파워링크,MO,03.신차+차종,코나신차,,/creatives/GNA/GNA/.PNG,모바일,2026.5.20,4,0,0,0,3
2452983,search ad,naver,파워링크,MO,03.신차+차종,코란도신차,,/creatives/GNA/GNA/.PNG,모바일,2026.5.15,1,0,0,0,2
2452983,search ad,naver,파워링크,MO,03.신차+차종,코란도신차,,/creatives/GNA/GNA/.PNG,모바일,2026.5.16,1,0,0,0,2
2452983,search ad,naver,파워링크,MO,03.신차+차종,코란도신차,,/creatives/GNA/GNA/.PNG,모바일,2026.5.19,1,0,0,0,2
2452983,search ad,naver,파워링크,MO,03.신차+차종,토레스신차,,/creatives/GNA/GNA/.PNG,모바일,2026.5.15,1,0,0,0,4
2452983,search ad,naver,파워링크,MO,03.신차+차종,토레스신차,,/creatives/GNA/GNA/.PNG,모바일,2026.5.16,8,0,0,0,2.3
2452983,search ad,naver,파워링크,MO,03.신차+차종,토레스신차,,/creatives/GNA/GNA/.PNG,모바일,2026.5.18,1,0,0,0,3
2452983,search ad,naver,파워링크,MO,03.신차+차종,토레스신차,,/creatives/GNA/GNA/.PNG,모바일,2026.5.21,1,0,0,0,3
2452983,search ad,naver,파워링크,MO,03.신차+차종,투싼신차,,/creatives/GNA/GNA/.PNG,모바일,2026.5.14,1,0,0,0,2
2452983,search ad,naver,파워링크,MO,03.신차+차종,투싼신차,,/creatives/GNA/GNA/.PNG,모바일,2026.5.15,2,0,0,0,3
2452983,search ad,naver,파워링크,MO,03.신차+차종,투싼신차,,/creatives/GNA/GNA/.PNG,모바일,2026.5.16,6,0,0,0,2.5
2452983,search ad,naver,파워링크,MO,03.신차+차종,투싼신차,,/creatives/GNA/GNA/.PNG,모바일,2026.5.18,5,0,0,0,2.8
2452983,search ad,naver,파워링크,MO,03.신차+차종,투싼신차,,/creatives/GNA/GNA/.PNG,모바일,2026.5.19,3,0,0,0,3
2452983,search ad,naver,파워링크,MO,03.신차+차종,투싼신차,,/creatives/GNA/GNA/.PNG,모바일,2026.5.20,1,0,0,0,4
2452983,search ad,naver,파워링크,MO,03.신차+차종,투싼신차렌트,,/creatives/GNA/GNA/.PNG,모바일,2026.5.18,1,0,0,0,1
2452983,search ad,naver,파워링크,MO,03.신차+차종,투싼신차렌트,,/creatives/GNA/GNA/.PNG,모바일,2026.5.19,2,0,0,0,3
2452983,search ad,naver,파워링크,MO,03.신차+차종,트레일블레이저신차,,/creatives/GNA/GNA/.PNG,모바일,2026.5.19,1,0,0,0,2
2452983,search ad,naver,파워링크,MO,03.신차+차종,티볼리신차,,/creatives/GNA/GNA/.PNG,모바일,2026.5.15,1,0,0,0,1
2452983,search ad,naver,파워링크,MO,03.신차+차종,티볼리신차,,/creatives/GNA/GNA/.PNG,모바일,2026.5.16,9,0,0,0,1.8
2452983,search ad,naver,파워링크,MO,03.신차+차종,티볼리신차,,/creatives/GNA/GNA/.PNG,모바일,2026.5.18,2,0,0,0,1.5
2452983,search ad,naver,파워링크,MO,03.신차+차종,티볼리신차,,/creatives/GNA/GNA/.PNG,모바일,2026.5.19,1,0,0,0,5
2452983,search ad,naver,파워링크,MO,03.신차+차종,필랑트신차,,/creatives/GNA/GNA/.PNG,모바일,2026.5.16,1,0,0,0,3
2452983,search ad,naver,파워링크,MO,03.신차+차종,필랑트신차장기렌탈,,/creatives/GNA/GNA/.PNG,모바일,2026.5.19,1,0,0,0,2
2452983,search ad,naver,파워링크,MO,04.차종+일반,-,,/creatives/GNA/GNA/.PNG,모바일,2026.5.14,21,0,0,0,4.4
2452983,search ad,naver,파워링크,MO,04.차종+일반,-,,/creatives/GNA/GNA/.PNG,모바일,2026.5.15,13,0,0,0,2.8
2452983,search ad,naver,파워링크,MO,04.차종+일반,-,,/creatives/GNA/GNA/.PNG,모바일,2026.5.16,140,0,0,0,2.4
2452983,search ad,naver,파워링크,MO,04.차종+일반,-,,/creatives/GNA/GNA/.PNG,모바일,2026.5.18,97,0,0,0,2.9
2452983,search ad,naver,파워링크,MO,04.차종+일반,-,,/creatives/GNA/GNA/.PNG,모바일,2026.5.19,236,0,0,0,3.1
2452983,search ad,naver,파워링크,MO,04.차종+일반,-,,/creatives/GNA/GNA/.PNG,모바일,2026.5.20,254,2,2322,0,3.1
2452983,search ad,naver,파워링크,MO,04.차종+일반,-,,/creatives/GNA/GNA/.PNG,모바일,2026.5.21,137,0,0,0,2.5
2452983,search ad,naver,파워링크,MO,04.차종+일반,G70렌트,,/creatives/GNA/GNA/.PNG,모바일,2026.5.15,3,0,0,0,3.3
2452983,search ad,naver,파워링크,MO,04.차종+일반,G70렌트,,/creatives/GNA/GNA/.PNG,모바일,2026.5.16,5,0,0,0,1.8
2452983,search ad,naver,파워링크,MO,04.차종+일반,G70렌트,,/creatives/GNA/GNA/.PNG,모바일,2026.5.18,2,0,0,0,3.5
2452983,search ad,naver,파워링크,MO,04.차종+일반,G70렌트,,/creatives/GNA/GNA/.PNG,모바일,2026.5.19,2,0,0,0,3
2452983,search ad,naver,파워링크,MO,04.차종+일반,G70렌트,,/creatives/GNA/GNA/.PNG,모바일,2026.5.20,1,0,0,0,2
2452983,search ad,naver,파워링크,MO,04.차종+일반,G70렌트,,/creatives/GNA/GNA/.PNG,모바일,2026.5.21,1,0,0,0,3
2452983,search ad,naver,파워링크,MO,04.차종+일반,G70렌트카,,/creatives/GNA/GNA/.PNG,모바일,2026.5.15,1,0,0,0,4
2452983,search ad,naver,파워링크,MO,04.차종+일반,G70렌트카,,/creatives/GNA/GNA/.PNG,모바일,2026.5.16,2,0,0,0,2.5
2452983,search ad,naver,파워링크,MO,04.차종+일반,G70장기렌트,,/creatives/GNA/GNA/.PNG,모바일,2026.5.14,5,0,0,0,3.2
2452983,search ad,naver,파워링크,MO,04.차종+일반,G70장기렌트,,/creatives/GNA/GNA/.PNG,모바일,2026.5.15,3,0,0,0,2
2452983,search ad,naver,파워링크,MO,04.차종+일반,G70장기렌트,,/creatives/GNA/GNA/.PNG,모바일,2026.5.16,9,0,0,0,1.6
2452983,search ad,naver,파워링크,MO,04.차종+일반,G70장기렌트,,/creatives/GNA/GNA/.PNG,모바일,2026.5.18,6,0,0,0,4
2452983,search ad,naver,파워링크,MO,04.차종+일반,G70장기렌트,,/creatives/GNA/GNA/.PNG,모바일,2026.5.19,3,0,0,0,3.7
2452983,search ad,naver,파워링크,MO,04.차종+일반,G70장기렌트,,/creatives/GNA/GNA/.PNG,모바일,2026.5.20,3,0,0,0,5
2452983,search ad,naver,파워링크,MO,04.차종+일반,G70장기렌트,,/creatives/GNA/GNA/.PNG,모바일,2026.5.21,1,0,0,0,3
2452983,search ad,naver,파워링크,MO,04.차종+일반,G70장기렌트비용,,/creatives/GNA/GNA/.PNG,모바일,2026.5.16,1,0,0,0,2
2452983,search ad,naver,파워링크,MO,04.차종+일반,G80렌트,,/creatives/GNA/GNA/.PNG,모바일,2026.5.14,4,0,0,0,2.5
2452983,search ad,naver,파워링크,MO,04.차종+일반,G80렌트,,/creatives/GNA/GNA/.PNG,모바일,2026.5.15,3,0,0,0,3.7
2452983,search ad,naver,파워링크,MO,04.차종+일반,G80렌트,,/creatives/GNA/GNA/.PNG,모바일,2026.5.16,9,0,0,0,2.3
2452983,search ad,naver,파워링크,MO,04.차종+일반,G80렌트,,/creatives/GNA/GNA/.PNG,모바일,2026.5.18,6,0,0,0,4.5
2452983,search ad,naver,파워링크,MO,04.차종+일반,G80렌트,,/creatives/GNA/GNA/.PNG,모바일,2026.5.19,4,0,0,0,4.3
2452983,search ad,naver,파워링크,MO,04.차종+일반,G80렌트,,/creatives/GNA/GNA/.PNG,모바일,2026.5.20,2,0,0,0,3
2452983,search ad,naver,파워링크,MO,04.차종+일반,G80렌트카,,/creatives/GNA/GNA/.PNG,모바일,2026.5.16,1,0,0,0,4
2452983,search ad,naver,파워링크,MO,04.차종+일반,G80렌트카비용,,/creatives/GNA/GNA/.PNG,모바일,2026.5.16,1,0,0,0,4
2452983,search ad,naver,파워링크,MO,04.차종+일반,G80장기렌탈,,/creatives/GNA/GNA/.PNG,모바일,2026.5.19,1,0,0,0,1
2452983,search ad,naver,파워링크,MO,04.차종+일반,G80장기렌트,,/creatives/GNA/GNA/.PNG,모바일,2026.5.14,11,0,0,0,2.1
2452983,search ad,naver,파워링크,MO,04.차종+일반,G80장기렌트,,/creatives/GNA/GNA/.PNG,모바일,2026.5.15,15,0,0,0,3.3
2452983,search ad,naver,파워링크,MO,04.차종+일반,G80장기렌트,,/creatives/GNA/GNA/.PNG,모바일,2026.5.16,15,0,0,0,2.5
2452983,search ad,naver,파워링크,MO,04.차종+일반,G80장기렌트,,/creatives/GNA/GNA/.PNG,모바일,2026.5.18,22,0,0,0,3.6
2452983,search ad,naver,파워링크,MO,04.차종+일반,G80장기렌트,,/creatives/GNA/GNA/.PNG,모바일,2026.5.19,20,1,10844,0,3.3
2452983,search ad,naver,파워링크,MO,04.차종+일반,G80장기렌트,,/creatives/GNA/GNA/.PNG,모바일,2026.5.20,7,0,0,0,4.1
2452983,search ad,naver,파워링크,MO,04.차종+일반,G80장기렌트,,/creatives/GNA/GNA/.PNG,모바일,2026.5.21,8,0,0,0,3.5
2452983,search ad,naver,파워링크,MO,04.차종+일반,G80장기렌트가격,,/creatives/GNA/GNA/.PNG,모바일,2026.5.18,2,0,0,0,2
2452983,search ad,naver,파워링크,MO,04.차종+일반,G80장기렌트가격,,/creatives/GNA/GNA/.PNG,모바일,2026.5.19,1,0,0,0,2
2452983,search ad,naver,파워링크,MO,04.차종+일반,G80장기렌트견적,,/creatives/GNA/GNA/.PNG,모바일,2026.5.19,7,0,0,0,7.1
2452983,search ad,naver,파워링크,MO,04.차종+일반,G80장기렌트비용,,/creatives/GNA/GNA/.PNG,모바일,2026.5.14,7,0,0,0,2.6
2452983,search ad,naver,파워링크,MO,04.차종+일반,G80장기렌트비용,,/creatives/GNA/GNA/.PNG,모바일,2026.5.15,6,0,0,0,3.2
2452983,search ad,naver,파워링크,MO,04.차종+일반,G80장기렌트비용,,/creatives/GNA/GNA/.PNG,모바일,2026.5.16,9,0,0,0,2.7
2452983,search ad,naver,파워링크,MO,04.차종+일반,G80장기렌트비용,,/creatives/GNA/GNA/.PNG,모바일,2026.5.18,3,0,0,0,3.7
2452983,search ad,naver,파워링크,MO,04.차종+일반,G80장기렌트비용,,/creatives/GNA/GNA/.PNG,모바일,2026.5.19,8,0,0,0,3.9
2452983,search ad,naver,파워링크,MO,04.차종+일반,G80장기렌트비용,,/creatives/GNA/GNA/.PNG,모바일,2026.5.20,1,0,0,0,3
2452983,search ad,naver,파워링크,MO,04.차종+일반,G80장기렌트비용,,/creatives/GNA/GNA/.PNG,모바일,2026.5.21,4,0,0,0,3.8
2452983,search ad,naver,파워링크,MO,04.차종+일반,G90렌트,,/creatives/GNA/GNA/.PNG,모바일,2026.5.14,3,0,0,0,3.3
2452983,search ad,naver,파워링크,MO,04.차종+일반,G90렌트,,/creatives/GNA/GNA/.PNG,모바일,2026.5.15,6,0,0,0,2.8
2452983,search ad,naver,파워링크,MO,04.차종+일반,G90렌트,,/creatives/GNA/GNA/.PNG,모바일,2026.5.16,7,0,0,0,1.6
2452983,search ad,naver,파워링크,MO,04.차종+일반,G90렌트,,/creatives/GNA/GNA/.PNG,모바일,2026.5.19,7,0,0,0,4.7
2452983,search ad,naver,파워링크,MO,04.차종+일반,G90렌트,,/creatives/GNA/GNA/.PNG,모바일,2026.5.20,4,0,0,0,3.3
2452983,search ad,naver,파워링크,MO,04.차종+일반,G90렌트,,/creatives/GNA/GNA/.PNG,모바일,2026.5.21,4,0,0,0,4.3
2452983,search ad,naver,파워링크,MO,04.차종+일반,G90렌트카,,/creatives/GNA/GNA/.PNG,모바일,2026.5.14,1,0,0,0,1
2452983,search ad,naver,파워링크,MO,04.차종+일반,G90렌트카,,/creatives/GNA/GNA/.PNG,모바일,2026.5.16,1,0,0,0,1
2452983,search ad,naver,파워링크,MO,04.차종+일반,G90렌트카,,/creatives/GNA/GNA/.PNG,모바일,2026.5.18,4,0,0,0,3
2452983,search ad,naver,파워링크,MO,04.차종+일반,G90렌트카,,/creatives/GNA/GNA/.PNG,모바일,2026.5.19,1,0,0,0,3
2452983,search ad,naver,파워링크,MO,04.차종+일반,G90렌트카,,/creatives/GNA/GNA/.PNG,모바일,2026.5.21,1,0,0,0,4
2452983,search ad,naver,파워링크,MO,04.차종+일반,G90렌트카비용,,/creatives/GNA/GNA/.PNG,모바일,2026.5.15,1,0,0,0,3
2452983,search ad,naver,파워링크,MO,04.차종+일반,G90장기렌트,,/creatives/GNA/GNA/.PNG,모바일,2026.5.14,4,0,0,0,2
2452983,search ad,naver,파워링크,MO,04.차종+일반,G90장기렌트,,/creatives/GNA/GNA/.PNG,모바일,2026.5.15,3,0,0,0,2
2452983,search ad,naver,파워링크,MO,04.차종+일반,G90장기렌트,,/creatives/GNA/GNA/.PNG,모바일,2026.5.16,7,0,0,0,2.9
2452983,search ad,naver,파워링크,MO,04.차종+일반,G90장기렌트,,/creatives/GNA/GNA/.PNG,모바일,2026.5.18,2,0,0,0,2.5
2452983,search ad,naver,파워링크,MO,04.차종+일반,G90장기렌트,,/creatives/GNA/GNA/.PNG,모바일,2026.5.19,3,0,0,0,2
2452983,search ad,naver,파워링크,MO,04.차종+일반,G90장기렌트,,/creatives/GNA/GNA/.PNG,모바일,2026.5.20,2,0,0,0,4
2452983,search ad,naver,파워링크,MO,04.차종+일반,G90장기렌트비용,,/creatives/GNA/GNA/.PNG,모바일,2026.5.14,1,0,0,0,3
2452983,search ad,naver,파워링크,MO,04.차종+일반,G90장기렌트비용,,/creatives/GNA/GNA/.PNG,모바일,2026.5.15,1,0,0,0,1
2452983,search ad,naver,파워링크,MO,04.차종+일반,G90장기렌트비용,,/creatives/GNA/GNA/.PNG,모바일,2026.5.16,1,0,0,0,2
2452983,search ad,naver,파워링크,MO,04.차종+일반,G90장기렌트비용,,/creatives/GNA/GNA/.PNG,모바일,2026.5.18,1,0,0,0,4
2452983,search ad,naver,파워링크,MO,04.차종+일반,G90장기렌트비용,,/creatives/GNA/GNA/.PNG,모바일,2026.5.19,1,0,0,0,4
2452983,search ad,naver,파워링크,MO,04.차종+일반,GV70렌터카,,/creatives/GNA/GNA/.PNG,모바일,2026.5.15,1,0,0,0,3
2452983,search ad,naver,파워링크,MO,04.차종+일반,GV70렌터카,,/creatives/GNA/GNA/.PNG,모바일,2026.5.16,1,0,0,0,3
2452983,search ad,naver,파워링크,MO,04.차종+일반,GV70렌트,,/creatives/GNA/GNA/.PNG,모바일,2026.5.14,4,0,0,0,2.5
2452983,search ad,naver,파워링크,MO,04.차종+일반,GV70렌트,,/creatives/GNA/GNA/.PNG,모바일,2026.5.15,7,0,0,0,3.1
2452983,search ad,naver,파워링크,MO,04.차종+일반,GV70렌트,,/creatives/GNA/GNA/.PNG,모바일,2026.5.16,11,0,0,0,1.6
2452983,search ad,naver,파워링크,MO,04.차종+일반,GV70렌트,,/creatives/GNA/GNA/.PNG,모바일,2026.5.18,13,0,0,0,4.3
2452983,search ad,naver,파워링크,MO,04.차종+일반,GV70렌트,,/creatives/GNA/GNA/.PNG,모바일,2026.5.19,8,0,0,0,4.4
2452983,search ad,naver,파워링크,MO,04.차종+일반,GV70렌트,,/creatives/GNA/GNA/.PNG,모바일,2026.5.20,9,1,4128,0,3.7
2452983,search ad,naver,파워링크,MO,04.차종+일반,GV70렌트,,/creatives/GNA/GNA/.PNG,모바일,2026.5.21,3,0,0,0,4.7
2452983,search ad,naver,파워링크,MO,04.차종+일반,GV70렌트카,,/creatives/GNA/GNA/.PNG,모바일,2026.5.16,1,0,0,0,1
2452983,search ad,naver,파워링크,MO,04.차종+일반,GV70렌트카,,/creatives/GNA/GNA/.PNG,모바일,2026.5.18,1,0,0,0,3
2452983,search ad,naver,파워링크,MO,04.차종+일반,GV70렌트카,,/creatives/GNA/GNA/.PNG,모바일,2026.5.19,4,0,0,0,2.5
2452983,search ad,naver,파워링크,MO,04.차종+일반,GV70렌트카,,/creatives/GNA/GNA/.PNG,모바일,2026.5.21,1,0,0,0,4
2452983,search ad,naver,파워링크,MO,04.차종+일반,GV70장기렌탈,,/creatives/GNA/GNA/.PNG,모바일,2026.5.16,1,0,0,0,1
2452983,search ad,naver,파워링크,MO,04.차종+일반,GV70장기렌트,,/creatives/GNA/GNA/.PNG,모바일,2026.5.14,13,0,0,0,1.8
2452983,search ad,naver,파워링크,MO,04.차종+일반,GV70장기렌트,,/creatives/GNA/GNA/.PNG,모바일,2026.5.15,12,0,0,0,3.9
2452983,search ad,naver,파워링크,MO,04.차종+일반,GV70장기렌트,,/creatives/GNA/GNA/.PNG,모바일,2026.5.16,22,0,0,0,2.7
2452983,search ad,naver,파워링크,MO,04.차종+일반,GV70장기렌트,,/creatives/GNA/GNA/.PNG,모바일,2026.5.18,19,1,10585,0,4
2452983,search ad,naver,파워링크,MO,04.차종+일반,GV70장기렌트,,/creatives/GNA/GNA/.PNG,모바일,2026.5.19,14,0,0,0,3.4
2452983,search ad,naver,파워링크,MO,04.차종+일반,GV70장기렌트,,/creatives/GNA/GNA/.PNG,모바일,2026.5.20,8,1,10132,0,2.8
2452983,search ad,naver,파워링크,MO,04.차종+일반,GV70장기렌트,,/creatives/GNA/GNA/.PNG,모바일,2026.5.21,10,0,0,0,2.9
2452983,search ad,naver,파워링크,MO,04.차종+일반,GV70장기렌트가격,,/creatives/GNA/GNA/.PNG,모바일,2026.5.18,1,0,0,0,2
2452983,search ad,naver,파워링크,MO,04.차종+일반,GV70장기렌트가격,,/creatives/GNA/GNA/.PNG,모바일,2026.5.19,1,0,0,0,2
2452983,search ad,naver,파워링크,MO,04.차종+일반,GV70장기렌트비용,,/creatives/GNA/GNA/.PNG,모바일,2026.5.14,2,0,0,0,3
2452983,search ad,naver,파워링크,MO,04.차종+일반,GV70장기렌트비용,,/creatives/GNA/GNA/.PNG,모바일,2026.5.15,4,0,0,0,4
2452983,search ad,naver,파워링크,MO,04.차종+일반,GV70장기렌트비용,,/creatives/GNA/GNA/.PNG,모바일,2026.5.16,14,0,0,0,2.9
2452983,search ad,naver,파워링크,MO,04.차종+일반,GV70장기렌트비용,,/creatives/GNA/GNA/.PNG,모바일,2026.5.18,1,0,0,0,4
2452983,search ad,naver,파워링크,MO,04.차종+일반,GV70장기렌트비용,,/creatives/GNA/GNA/.PNG,모바일,2026.5.19,3,0,0,0,3.3
2452983,search ad,naver,파워링크,MO,04.차종+일반,GV70장기렌트비용,,/creatives/GNA/GNA/.PNG,모바일,2026.5.20,3,0,0,0,3
2452983,search ad,naver,파워링크,MO,04.차종+일반,GV70장기렌트비용,,/creatives/GNA/GNA/.PNG,모바일,2026.5.21,6,0,0,0,2.8
2452983,search ad,naver,파워링크,MO,04.차종+일반,GV80렌터카,,/creatives/GNA/GNA/.PNG,모바일,2026.5.16,1,0,0,0,1
2452983,search ad,naver,파워링크,MO,04.차종+일반,GV80렌트,,/creatives/GNA/GNA/.PNG,모바일,2026.5.14,10,0,0,0,1.9
2452983,search ad,naver,파워링크,MO,04.차종+일반,GV80렌트,,/creatives/GNA/GNA/.PNG,모바일,2026.5.15,8,0,0,0,2.9
2452983,search ad,naver,파워링크,MO,04.차종+일반,GV80렌트,,/creatives/GNA/GNA/.PNG,모바일,2026.5.16,21,1,5130,0,3.1
2452983,search ad,naver,파워링크,MO,04.차종+일반,GV80렌트,,/creatives/GNA/GNA/.PNG,모바일,2026.5.18,7,0,0,0,3.3
2452983,search ad,naver,파워링크,MO,04.차종+일반,GV80렌트,,/creatives/GNA/GNA/.PNG,모바일,2026.5.19,11,0,0,0,3.2
2452983,search ad,naver,파워링크,MO,04.차종+일반,GV80렌트,,/creatives/GNA/GNA/.PNG,모바일,2026.5.20,7,0,0,0,4.4
2452983,search ad,naver,파워링크,MO,04.차종+일반,GV80렌트,,/creatives/GNA/GNA/.PNG,모바일,2026.5.21,2,0,0,0,4.5
2452983,search ad,naver,파워링크,MO,04.차종+일반,GV80렌트카,,/creatives/GNA/GNA/.PNG,모바일,2026.5.16,2,0,0,0,2.5
2452983,search ad,naver,파워링크,MO,04.차종+일반,GV80렌트카,,/creatives/GNA/GNA/.PNG,모바일,2026.5.20,1,0,0,0,3
2452983,search ad,naver,파워링크,MO,04.차종+일반,GV80장기렌트,,/creatives/GNA/GNA/.PNG,모바일,2026.5.14,8,0,0,0,1.9
2452983,search ad,naver,파워링크,MO,04.차종+일반,GV80장기렌트,,/creatives/GNA/GNA/.PNG,모바일,2026.5.15,12,0,0,0,2.6
2452983,search ad,naver,파워링크,MO,04.차종+일반,GV80장기렌트,,/creatives/GNA/GNA/.PNG,모바일,2026.5.16,33,0,0,0,2
2452983,search ad,naver,파워링크,MO,04.차종+일반,GV80장기렌트,,/creatives/GNA/GNA/.PNG,모바일,2026.5.18,17,0,0,0,4.3
2452983,search ad,naver,파워링크,MO,04.차종+일반,GV80장기렌트,,/creatives/GNA/GNA/.PNG,모바일,2026.5.19,14,0,0,0,3.4
2452983,search ad,naver,파워링크,MO,04.차종+일반,GV80장기렌트,,/creatives/GNA/GNA/.PNG,모바일,2026.5.20,4,0,0,0,4
2452983,search ad,naver,파워링크,MO,04.차종+일반,GV80장기렌트,,/creatives/GNA/GNA/.PNG,모바일,2026.5.21,4,0,0,0,5.5
2452983,search ad,naver,파워링크,MO,04.차종+일반,GV80장기렌트가격,,/creatives/GNA/GNA/.PNG,모바일,2026.5.18,2,0,0,0,4
2452983,search ad,naver,파워링크,MO,04.차종+일반,GV80장기렌트가격,,/creatives/GNA/GNA/.PNG,모바일,2026.5.20,1,0,0,0,3
2452983,search ad,naver,파워링크,MO,04.차종+일반,GV80장기렌트견적,,/creatives/GNA/GNA/.PNG,모바일,2026.5.18,1,0,0,0,3
2452983,search ad,naver,파워링크,MO,04.차종+일반,GV80장기렌트비용,,/creatives/GNA/GNA/.PNG,모바일,2026.5.14,4,0,0,0,2
2452983,search ad,naver,파워링크,MO,04.차종+일반,GV80장기렌트비용,,/creatives/GNA/GNA/.PNG,모바일,2026.5.15,7,0,0,0,2.6
2452983,search ad,naver,파워링크,MO,04.차종+일반,GV80장기렌트비용,,/creatives/GNA/GNA/.PNG,모바일,2026.5.16,17,0,0,0,1.9
2452983,search ad,naver,파워링크,MO,04.차종+일반,GV80장기렌트비용,,/creatives/GNA/GNA/.PNG,모바일,2026.5.18,9,0,0,0,4
2452983,search ad,naver,파워링크,MO,04.차종+일반,GV80장기렌트비용,,/creatives/GNA/GNA/.PNG,모바일,2026.5.19,12,0,0,0,4.2
2452983,search ad,naver,파워링크,MO,04.차종+일반,GV80장기렌트비용,,/creatives/GNA/GNA/.PNG,모바일,2026.5.20,3,0,0,0,3.7
2452983,search ad,naver,파워링크,MO,04.차종+일반,GV80장기렌트비용,,/creatives/GNA/GNA/.PNG,모바일,2026.5.21,2,0,0,0,3.5
2452983,search ad,naver,파워링크,MO,04.차종+일반,K5렌터카,,/creatives/GNA/GNA/.PNG,모바일,2026.5.18,1,0,0,0,3
2452983,search ad,naver,파워링크,MO,04.차종+일반,K5렌터카,,/creatives/GNA/GNA/.PNG,모바일,2026.5.20,1,0,0,0,2
2452983,search ad,naver,파워링크,MO,04.차종+일반,K5렌트,,/creatives/GNA/GNA/.PNG,모바일,2026.5.14,1,0,0,0,1
2452983,search ad,naver,파워링크,MO,04.차종+일반,K5렌트,,/creatives/GNA/GNA/.PNG,모바일,2026.5.15,2,0,0,0,3.5
2452983,search ad,naver,파워링크,MO,04.차종+일반,K5렌트,,/creatives/GNA/GNA/.PNG,모바일,2026.5.16,3,0,0,0,2
2452983,search ad,naver,파워링크,MO,04.차종+일반,K5렌트,,/creatives/GNA/GNA/.PNG,모바일,2026.5.18,6,0,0,0,3.5
2452983,search ad,naver,파워링크,MO,04.차종+일반,K5렌트,,/creatives/GNA/GNA/.PNG,모바일,2026.5.20,2,0,0,0,4
2452983,search ad,naver,파워링크,MO,04.차종+일반,K5렌트카,,/creatives/GNA/GNA/.PNG,모바일,2026.5.14,1,0,0,0,4
2452983,search ad,naver,파워링크,MO,04.차종+일반,K5렌트카,,/creatives/GNA/GNA/.PNG,모바일,2026.5.16,1,0,0,0,4
2452983,search ad,naver,파워링크,MO,04.차종+일반,K5렌트카,,/creatives/GNA/GNA/.PNG,모바일,2026.5.18,1,0,0,0,2
2452983,search ad,naver,파워링크,MO,04.차종+일반,K5렌트카,,/creatives/GNA/GNA/.PNG,모바일,2026.5.20,1,0,0,0,4
2452983,search ad,naver,파워링크,MO,04.차종+일반,K5렌트카,,/creatives/GNA/GNA/.PNG,모바일,2026.5.21,1,0,0,0,8
2452983,search ad,naver,파워링크,MO,04.차종+일반,K5장기렌트,,/creatives/GNA/GNA/.PNG,모바일,2026.5.14,8,0,0,0,3.4
2452983,search ad,naver,파워링크,MO,04.차종+일반,K5장기렌트,,/creatives/GNA/GNA/.PNG,모바일,2026.5.15,13,0,0,0,3.5
2452983,search ad,naver,파워링크,MO,04.차종+일반,K5장기렌트,,/creatives/GNA/GNA/.PNG,모바일,2026.5.16,18,0,0,0,2.4
2452983,search ad,naver,파워링크,MO,04.차종+일반,K5장기렌트,,/creatives/GNA/GNA/.PNG,모바일,2026.5.18,16,0,0,0,3.2
2452983,search ad,naver,파워링크,MO,04.차종+일반,K5장기렌트,,/creatives/GNA/GNA/.PNG,모바일,2026.5.19,7,0,0,0,5.3
2452983,search ad,naver,파워링크,MO,04.차종+일반,K5장기렌트,,/creatives/GNA/GNA/.PNG,모바일,2026.5.20,2,0,0,0,5
2452983,search ad,naver,파워링크,MO,04.차종+일반,K5장기렌트,,/creatives/GNA/GNA/.PNG,모바일,2026.5.21,4,0,0,0,6
2452983,search ad,naver,파워링크,MO,04.차종+일반,K5장기렌트가격,,/creatives/GNA/GNA/.PNG,모바일,2026.5.14,1,0,0,0,4
2452983,search ad,naver,파워링크,MO,04.차종+일반,K5장기렌트가격,,/creatives/GNA/GNA/.PNG,모바일,2026.5.18,1,0,0,0,1
2452983,search ad,naver,파워링크,MO,04.차종+일반,K5장기렌트가격,,/creatives/GNA/GNA/.PNG,모바일,2026.5.19,2,0,0,0,3
2452983,search ad,naver,파워링크,MO,04.차종+일반,K5장기렌트가격,,/creatives/GNA/GNA/.PNG,모바일,2026.5.20,2,0,0,0,3
2452983,search ad,naver,파워링크,MO,04.차종+일반,K5장기렌트견적,,/creatives/GNA/GNA/.PNG,모바일,2026.5.19,1,0,0,0,6
2452983,search ad,naver,파워링크,MO,04.차종+일반,K5장기렌트비용,,/creatives/GNA/GNA/.PNG,모바일,2026.5.19,2,0,0,0,4
2452983,search ad,naver,파워링크,MO,04.차종+일반,K9렌트,,/creatives/GNA/GNA/.PNG,모바일,2026.5.14,1,0,0,0,5
2452983,search ad,naver,파워링크,MO,04.차종+일반,K9렌트,,/creatives/GNA/GNA/.PNG,모바일,2026.5.16,2,0,0,0,2
2452983,search ad,naver,파워링크,MO,04.차종+일반,K9렌트,,/creatives/GNA/GNA/.PNG,모바일,2026.5.18,1,0,0,0,3
2452983,search ad,naver,파워링크,MO,04.차종+일반,K9렌트,,/creatives/GNA/GNA/.PNG,모바일,2026.5.19,2,0,0,0,5
2452983,search ad,naver,파워링크,MO,04.차종+일반,K9렌트,,/creatives/GNA/GNA/.PNG,모바일,2026.5.21,1,0,0,0,5
2452983,search ad,naver,파워링크,MO,04.차종+일반,K9렌트카,,/creatives/GNA/GNA/.PNG,모바일,2026.5.16,1,0,0,0,2
2452983,search ad,naver,파워링크,MO,04.차종+일반,K9렌트카,,/creatives/GNA/GNA/.PNG,모바일,2026.5.19,3,0,0,0,3.7
2452983,search ad,naver,파워링크,MO,04.차종+일반,K9장기렌트,,/creatives/GNA/GNA/.PNG,모바일,2026.5.19,1,0,0,0,5
2452983,search ad,naver,파워링크,MO,04.차종+일반,K9장기렌트가격,,/creatives/GNA/GNA/.PNG,모바일,2026.5.15,1,0,0,0,4
2452983,search ad,naver,파워링크,MO,04.차종+일반,K9장기렌트가격,,/creatives/GNA/GNA/.PNG,모바일,2026.5.16,1,0,0,0,1
2452983,search ad,naver,파워링크,MO,04.차종+일반,K9장기렌트가격,,/creatives/GNA/GNA/.PNG,모바일,2026.5.18,1,0,0,0,2
2452983,search ad,naver,파워링크,MO,04.차종+일반,QM6렌터카,,/creatives/GNA/GNA/.PNG,모바일,2026.5.18,2,0,0,0,1
2452983,search ad,naver,파워링크,MO,04.차종+일반,QM6렌트,,/creatives/GNA/GNA/.PNG,모바일,2026.5.18,5,0,0,0,2.6
2452983,search ad,naver,파워링크,MO,04.차종+일반,QM6렌트,,/creatives/GNA/GNA/.PNG,모바일,2026.5.19,2,0,0,0,4
2452983,search ad,naver,파워링크,MO,04.차종+일반,QM6렌트카,,/creatives/GNA/GNA/.PNG,모바일,2026.5.16,1,0,0,0,1
2452983,search ad,naver,파워링크,MO,04.차종+일반,QM6렌트카,,/creatives/GNA/GNA/.PNG,모바일,2026.5.18,2,0,0,0,1
2452983,search ad,naver,파워링크,MO,04.차종+일반,QM6장기렌탈,,/creatives/GNA/GNA/.PNG,모바일,2026.5.21,1,0,0,0,1
2452983,search ad,naver,파워링크,MO,04.차종+일반,QM6장기렌트,,/creatives/GNA/GNA/.PNG,모바일,2026.5.15,1,0,0,0,3
2452983,search ad,naver,파워링크,MO,04.차종+일반,QM6장기렌트,,/creatives/GNA/GNA/.PNG,모바일,2026.5.16,6,0,0,0,3.7
2452983,search ad,naver,파워링크,MO,04.차종+일반,QM6장기렌트,,/creatives/GNA/GNA/.PNG,모바일,2026.5.18,1,0,0,0,4
2452983,search ad,naver,파워링크,MO,04.차종+일반,SM6렌트,,/creatives/GNA/GNA/.PNG,모바일,2026.5.21,2,0,0,0,3
2452983,search ad,naver,파워링크,MO,04.차종+일반,SM6렌트카,,/creatives/GNA/GNA/.PNG,모바일,2026.5.14,1,0,0,0,3
2452983,search ad,naver,파워링크,MO,04.차종+일반,SM6렌트카,,/creatives/GNA/GNA/.PNG,모바일,2026.5.15,1,0,0,0,6
2452983,search ad,naver,파워링크,MO,04.차종+일반,그랑콜레오스렌트,,/creatives/GNA/GNA/.PNG,모바일,2026.5.15,2,0,0,0,2
2452983,search ad,naver,파워링크,MO,04.차종+일반,그랑콜레오스렌트,,/creatives/GNA/GNA/.PNG,모바일,2026.5.16,3,0,0,0,2
2452983,search ad,naver,파워링크,MO,04.차종+일반,그랑콜레오스렌트,,/creatives/GNA/GNA/.PNG,모바일,2026.5.18,4,0,0,0,3
2452983,search ad,naver,파워링크,MO,04.차종+일반,그랑콜레오스렌트,,/creatives/GNA/GNA/.PNG,모바일,2026.5.19,2,0,0,0,3
2452983,search ad,naver,파워링크,MO,04.차종+일반,그랑콜레오스렌트,,/creatives/GNA/GNA/.PNG,모바일,2026.5.20,3,0,0,0,4
2452983,search ad,naver,파워링크,MO,04.차종+일반,그랑콜레오스렌트,,/creatives/GNA/GNA/.PNG,모바일,2026.5.21,1,0,0,0,4
2452983,search ad,naver,파워링크,MO,04.차종+일반,그랑콜레오스렌트카,,/creatives/GNA/GNA/.PNG,모바일,2026.5.16,1,0,0,0,2
2452983,search ad,naver,파워링크,MO,04.차종+일반,그랑콜레오스렌트카,,/creatives/GNA/GNA/.PNG,모바일,2026.5.18,1,0,0,0,4
2452983,search ad,naver,파워링크,MO,04.차종+일반,그랑콜레오스렌트카,,/creatives/GNA/GNA/.PNG,모바일,2026.5.20,1,0,0,0,4
2452983,search ad,naver,파워링크,MO,04.차종+일반,그랑콜레오스장기렌트,,/creatives/GNA/GNA/.PNG,모바일,2026.5.14,5,0,0,0,3
2452983,search ad,naver,파워링크,MO,04.차종+일반,그랑콜레오스장기렌트,,/creatives/GNA/GNA/.PNG,모바일,2026.5.15,4,0,0,0,2.8
2452983,search ad,naver,파워링크,MO,04.차종+일반,그랑콜레오스장기렌트,,/creatives/GNA/GNA/.PNG,모바일,2026.5.16,2,0,0,0,3.5
2452983,search ad,naver,파워링크,MO,04.차종+일반,그랑콜레오스장기렌트,,/creatives/GNA/GNA/.PNG,모바일,2026.5.18,5,0,0,0,3
2452983,search ad,naver,파워링크,MO,04.차종+일반,그랑콜레오스장기렌트,,/creatives/GNA/GNA/.PNG,모바일,2026.5.19,4,0,0,0,3.5
2452983,search ad,naver,파워링크,MO,04.차종+일반,그랑콜레오스장기렌트,,/creatives/GNA/GNA/.PNG,모바일,2026.5.20,6,0,0,0,3
2452983,search ad,naver,파워링크,MO,04.차종+일반,그랑콜레오스장기렌트비용,,/creatives/GNA/GNA/.PNG,모바일,2026.5.14,1,0,0,0,1
2452983,search ad,naver,파워링크,MO,04.차종+일반,그랑콜레오스장기렌트비용,,/creatives/GNA/GNA/.PNG,모바일,2026.5.16,1,0,0,0,2
2452983,search ad,naver,파워링크,MO,04.차종+일반,그랑콜레오스장기렌트비용,,/creatives/GNA/GNA/.PNG,모바일,2026.5.19,1,0,0,0,1
2452983,search ad,naver,파워링크,MO,04.차종+일반,그랜저렌터카,,/creatives/GNA/GNA/.PNG,모바일,2026.5.19,1,0,0,0,1
2452983,search ad,naver,파워링크,MO,04.차종+일반,그랜저렌트,,/creatives/GNA/GNA/.PNG,모바일,2026.5.14,9,0,0,0,1.9
2452983,search ad,naver,파워링크,MO,04.차종+일반,그랜저렌트,,/creatives/GNA/GNA/.PNG,모바일,2026.5.15,12,0,0,0,3.5
2452983,search ad,naver,파워링크,MO,04.차종+일반,그랜저렌트,,/creatives/GNA/GNA/.PNG,모바일,2026.5.16,17,0,0,0,3.2
2452983,search ad,naver,파워링크,MO,04.차종+일반,그랜저렌트,,/creatives/GNA/GNA/.PNG,모바일,2026.5.18,25,0,0,0,1.8
2452983,search ad,naver,파워링크,MO,04.차종+일반,그랜저렌트,,/creatives/GNA/GNA/.PNG,모바일,2026.5.19,13,0,0,0,4
2452983,search ad,naver,파워링크,MO,04.차종+일반,그랜저렌트,,/creatives/GNA/GNA/.PNG,모바일,2026.5.20,5,0,0,0,3.4
2452983,search ad,naver,파워링크,MO,04.차종+일반,그랜저렌트,,/creatives/GNA/GNA/.PNG,모바일,2026.5.21,5,0,0,0,4.6
2452983,search ad,naver,파워링크,MO,04.차종+일반,그랜저렌트카,,/creatives/GNA/GNA/.PNG,모바일,2026.5.16,7,0,0,0,2.6
2452983,search ad,naver,파워링크,MO,04.차종+일반,그랜저렌트카,,/creatives/GNA/GNA/.PNG,모바일,2026.5.18,3,0,0,0,3.3
2452983,search ad,naver,파워링크,MO,04.차종+일반,그랜저렌트카,,/creatives/GNA/GNA/.PNG,모바일,2026.5.19,4,0,0,0,3.3
2452983,search ad,naver,파워링크,MO,04.차종+일반,그랜저렌트카,,/creatives/GNA/GNA/.PNG,모바일,2026.5.20,1,0,0,0,4
2452983,search ad,naver,파워링크,MO,04.차종+일반,그랜저렌트카비용,,/creatives/GNA/GNA/.PNG,모바일,2026.5.20,1,0,0,0,2
2452983,search ad,naver,파워링크,MO,04.차종+일반,그랜저장기렌탈,,/creatives/GNA/GNA/.PNG,모바일,2026.5.14,1,0,0,0,4
2452983,search ad,naver,파워링크,MO,04.차종+일반,그랜저장기렌탈,,/creatives/GNA/GNA/.PNG,모바일,2026.5.18,1,0,0,0,3
2452983,search ad,naver,파워링크,MO,04.차종+일반,그랜저장기렌탈,,/creatives/GNA/GNA/.PNG,모바일,2026.5.20,1,0,0,0,4
2452983,search ad,naver,파워링크,MO,04.차종+일반,그랜저장기렌트,,/creatives/GNA/GNA/.PNG,모바일,2026.5.14,24,0,0,0,3.3
2452983,search ad,naver,파워링크,MO,04.차종+일반,그랜저장기렌트,,/creatives/GNA/GNA/.PNG,모바일,2026.5.15,25,2,16329,0,3.7
2452983,search ad,naver,파워링크,MO,04.차종+일반,그랜저장기렌트,,/creatives/GNA/GNA/.PNG,모바일,2026.5.16,53,1,5785,0,2.7
2452983,search ad,naver,파워링크,MO,04.차종+일반,그랜저장기렌트,,/creatives/GNA/GNA/.PNG,모바일,2026.5.18,41,1,10010,0,3.5
2452983,search ad,naver,파워링크,MO,04.차종+일반,그랜저장기렌트,,/creatives/GNA/GNA/.PNG,모바일,2026.5.19,35,0,0,0,3
2452983,search ad,naver,파워링크,MO,04.차종+일반,그랜저장기렌트,,/creatives/GNA/GNA/.PNG,모바일,2026.5.20,20,0,0,0,3.9
2452983,search ad,naver,파워링크,MO,04.차종+일반,그랜저장기렌트,,/creatives/GNA/GNA/.PNG,모바일,2026.5.21,11,0,0,0,2.6
2452983,search ad,naver,파워링크,MO,04.차종+일반,그랜저장기렌트가격,,/creatives/GNA/GNA/.PNG,모바일,2026.5.15,1,0,0,0,5
2452983,search ad,naver,파워링크,MO,04.차종+일반,그랜저장기렌트가격,,/creatives/GNA/GNA/.PNG,모바일,2026.5.16,5,0,0,0,1.8
2452983,search ad,naver,파워링크,MO,04.차종+일반,그랜저장기렌트가격,,/creatives/GNA/GNA/.PNG,모바일,2026.5.18,3,0,0,0,3.7
2452983,search ad,naver,파워링크,MO,04.차종+일반,그랜저장기렌트가격,,/creatives/GNA/GNA/.PNG,모바일,2026.5.19,5,0,0,0,4
2452983,search ad,naver,파워링크,MO,04.차종+일반,그랜저장기렌트가격,,/creatives/GNA/GNA/.PNG,모바일,2026.5.20,1,0,0,0,5
2452983,search ad,naver,파워링크,MO,04.차종+일반,그랜저장기렌트가격,,/creatives/GNA/GNA/.PNG,모바일,2026.5.21,1,0,0,0,5
2452983,search ad,naver,파워링크,MO,04.차종+일반,그랜저장기렌트견적,,/creatives/GNA/GNA/.PNG,모바일,2026.5.14,2,0,0,0,3.5
2452983,search ad,naver,파워링크,MO,04.차종+일반,그랜저장기렌트견적,,/creatives/GNA/GNA/.PNG,모바일,2026.5.16,4,0,0,0,1
2452983,search ad,naver,파워링크,MO,04.차종+일반,그랜저장기렌트견적,,/creatives/GNA/GNA/.PNG,모바일,2026.5.18,2,0,0,0,4
2452983,search ad,naver,파워링크,MO,04.차종+일반,그랜저장기렌트견적,,/creatives/GNA/GNA/.PNG,모바일,2026.5.19,1,0,0,0,1
2452983,search ad,naver,파워링크,MO,04.차종+일반,그랜저장기렌트비용,,/creatives/GNA/GNA/.PNG,모바일,2026.5.14,3,0,0,0,2.3
2452983,search ad,naver,파워링크,MO,04.차종+일반,그랜저장기렌트비용,,/creatives/GNA/GNA/.PNG,모바일,2026.5.15,1,0,0,0,4
2452983,search ad,naver,파워링크,MO,04.차종+일반,그랜저장기렌트비용,,/creatives/GNA/GNA/.PNG,모바일,2026.5.16,6,0,0,0,2.2
2452983,search ad,naver,파워링크,MO,04.차종+일반,그랜저장기렌트비용,,/creatives/GNA/GNA/.PNG,모바일,2026.5.18,3,0,0,0,2.3
2452983,search ad,naver,파워링크,MO,04.차종+일반,그랜저장기렌트비용,,/creatives/GNA/GNA/.PNG,모바일,2026.5.19,3,0,0,0,3
2452983,search ad,naver,파워링크,MO,04.차종+일반,그랜저장기렌트비용,,/creatives/GNA/GNA/.PNG,모바일,2026.5.20,2,0,0,0,3
2452983,search ad,naver,파워링크,MO,04.차종+일반,그랜저장기렌트비용,,/creatives/GNA/GNA/.PNG,모바일,2026.5.21,3,0,0,0,2.7
2452983,search ad,naver,파워링크,MO,04.차종+일반,니로렌트,,/creatives/GNA/GNA/.PNG,모바일,2026.5.14,1,0,0,0,2
2452983,search ad,naver,파워링크,MO,04.차종+일반,니로렌트,,/creatives/GNA/GNA/.PNG,모바일,2026.5.15,1,0,0,0,3
2452983,search ad,naver,파워링크,MO,04.차종+일반,니로렌트,,/creatives/GNA/GNA/.PNG,모바일,2026.5.16,1,0,0,0,3
2452983,search ad,naver,파워링크,MO,04.차종+일반,니로렌트,,/creatives/GNA/GNA/.PNG,모바일,2026.5.18,2,0,0,0,2.5
2452983,search ad,naver,파워링크,MO,04.차종+일반,니로장기렌트,,/creatives/GNA/GNA/.PNG,모바일,2026.5.14,1,0,0,0,3
2452983,search ad,naver,파워링크,MO,04.차종+일반,니로장기렌트,,/creatives/GNA/GNA/.PNG,모바일,2026.5.15,2,0,0,0,2
2452983,search ad,naver,파워링크,MO,04.차종+일반,니로장기렌트,,/creatives/GNA/GNA/.PNG,모바일,2026.5.16,11,0,0,0,1.8
2452983,search ad,naver,파워링크,MO,04.차종+일반,니로장기렌트,,/creatives/GNA/GNA/.PNG,모바일,2026.5.18,1,0,0,0,2
2452983,search ad,naver,파워링크,MO,04.차종+일반,니로장기렌트,,/creatives/GNA/GNA/.PNG,모바일,2026.5.19,7,0,0,0,3.9
2452983,search ad,naver,파워링크,MO,04.차종+일반,니로장기렌트가격,,/creatives/GNA/GNA/.PNG,모바일,2026.5.14,2,0,0,0,3
2452983,search ad,naver,파워링크,MO,04.차종+일반,니로장기렌트가격,,/creatives/GNA/GNA/.PNG,모바일,2026.5.19,1,0,0,0,4
2452983,search ad,naver,파워링크,MO,04.차종+일반,니로장기렌트비용,,/creatives/GNA/GNA/.PNG,모바일,2026.5.15,2,0,0,0,3.5
2452983,search ad,naver,파워링크,MO,04.차종+일반,니로장기렌트비용,,/creatives/GNA/GNA/.PNG,모바일,2026.5.16,6,0,0,0,2.5
2452983,search ad,naver,파워링크,MO,04.차종+일반,니로장기렌트비용,,/creatives/GNA/GNA/.PNG,모바일,2026.5.18,3,0,0,0,3.3
2452983,search ad,naver,파워링크,MO,04.차종+일반,니로장기렌트비용,,/creatives/GNA/GNA/.PNG,모바일,2026.5.19,1,0,0,0,3
2452983,search ad,naver,파워링크,MO,04.차종+일반,니로장기렌트비용,,/creatives/GNA/GNA/.PNG,모바일,2026.5.20,2,0,0,0,3.5
2452983,search ad,naver,파워링크,MO,04.차종+일반,니로장기렌트비용,,/creatives/GNA/GNA/.PNG,모바일,2026.5.21,1,0,0,0,5
2452983,search ad,naver,파워링크,MO,04.차종+일반,더뉴아반떼렌터카,,/creatives/GNA/GNA/.PNG,모바일,2026.5.18,1,0,0,0,4
2452983,search ad,naver,파워링크,MO,04.차종+일반,더뉴아반떼렌트,,/creatives/GNA/GNA/.PNG,모바일,2026.5.15,1,0,0,0,4
2452983,search ad,naver,파워링크,MO,04.차종+일반,더뉴아반떼렌트,,/creatives/GNA/GNA/.PNG,모바일,2026.5.18,1,0,0,0,1
2452983,search ad,naver,파워링크,MO,04.차종+일반,레이렌터카,,/creatives/GNA/GNA/.PNG,모바일,2026.5.15,2,0,0,0,2
2452983,search ad,naver,파워링크,MO,04.차종+일반,레이렌트,,/creatives/GNA/GNA/.PNG,모바일,2026.5.14,7,0,0,0,2.3
2452983,search ad,naver,파워링크,MO,04.차종+일반,레이렌트,,/creatives/GNA/GNA/.PNG,모바일,2026.5.15,20,0,0,0,2.8
2452983,search ad,naver,파워링크,MO,04.차종+일반,레이렌트,,/creatives/GNA/GNA/.PNG,모바일,2026.5.16,32,0,0,0,2.7
2452983,search ad,naver,파워링크,MO,04.차종+일반,레이렌트,,/creatives/GNA/GNA/.PNG,모바일,2026.5.18,19,0,0,0,3
2452983,search ad,naver,파워링크,MO,04.차종+일반,레이렌트,,/creatives/GNA/GNA/.PNG,모바일,2026.5.19,16,0,0,0,3.8
2452983,search ad,naver,파워링크,MO,04.차종+일반,레이렌트,,/creatives/GNA/GNA/.PNG,모바일,2026.5.20,11,0,0,0,3.6
2452983,search ad,naver,파워링크,MO,04.차종+일반,레이렌트,,/creatives/GNA/GNA/.PNG,모바일,2026.5.21,2,0,0,0,4.5
2452983,search ad,naver,파워링크,MO,04.차종+일반,레이렌트카,,/creatives/GNA/GNA/.PNG,모바일,2026.5.14,2,0,0,0,1.5
2452983,search ad,naver,파워링크,MO,04.차종+일반,레이렌트카,,/creatives/GNA/GNA/.PNG,모바일,2026.5.15,5,0,0,0,3
2452983,search ad,naver,파워링크,MO,04.차종+일반,레이렌트카,,/creatives/GNA/GNA/.PNG,모바일,2026.5.16,9,0,0,0,2
2452983,search ad,naver,파워링크,MO,04.차종+일반,레이렌트카,,/creatives/GNA/GNA/.PNG,모바일,2026.5.18,9,0,0,0,4.1
2452983,search ad,naver,파워링크,MO,04.차종+일반,레이렌트카,,/creatives/GNA/GNA/.PNG,모바일,2026.5.19,7,0,0,0,4.1
2452983,search ad,naver,파워링크,MO,04.차종+일반,레이렌트카,,/creatives/GNA/GNA/.PNG,모바일,2026.5.20,2,0,0,0,5
2452983,search ad,naver,파워링크,MO,04.차종+일반,레이렌트카,,/creatives/GNA/GNA/.PNG,모바일,2026.5.21,1,0,0,0,6
2452983,search ad,naver,파워링크,MO,04.차종+일반,레이렌트카비용,,/creatives/GNA/GNA/.PNG,모바일,2026.5.18,1,0,0,0,3
2452983,search ad,naver,파워링크,MO,04.차종+일반,레이렌트카비용,,/creatives/GNA/GNA/.PNG,모바일,2026.5.21,1,0,0,0,4
2452983,search ad,naver,파워링크,MO,04.차종+일반,레이장기렌탈,,/creatives/GNA/GNA/.PNG,모바일,2026.5.14,1,0,0,0,3
2452983,search ad,naver,파워링크,MO,04.차종+일반,레이장기렌탈,,/creatives/GNA/GNA/.PNG,모바일,2026.5.18,2,0,0,0,5
2452983,search ad,naver,파워링크,MO,04.차종+일반,레이장기렌탈,,/creatives/GNA/GNA/.PNG,모바일,2026.5.20,1,0,0,0,4
2452983,search ad,naver,파워링크,MO,04.차종+일반,레이장기렌트,,/creatives/GNA/GNA/.PNG,모바일,2026.5.14,24,1,7687,0,2.4
2452983,search ad,naver,파워링크,MO,04.차종+일반,레이장기렌트,,/creatives/GNA/GNA/.PNG,모바일,2026.5.15,23,1,7909,0,2.7
2452983,search ad,naver,파워링크,MO,04.차종+일반,레이장기렌트,,/creatives/GNA/GNA/.PNG,모바일,2026.5.16,36,1,6157,0,1.3
2452983,search ad,naver,파워링크,MO,04.차종+일반,레이장기렌트,,/creatives/GNA/GNA/.PNG,모바일,2026.5.18,62,1,6508,0,3.8
2452983,search ad,naver,파워링크,MO,04.차종+일반,레이장기렌트,,/creatives/GNA/GNA/.PNG,모바일,2026.5.19,28,0,0,0,3.3
2452983,search ad,naver,파워링크,MO,04.차종+일반,레이장기렌트,,/creatives/GNA/GNA/.PNG,모바일,2026.5.20,25,0,0,0,3.9
2452983,search ad,naver,파워링크,MO,04.차종+일반,레이장기렌트,,/creatives/GNA/GNA/.PNG,모바일,2026.5.21,21,0,0,0,3.5
2452983,search ad,naver,파워링크,MO,04.차종+일반,레이장기렌트가격,,/creatives/GNA/GNA/.PNG,모바일,2026.5.14,2,0,0,0,2
2452983,search ad,naver,파워링크,MO,04.차종+일반,레이장기렌트가격,,/creatives/GNA/GNA/.PNG,모바일,2026.5.16,3,0,0,0,2.3
2452983,search ad,naver,파워링크,MO,04.차종+일반,레이장기렌트가격,,/creatives/GNA/GNA/.PNG,모바일,2026.5.18,2,0,0,0,4
2452983,search ad,naver,파워링크,MO,04.차종+일반,레이장기렌트가격,,/creatives/GNA/GNA/.PNG,모바일,2026.5.20,1,0,0,0,3
2452983,search ad,naver,파워링크,MO,04.차종+일반,레이장기렌트견적,,/creatives/GNA/GNA/.PNG,모바일,2026.5.14,1,0,0,0,3
2452983,search ad,naver,파워링크,MO,04.차종+일반,레이장기렌트견적,,/creatives/GNA/GNA/.PNG,모바일,2026.5.16,1,0,0,0,2
2452983,search ad,naver,파워링크,MO,04.차종+일반,레이장기렌트견적,,/creatives/GNA/GNA/.PNG,모바일,2026.5.19,1,0,0,0,6
2452983,search ad,naver,파워링크,MO,04.차종+일반,레이장기렌트비용,,/creatives/GNA/GNA/.PNG,모바일,2026.5.14,13,1,6639,1,2.2
2452983,search ad,naver,파워링크,MO,04.차종+일반,레이장기렌트비용,,/creatives/GNA/GNA/.PNG,모바일,2026.5.15,9,0,0,0,3.2
2452983,search ad,naver,파워링크,MO,04.차종+일반,레이장기렌트비용,,/creatives/GNA/GNA/.PNG,모바일,2026.5.16,28,0,0,0,2.4
2452983,search ad,naver,파워링크,MO,04.차종+일반,레이장기렌트비용,,/creatives/GNA/GNA/.PNG,모바일,2026.5.18,19,0,0,0,3.1
2452983,search ad,naver,파워링크,MO,04.차종+일반,레이장기렌트비용,,/creatives/GNA/GNA/.PNG,모바일,2026.5.19,13,0,0,0,3.8
2452983,search ad,naver,파워링크,MO,04.차종+일반,레이장기렌트비용,,/creatives/GNA/GNA/.PNG,모바일,2026.5.20,9,0,0,0,3.9
2452983,search ad,naver,파워링크,MO,04.차종+일반,레이장기렌트비용,,/creatives/GNA/GNA/.PNG,모바일,2026.5.21,8,1,6704,0,2.9
2452983,search ad,naver,파워링크,MO,04.차종+일반,레이차렌트,,/creatives/GNA/GNA/.PNG,모바일,2026.5.20,2,0,0,0,3.5
2452983,search ad,naver,파워링크,MO,04.차종+일반,렉스턴렌트,,/creatives/GNA/GNA/.PNG,모바일,2026.5.16,2,0,0,0,2
2452983,search ad,naver,파워링크,MO,04.차종+일반,렉스턴렌트,,/creatives/GNA/GNA/.PNG,모바일,2026.5.19,1,0,0,0,4
2452983,search ad,naver,파워링크,MO,04.차종+일반,렉스턴렌트,,/creatives/GNA/GNA/.PNG,모바일,2026.5.20,1,0,0,0,3
2452983,search ad,naver,파워링크,MO,04.차종+일반,렉스턴장기렌트,,/creatives/GNA/GNA/.PNG,모바일,2026.5.15,2,0,0,0,1.5
2452983,search ad,naver,파워링크,MO,04.차종+일반,렉스턴장기렌트,,/creatives/GNA/GNA/.PNG,모바일,2026.5.19,2,0,0,0,3
2452983,search ad,naver,파워링크,MO,04.차종+일반,렉스턴장기렌트,,/creatives/GNA/GNA/.PNG,모바일,2026.5.20,1,0,0,0,14
2452983,search ad,naver,파워링크,MO,04.차종+일반,모닝렌터카,,/creatives/GNA/GNA/.PNG,모바일,2026.5.15,1,0,0,0,3
2452983,search ad,naver,파워링크,MO,04.차종+일반,모닝렌트,,/creatives/GNA/GNA/.PNG,모바일,2026.5.14,4,0,0,0,4
2452983,search ad,naver,파워링크,MO,04.차종+일반,모닝렌트,,/creatives/GNA/GNA/.PNG,모바일,2026.5.15,7,0,0,0,3.1
2452983,search ad,naver,파워링크,MO,04.차종+일반,모닝렌트,,/creatives/GNA/GNA/.PNG,모바일,2026.5.16,32,0,0,0,2.6
2452983,search ad,naver,파워링크,MO,04.차종+일반,모닝렌트,,/creatives/GNA/GNA/.PNG,모바일,2026.5.18,15,0,0,0,3.7
2452983,search ad,naver,파워링크,MO,04.차종+일반,모닝렌트,,/creatives/GNA/GNA/.PNG,모바일,2026.5.19,17,0,0,0,4.1
2452983,search ad,naver,파워링크,MO,04.차종+일반,모닝렌트,,/creatives/GNA/GNA/.PNG,모바일,2026.5.20,8,0,0,0,4.1
2452983,search ad,naver,파워링크,MO,04.차종+일반,모닝렌트,,/creatives/GNA/GNA/.PNG,모바일,2026.5.21,8,0,0,0,4.6
2452983,search ad,naver,파워링크,MO,04.차종+일반,모닝렌트카,,/creatives/GNA/GNA/.PNG,모바일,2026.5.16,9,0,0,0,3.1
2452983,search ad,naver,파워링크,MO,04.차종+일반,모닝렌트카,,/creatives/GNA/GNA/.PNG,모바일,2026.5.18,5,0,0,0,2.8
2452983,search ad,naver,파워링크,MO,04.차종+일반,모닝렌트카,,/creatives/GNA/GNA/.PNG,모바일,2026.5.19,3,0,0,0,4.3
2452983,search ad,naver,파워링크,MO,04.차종+일반,모닝렌트카,,/creatives/GNA/GNA/.PNG,모바일,2026.5.20,1,0,0,0,3
2452983,search ad,naver,파워링크,MO,04.차종+일반,모닝렌트카,,/creatives/GNA/GNA/.PNG,모바일,2026.5.21,2,0,0,0,2.5
2452983,search ad,naver,파워링크,MO,04.차종+일반,모닝렌트카비용,,/creatives/GNA/GNA/.PNG,모바일,2026.5.14,1,0,0,0,4
2452983,search ad,naver,파워링크,MO,04.차종+일반,모닝장기렌트,,/creatives/GNA/GNA/.PNG,모바일,2026.5.14,7,0,0,0,3.7
2452983,search ad,naver,파워링크,MO,04.차종+일반,모닝장기렌트,,/creatives/GNA/GNA/.PNG,모바일,2026.5.15,15,0,0,0,3.9
2452983,search ad,naver,파워링크,MO,04.차종+일반,모닝장기렌트,,/creatives/GNA/GNA/.PNG,모바일,2026.5.16,28,0,0,0,1.6
2452983,search ad,naver,파워링크,MO,04.차종+일반,모닝장기렌트,,/creatives/GNA/GNA/.PNG,모바일,2026.5.18,14,0,0,0,4.3
2452983,search ad,naver,파워링크,MO,04.차종+일반,모닝장기렌트,,/creatives/GNA/GNA/.PNG,모바일,2026.5.19,12,0,0,0,4.1
2452983,search ad,naver,파워링크,MO,04.차종+일반,모닝장기렌트,,/creatives/GNA/GNA/.PNG,모바일,2026.5.20,5,0,0,0,6.6
2452983,search ad,naver,파워링크,MO,04.차종+일반,모닝장기렌트,,/creatives/GNA/GNA/.PNG,모바일,2026.5.21,6,0,0,0,3.8
2452983,search ad,naver,파워링크,MO,04.차종+일반,모닝장기렌트가격,,/creatives/GNA/GNA/.PNG,모바일,2026.5.14,1,0,0,0,3
2452983,search ad,naver,파워링크,MO,04.차종+일반,모닝장기렌트가격,,/creatives/GNA/GNA/.PNG,모바일,2026.5.15,1,0,0,0,2
2452983,search ad,naver,파워링크,MO,04.차종+일반,모닝장기렌트가격,,/creatives/GNA/GNA/.PNG,모바일,2026.5.16,4,0,0,0,2.3
2452983,search ad,naver,파워링크,MO,04.차종+일반,모닝장기렌트가격,,/creatives/GNA/GNA/.PNG,모바일,2026.5.18,1,0,0,0,2
2452983,search ad,naver,파워링크,MO,04.차종+일반,모닝장기렌트가격,,/creatives/GNA/GNA/.PNG,모바일,2026.5.19,2,0,0,0,4
2452983,search ad,naver,파워링크,MO,04.차종+일반,모닝장기렌트비용,,/creatives/GNA/GNA/.PNG,모바일,2026.5.14,2,0,0,0,3.5
2452983,search ad,naver,파워링크,MO,04.차종+일반,모닝장기렌트비용,,/creatives/GNA/GNA/.PNG,모바일,2026.5.15,7,0,0,0,3.9
2452983,search ad,naver,파워링크,MO,04.차종+일반,모닝장기렌트비용,,/creatives/GNA/GNA/.PNG,모바일,2026.5.16,12,0,0,0,2.8
2452983,search ad,naver,파워링크,MO,04.차종+일반,모닝장기렌트비용,,/creatives/GNA/GNA/.PNG,모바일,2026.5.18,22,0,0,0,5.6
2452983,search ad,naver,파워링크,MO,04.차종+일반,모닝장기렌트비용,,/creatives/GNA/GNA/.PNG,모바일,2026.5.19,4,0,0,0,3.5
2452983,search ad,naver,파워링크,MO,04.차종+일반,모닝장기렌트비용,,/creatives/GNA/GNA/.PNG,모바일,2026.5.20,6,0,0,0,4.2
2452983,search ad,naver,파워링크,MO,04.차종+일반,모닝장기렌트비용,,/creatives/GNA/GNA/.PNG,모바일,2026.5.21,3,0,0,0,4.3
2452983,search ad,naver,파워링크,MO,04.차종+일반,셀토스렌트,,/creatives/GNA/GNA/.PNG,모바일,2026.5.14,4,0,0,0,3.5
2452983,search ad,naver,파워링크,MO,04.차종+일반,셀토스렌트,,/creatives/GNA/GNA/.PNG,모바일,2026.5.15,6,0,0,0,2.5
2452983,search ad,naver,파워링크,MO,04.차종+일반,셀토스렌트,,/creatives/GNA/GNA/.PNG,모바일,2026.5.16,20,0,0,0,2.1
2452983,search ad,naver,파워링크,MO,04.차종+일반,셀토스렌트,,/creatives/GNA/GNA/.PNG,모바일,2026.5.18,7,1,3218,0,2.6
2452983,search ad,naver,파워링크,MO,04.차종+일반,셀토스렌트,,/creatives/GNA/GNA/.PNG,모바일,2026.5.19,10,0,0,0,4.8
2452983,search ad,naver,파워링크,MO,04.차종+일반,셀토스렌트,,/creatives/GNA/GNA/.PNG,모바일,2026.5.20,5,0,0,0,4.4
2452983,search ad,naver,파워링크,MO,04.차종+일반,셀토스렌트카,,/creatives/GNA/GNA/.PNG,모바일,2026.5.14,1,0,0,0,3
2452983,search ad,naver,파워링크,MO,04.차종+일반,셀토스렌트카,,/creatives/GNA/GNA/.PNG,모바일,2026.5.15,2,1,5491,0,3
2452983,search ad,naver,파워링크,MO,04.차종+일반,셀토스렌트카,,/creatives/GNA/GNA/.PNG,모바일,2026.5.16,5,0,0,0,2
2452983,search ad,naver,파워링크,MO,04.차종+일반,셀토스렌트카,,/creatives/GNA/GNA/.PNG,모바일,2026.5.18,5,0,0,0,4.2
2452983,search ad,naver,파워링크,MO,04.차종+일반,셀토스렌트카,,/creatives/GNA/GNA/.PNG,모바일,2026.5.19,8,0,0,0,3.6
2452983,search ad,naver,파워링크,MO,04.차종+일반,셀토스렌트카,,/creatives/GNA/GNA/.PNG,모바일,2026.5.20,5,0,0,0,2.6
2452983,search ad,naver,파워링크,MO,04.차종+일반,셀토스렌트카,,/creatives/GNA/GNA/.PNG,모바일,2026.5.21,2,0,0,0,2
2452983,search ad,naver,파워링크,MO,04.차종+일반,셀토스장기렌트,,/creatives/GNA/GNA/.PNG,모바일,2026.5.14,16,0,0,0,3.8
2452983,search ad,naver,파워링크,MO,04.차종+일반,셀토스장기렌트,,/creatives/GNA/GNA/.PNG,모바일,2026.5.15,20,0,0,0,3.4
2452983,search ad,naver,파워링크,MO,04.차종+일반,셀토스장기렌트,,/creatives/GNA/GNA/.PNG,모바일,2026.5.16,46,0,0,0,3.2
2452983,search ad,naver,파워링크,MO,04.차종+일반,셀토스장기렌트,,/creatives/GNA/GNA/.PNG,모바일,2026.5.18,26,0,0,0,4.4
2452983,search ad,naver,파워링크,MO,04.차종+일반,셀토스장기렌트,,/creatives/GNA/GNA/.PNG,모바일,2026.5.19,16,0,0,0,4.7
2452983,search ad,naver,파워링크,MO,04.차종+일반,셀토스장기렌트,,/creatives/GNA/GNA/.PNG,모바일,2026.5.20,6,0,0,0,5.7
2452983,search ad,naver,파워링크,MO,04.차종+일반,셀토스장기렌트,,/creatives/GNA/GNA/.PNG,모바일,2026.5.21,6,1,11064,0,3.2
2452983,search ad,naver,파워링크,MO,04.차종+일반,셀토스장기렌트가격,,/creatives/GNA/GNA/.PNG,모바일,2026.5.16,1,0,0,0,4
2452983,search ad,naver,파워링크,MO,04.차종+일반,셀토스장기렌트견적,,/creatives/GNA/GNA/.PNG,모바일,2026.5.15,1,0,0,0,2
2452983,search ad,naver,파워링크,MO,04.차종+일반,셀토스장기렌트견적,,/creatives/GNA/GNA/.PNG,모바일,2026.5.20,1,0,0,0,4
2452983,search ad,naver,파워링크,MO,04.차종+일반,셀토스장기렌트비용,,/creatives/GNA/GNA/.PNG,모바일,2026.5.14,1,0,0,0,3
2452983,search ad,naver,파워링크,MO,04.차종+일반,셀토스장기렌트비용,,/creatives/GNA/GNA/.PNG,모바일,2026.5.16,8,0,0,0,2.6
2452983,search ad,naver,파워링크,MO,04.차종+일반,셀토스장기렌트비용,,/creatives/GNA/GNA/.PNG,모바일,2026.5.18,5,0,0,0,3.2
2452983,search ad,naver,파워링크,MO,04.차종+일반,셀토스장기렌트비용,,/creatives/GNA/GNA/.PNG,모바일,2026.5.19,6,0,0,0,3.7
2452983,search ad,naver,파워링크,MO,04.차종+일반,소나타디엣지렌터카,,/creatives/GNA/GNA/.PNG,모바일,2026.5.14,1,0,0,0,2
2452983,search ad,naver,파워링크,MO,04.차종+일반,소나타디엣지렌트카,,/creatives/GNA/GNA/.PNG,모바일,2026.5.14,1,0,0,0,1
2452983,search ad,naver,파워링크,MO,04.차종+일반,소나타디엣지장기렌트,,/creatives/GNA/GNA/.PNG,모바일,2026.5.15,1,0,0,0,3
2452983,search ad,naver,파워링크,MO,04.차종+일반,소나타디엣지장기렌트,,/creatives/GNA/GNA/.PNG,모바일,2026.5.16,1,0,0,0,1
2452983,search ad,naver,파워링크,MO,04.차종+일반,소나타렌트,,/creatives/GNA/GNA/.PNG,모바일,2026.5.14,3,0,0,0,3.3
2452983,search ad,naver,파워링크,MO,04.차종+일반,소나타렌트,,/creatives/GNA/GNA/.PNG,모바일,2026.5.15,1,0,0,0,5
2452983,search ad,naver,파워링크,MO,04.차종+일반,소나타렌트,,/creatives/GNA/GNA/.PNG,모바일,2026.5.16,2,0,0,0,3
2452983,search ad,naver,파워링크,MO,04.차종+일반,소나타렌트,,/creatives/GNA/GNA/.PNG,모바일,2026.5.18,3,0,0,0,3.7
2452983,search ad,naver,파워링크,MO,04.차종+일반,소나타렌트,,/creatives/GNA/GNA/.PNG,모바일,2026.5.19,1,0,0,0,3
2452983,search ad,naver,파워링크,MO,04.차종+일반,소나타렌트카,,/creatives/GNA/GNA/.PNG,모바일,2026.5.14,1,0,0,0,3
2452983,search ad,naver,파워링크,MO,04.차종+일반,소나타렌트카,,/creatives/GNA/GNA/.PNG,모바일,2026.5.16,1,0,0,0,3
2452983,search ad,naver,파워링크,MO,04.차종+일반,소나타렌트카,,/creatives/GNA/GNA/.PNG,모바일,2026.5.19,2,0,0,0,3
2452983,search ad,naver,파워링크,MO,04.차종+일반,소나타장기렌트,,/creatives/GNA/GNA/.PNG,모바일,2026.5.14,4,0,0,0,2
2452983,search ad,naver,파워링크,MO,04.차종+일반,소나타장기렌트,,/creatives/GNA/GNA/.PNG,모바일,2026.5.15,4,0,0,0,3.3
2452983,search ad,naver,파워링크,MO,04.차종+일반,소나타장기렌트,,/creatives/GNA/GNA/.PNG,모바일,2026.5.16,11,0,0,0,1.7
2452983,search ad,naver,파워링크,MO,04.차종+일반,소나타장기렌트,,/creatives/GNA/GNA/.PNG,모바일,2026.5.18,3,0,0,0,8
2452983,search ad,naver,파워링크,MO,04.차종+일반,소나타장기렌트,,/creatives/GNA/GNA/.PNG,모바일,2026.5.19,8,0,0,0,3.6
2452983,search ad,naver,파워링크,MO,04.차종+일반,소나타장기렌트,,/creatives/GNA/GNA/.PNG,모바일,2026.5.20,3,0,0,0,3
2452983,search ad,naver,파워링크,MO,04.차종+일반,소나타장기렌트가격,,/creatives/GNA/GNA/.PNG,모바일,2026.5.18,1,0,0,0,3
2452983,search ad,naver,파워링크,MO,04.차종+일반,소나타장기렌트견적,,/creatives/GNA/GNA/.PNG,모바일,2026.5.19,1,0,0,0,4
2452983,search ad,naver,파워링크,MO,04.차종+일반,소나타장기렌트비용,,/creatives/GNA/GNA/.PNG,모바일,2026.5.16,1,0,0,0,2
2452983,search ad,naver,파워링크,MO,04.차종+일반,소나타장기렌트비용,,/creatives/GNA/GNA/.PNG,모바일,2026.5.19,1,0,0,0,2
2452983,search ad,naver,파워링크,MO,04.차종+일반,스타리아렌트,,/creatives/GNA/GNA/.PNG,모바일,2026.5.14,23,0,0,0,2.7
2452983,search ad,naver,파워링크,MO,04.차종+일반,스타리아렌트,,/creatives/GNA/GNA/.PNG,모바일,2026.5.15,22,0,0,0,4.3
2452983,search ad,naver,파워링크,MO,04.차종+일반,스타리아렌트,,/creatives/GNA/GNA/.PNG,모바일,2026.5.16,52,0,0,0,2.9
2452983,search ad,naver,파워링크,MO,04.차종+일반,스타리아렌트,,/creatives/GNA/GNA/.PNG,모바일,2026.5.18,70,0,0,0,3.7
2452983,search ad,naver,파워링크,MO,04.차종+일반,스타리아렌트,,/creatives/GNA/GNA/.PNG,모바일,2026.5.19,59,0,0,0,2.6
2452983,search ad,naver,파워링크,MO,04.차종+일반,스타리아렌트,,/creatives/GNA/GNA/.PNG,모바일,2026.5.20,38,0,0,0,2.7
2452983,search ad,naver,파워링크,MO,04.차종+일반,스타리아렌트,,/creatives/GNA/GNA/.PNG,모바일,2026.5.21,31,0,0,0,2.9
2452983,search ad,naver,파워링크,MO,04.차종+일반,스타리아렌트카,,/creatives/GNA/GNA/.PNG,모바일,2026.5.14,2,0,0,0,2
2452983,search ad,naver,파워링크,MO,04.차종+일반,스타리아렌트카,,/creatives/GNA/GNA/.PNG,모바일,2026.5.15,4,0,0,0,4.3
2452983,search ad,naver,파워링크,MO,04.차종+일반,스타리아렌트카,,/creatives/GNA/GNA/.PNG,모바일,2026.5.16,12,0,0,0,3
2452983,search ad,naver,파워링크,MO,04.차종+일반,스타리아렌트카,,/creatives/GNA/GNA/.PNG,모바일,2026.5.18,8,0,0,0,4
2452983,search ad,naver,파워링크,MO,04.차종+일반,스타리아렌트카,,/creatives/GNA/GNA/.PNG,모바일,2026.5.19,10,0,0,0,4.3
2452983,search ad,naver,파워링크,MO,04.차종+일반,스타리아렌트카,,/creatives/GNA/GNA/.PNG,모바일,2026.5.20,7,0,0,0,4.3
2452983,search ad,naver,파워링크,MO,04.차종+일반,스타리아렌트카,,/creatives/GNA/GNA/.PNG,모바일,2026.5.21,4,0,0,0,3.5
2452983,search ad,naver,파워링크,MO,04.차종+일반,스타리아렌트카비용,,/creatives/GNA/GNA/.PNG,모바일,2026.5.16,3,0,0,0,2.7
2452983,search ad,naver,파워링크,MO,04.차종+일반,스타리아렌트카비용,,/creatives/GNA/GNA/.PNG,모바일,2026.5.18,2,0,0,0,1
2452983,search ad,naver,파워링크,MO,04.차종+일반,스타리아렌트카비용,,/creatives/GNA/GNA/.PNG,모바일,2026.5.19,1,0,0,0,1
2452983,search ad,naver,파워링크,MO,04.차종+일반,스타리아렌트카비용,,/creatives/GNA/GNA/.PNG,모바일,2026.5.20,2,0,0,0,2
2452983,search ad,naver,파워링크,MO,04.차종+일반,스타리아장기렌트,,/creatives/GNA/GNA/.PNG,모바일,2026.5.14,9,0,0,0,4.1
2452983,search ad,naver,파워링크,MO,04.차종+일반,스타리아장기렌트,,/creatives/GNA/GNA/.PNG,모바일,2026.5.15,10,0,0,0,5.2
2452983,search ad,naver,파워링크,MO,04.차종+일반,스타리아장기렌트,,/creatives/GNA/GNA/.PNG,모바일,2026.5.16,15,1,8311,0,3
2452983,search ad,naver,파워링크,MO,04.차종+일반,스타리아장기렌트,,/creatives/GNA/GNA/.PNG,모바일,2026.5.18,10,0,0,0,5.1
2452983,search ad,naver,파워링크,MO,04.차종+일반,스타리아장기렌트,,/creatives/GNA/GNA/.PNG,모바일,2026.5.19,8,0,0,0,6
2452983,search ad,naver,파워링크,MO,04.차종+일반,스타리아장기렌트,,/creatives/GNA/GNA/.PNG,모바일,2026.5.20,5,0,0,0,7.4
2452983,search ad,naver,파워링크,MO,04.차종+일반,스타리아장기렌트,,/creatives/GNA/GNA/.PNG,모바일,2026.5.21,1,0,0,0,6
2452983,search ad,naver,파워링크,MO,04.차종+일반,스타리아장기렌트비용,,/creatives/GNA/GNA/.PNG,모바일,2026.5.14,1,0,0,0,3
2452983,search ad,naver,파워링크,MO,04.차종+일반,스타리아장기렌트비용,,/creatives/GNA/GNA/.PNG,모바일,2026.5.16,2,0,0,0,2
2452983,search ad,naver,파워링크,MO,04.차종+일반,스타리아장기렌트비용,,/creatives/GNA/GNA/.PNG,모바일,2026.5.18,6,0,0,0,4.2
2452983,search ad,naver,파워링크,MO,04.차종+일반,스타리아장기렌트비용,,/creatives/GNA/GNA/.PNG,모바일,2026.5.19,5,0,0,0,2.6
2452983,search ad,naver,파워링크,MO,04.차종+일반,스타리아하이브리드렌트,,/creatives/GNA/GNA/.PNG,모바일,2026.5.16,4,0,0,0,2.5
2452983,search ad,naver,파워링크,MO,04.차종+일반,스타리아하이브리드렌트카,,/creatives/GNA/GNA/.PNG,모바일,2026.5.16,1,0,0,0,3
2452983,search ad,naver,파워링크,MO,04.차종+일반,스타리아하이브리드장기렌트,,/creatives/GNA/GNA/.PNG,모바일,2026.5.16,3,1,3537,0,1
2452983,search ad,naver,파워링크,MO,04.차종+일반,스타리아하이브리드장기렌트,,/creatives/GNA/GNA/.PNG,모바일,2026.5.18,6,0,0,0,2.5
2452983,search ad,naver,파워링크,MO,04.차종+일반,스포티지렌트,,/creatives/GNA/GNA/.PNG,모바일,2026.5.14,3,0,0,0,3.3
2452983,search ad,naver,파워링크,MO,04.차종+일반,스포티지렌트,,/creatives/GNA/GNA/.PNG,모바일,2026.5.15,7,0,0,0,4.4
2452983,search ad,naver,파워링크,MO,04.차종+일반,스포티지렌트,,/creatives/GNA/GNA/.PNG,모바일,2026.5.16,14,0,0,0,2.4
2452983,search ad,naver,파워링크,MO,04.차종+일반,스포티지렌트,,/creatives/GNA/GNA/.PNG,모바일,2026.5.18,4,0,0,0,3.8
2452983,search ad,naver,파워링크,MO,04.차종+일반,스포티지렌트,,/creatives/GNA/GNA/.PNG,모바일,2026.5.19,2,0,0,0,4.5
2452983,search ad,naver,파워링크,MO,04.차종+일반,스포티지렌트,,/creatives/GNA/GNA/.PNG,모바일,2026.5.20,4,0,0,0,3
2452983,search ad,naver,파워링크,MO,04.차종+일반,스포티지렌트카,,/creatives/GNA/GNA/.PNG,모바일,2026.5.14,1,0,0,0,5
2452983,search ad,naver,파워링크,MO,04.차종+일반,스포티지렌트카,,/creatives/GNA/GNA/.PNG,모바일,2026.5.15,1,0,0,0,3
2452983,search ad,naver,파워링크,MO,04.차종+일반,스포티지렌트카,,/creatives/GNA/GNA/.PNG,모바일,2026.5.16,2,0,0,0,2.5
2452983,search ad,naver,파워링크,MO,04.차종+일반,스포티지렌트카,,/creatives/GNA/GNA/.PNG,모바일,2026.5.18,1,0,0,0,3
2452983,search ad,naver,파워링크,MO,04.차종+일반,스포티지렌트카,,/creatives/GNA/GNA/.PNG,모바일,2026.5.19,7,0,0,0,2.3
2452983,search ad,naver,파워링크,MO,04.차종+일반,스포티지렌트카비용,,/creatives/GNA/GNA/.PNG,모바일,2026.5.14,1,0,0,0,2
2452983,search ad,naver,파워링크,MO,04.차종+일반,스포티지렌트카비용,,/creatives/GNA/GNA/.PNG,모바일,2026.5.15,2,0,0,0,2
2452983,search ad,naver,파워링크,MO,04.차종+일반,스포티지렌트카비용,,/creatives/GNA/GNA/.PNG,모바일,2026.5.16,1,0,0,0,2
2452983,search ad,naver,파워링크,MO,04.차종+일반,스포티지렌트카비용,,/creatives/GNA/GNA/.PNG,모바일,2026.5.18,6,0,0,0,3
2452983,search ad,naver,파워링크,MO,04.차종+일반,스포티지렌트카비용,,/creatives/GNA/GNA/.PNG,모바일,2026.5.19,5,0,0,0,3
2452983,search ad,naver,파워링크,MO,04.차종+일반,스포티지렌트카비용,,/creatives/GNA/GNA/.PNG,모바일,2026.5.20,8,0,0,0,3
2452983,search ad,naver,파워링크,MO,04.차종+일반,스포티지렌트카비용,,/creatives/GNA/GNA/.PNG,모바일,2026.5.21,1,0,0,0,3
2452983,search ad,naver,파워링크,MO,04.차종+일반,스포티지장기렌트,,/creatives/GNA/GNA/.PNG,모바일,2026.5.14,11,0,0,0,1.6
2452983,search ad,naver,파워링크,MO,04.차종+일반,스포티지장기렌트,,/creatives/GNA/GNA/.PNG,모바일,2026.5.15,9,0,0,0,4
2452983,search ad,naver,파워링크,MO,04.차종+일반,스포티지장기렌트,,/creatives/GNA/GNA/.PNG,모바일,2026.5.16,24,0,0,0,3.6
2452983,search ad,naver,파워링크,MO,04.차종+일반,스포티지장기렌트,,/creatives/GNA/GNA/.PNG,모바일,2026.5.18,7,0,0,0,3.4
2452983,search ad,naver,파워링크,MO,04.차종+일반,스포티지장기렌트,,/creatives/GNA/GNA/.PNG,모바일,2026.5.19,6,0,0,0,4.5
2452983,search ad,naver,파워링크,MO,04.차종+일반,스포티지장기렌트,,/creatives/GNA/GNA/.PNG,모바일,2026.5.20,3,0,0,0,4
2452983,search ad,naver,파워링크,MO,04.차종+일반,스포티지장기렌트,,/creatives/GNA/GNA/.PNG,모바일,2026.5.21,2,0,0,0,5
2452983,search ad,naver,파워링크,MO,04.차종+일반,스포티지장기렌트가격,,/creatives/GNA/GNA/.PNG,모바일,2026.5.14,1,0,0,0,1
2452983,search ad,naver,파워링크,MO,04.차종+일반,스포티지장기렌트가격,,/creatives/GNA/GNA/.PNG,모바일,2026.5.15,2,0,0,0,3
2452983,search ad,naver,파워링크,MO,04.차종+일반,스포티지장기렌트가격,,/creatives/GNA/GNA/.PNG,모바일,2026.5.18,5,0,0,0,3.8
2452983,search ad,naver,파워링크,MO,04.차종+일반,스포티지장기렌트가격,,/creatives/GNA/GNA/.PNG,모바일,2026.5.19,7,0,0,0,3.4
2452983,search ad,naver,파워링크,MO,04.차종+일반,스포티지장기렌트견적,,/creatives/GNA/GNA/.PNG,모바일,2026.5.16,3,0,0,0,2.7
2452983,search ad,naver,파워링크,MO,04.차종+일반,스포티지장기렌트견적,,/creatives/GNA/GNA/.PNG,모바일,2026.5.18,5,0,0,0,2.6
2452983,search ad,naver,파워링크,MO,04.차종+일반,스포티지장기렌트견적,,/creatives/GNA/GNA/.PNG,모바일,2026.5.20,3,0,0,0,5
2452983,search ad,naver,파워링크,MO,04.차종+일반,스포티지장기렌트비용,,/creatives/GNA/GNA/.PNG,모바일,2026.5.16,1,0,0,0,3
2452983,search ad,naver,파워링크,MO,04.차종+일반,스포티지장기렌트비용,,/creatives/GNA/GNA/.PNG,모바일,2026.5.18,2,0,0,0,3.5
2452983,search ad,naver,파워링크,MO,04.차종+일반,쏘나타디엣지렌트,,/creatives/GNA/GNA/.PNG,모바일,2026.5.16,1,0,0,0,1
2452983,search ad,naver,파워링크,MO,04.차종+일반,쏘나타디엣지렌트,,/creatives/GNA/GNA/.PNG,모바일,2026.5.18,2,0,0,0,3.5
2452983,search ad,naver,파워링크,MO,04.차종+일반,쏘나타디엣지렌트카,,/creatives/GNA/GNA/.PNG,모바일,2026.5.14,1,0,0,0,2
2452983,search ad,naver,파워링크,MO,04.차종+일반,쏘나타디엣지렌트카,,/creatives/GNA/GNA/.PNG,모바일,2026.5.20,1,0,0,0,3
2452983,search ad,naver,파워링크,MO,04.차종+일반,쏘나타디엣지장기렌트,,/creatives/GNA/GNA/.PNG,모바일,2026.5.16,1,0,0,0,1
2452983,search ad,naver,파워링크,MO,04.차종+일반,쏘나타렌트,,/creatives/GNA/GNA/.PNG,모바일,2026.5.16,1,0,0,0,1
2452983,search ad,naver,파워링크,MO,04.차종+일반,쏘나타렌트카,,/creatives/GNA/GNA/.PNG,모바일,2026.5.16,2,0,0,0,2
2452983,search ad,naver,파워링크,MO,04.차종+일반,쏘나타렌트카,,/creatives/GNA/GNA/.PNG,모바일,2026.5.20,1,0,0,0,3
2452983,search ad,naver,파워링크,MO,04.차종+일반,쏘나타장기렌트,,/creatives/GNA/GNA/.PNG,모바일,2026.5.15,3,0,0,0,3.7
2452983,search ad,naver,파워링크,MO,04.차종+일반,쏘나타장기렌트,,/creatives/GNA/GNA/.PNG,모바일,2026.5.16,6,0,0,0,1.3
2452983,search ad,naver,파워링크,MO,04.차종+일반,쏘나타장기렌트,,/creatives/GNA/GNA/.PNG,모바일,2026.5.18,10,0,0,0,4
2452983,search ad,naver,파워링크,MO,04.차종+일반,쏘나타장기렌트,,/creatives/GNA/GNA/.PNG,모바일,2026.5.19,2,1,9046,0,2
2452983,search ad,naver,파워링크,MO,04.차종+일반,쏘나타장기렌트,,/creatives/GNA/GNA/.PNG,모바일,2026.5.20,1,0,0,0,3
2452983,search ad,naver,파워링크,MO,04.차종+일반,쏘나타장기렌트,,/creatives/GNA/GNA/.PNG,모바일,2026.5.21,1,0,0,0,4
2452983,search ad,naver,파워링크,MO,04.차종+일반,쏘나타장기렌트비용,,/creatives/GNA/GNA/.PNG,모바일,2026.5.16,2,0,0,0,1
2452983,search ad,naver,파워링크,MO,04.차종+일반,쏘렌토렌트,,/creatives/GNA/GNA/.PNG,모바일,2026.5.14,4,0,0,0,1.5
2452983,search ad,naver,파워링크,MO,04.차종+일반,쏘렌토렌트,,/creatives/GNA/GNA/.PNG,모바일,2026.5.15,17,0,0,0,3.9
2452983,search ad,naver,파워링크,MO,04.차종+일반,쏘렌토렌트,,/creatives/GNA/GNA/.PNG,모바일,2026.5.16,19,0,0,0,2.8
2452983,search ad,naver,파워링크,MO,04.차종+일반,쏘렌토렌트,,/creatives/GNA/GNA/.PNG,모바일,2026.5.18,9,0,0,0,3.1
2452983,search ad,naver,파워링크,MO,04.차종+일반,쏘렌토렌트,,/creatives/GNA/GNA/.PNG,모바일,2026.5.19,9,1,4600,0,3.8
2452983,search ad,naver,파워링크,MO,04.차종+일반,쏘렌토렌트,,/creatives/GNA/GNA/.PNG,모바일,2026.5.20,2,0,0,0,4.5
2452983,search ad,naver,파워링크,MO,04.차종+일반,쏘렌토렌트카,,/creatives/GNA/GNA/.PNG,모바일,2026.5.14,2,0,0,0,1
2452983,search ad,naver,파워링크,MO,04.차종+일반,쏘렌토렌트카,,/creatives/GNA/GNA/.PNG,모바일,2026.5.15,2,0,0,0,3.5
2452983,search ad,naver,파워링크,MO,04.차종+일반,쏘렌토렌트카,,/creatives/GNA/GNA/.PNG,모바일,2026.5.16,3,0,0,0,2
2452983,search ad,naver,파워링크,MO,04.차종+일반,쏘렌토렌트카,,/creatives/GNA/GNA/.PNG,모바일,2026.5.18,1,0,0,0,4
2452983,search ad,naver,파워링크,MO,04.차종+일반,쏘렌토렌트카,,/creatives/GNA/GNA/.PNG,모바일,2026.5.19,1,0,0,0,1
2452983,search ad,naver,파워링크,MO,04.차종+일반,쏘렌토렌트카,,/creatives/GNA/GNA/.PNG,모바일,2026.5.21,1,0,0,0,4
2452983,search ad,naver,파워링크,MO,04.차종+일반,쏘렌토장기렌탈,,/creatives/GNA/GNA/.PNG,모바일,2026.5.18,1,0,0,0,2
2452983,search ad,naver,파워링크,MO,04.차종+일반,쏘렌토장기렌트,,/creatives/GNA/GNA/.PNG,모바일,2026.5.14,13,1,9028,0,1.5
2452983,search ad,naver,파워링크,MO,04.차종+일반,쏘렌토장기렌트,,/creatives/GNA/GNA/.PNG,모바일,2026.5.15,13,0,0,0,2.4
2452983,search ad,naver,파워링크,MO,04.차종+일반,쏘렌토장기렌트,,/creatives/GNA/GNA/.PNG,모바일,2026.5.16,39,0,0,0,2.3
2452983,search ad,naver,파워링크,MO,04.차종+일반,쏘렌토장기렌트,,/creatives/GNA/GNA/.PNG,모바일,2026.5.18,25,0,0,0,3.4
2452983,search ad,naver,파워링크,MO,04.차종+일반,쏘렌토장기렌트,,/creatives/GNA/GNA/.PNG,모바일,2026.5.19,26,0,0,0,3.7
2452983,search ad,naver,파워링크,MO,04.차종+일반,쏘렌토장기렌트,,/creatives/GNA/GNA/.PNG,모바일,2026.5.20,6,0,0,0,4.2
2452983,search ad,naver,파워링크,MO,04.차종+일반,쏘렌토장기렌트,,/creatives/GNA/GNA/.PNG,모바일,2026.5.21,9,0,0,0,5.4
2452983,search ad,naver,파워링크,MO,04.차종+일반,쏘렌토장기렌트가격,,/creatives/GNA/GNA/.PNG,모바일,2026.5.14,3,0,0,0,2.3
2452983,search ad,naver,파워링크,MO,04.차종+일반,쏘렌토장기렌트가격,,/creatives/GNA/GNA/.PNG,모바일,2026.5.15,1,0,0,0,1
2452983,search ad,naver,파워링크,MO,04.차종+일반,쏘렌토장기렌트가격,,/creatives/GNA/GNA/.PNG,모바일,2026.5.16,4,2,8135,0,1
2452983,search ad,naver,파워링크,MO,04.차종+일반,쏘렌토장기렌트가격,,/creatives/GNA/GNA/.PNG,모바일,2026.5.19,2,0,0,0,3
2452983,search ad,naver,파워링크,MO,04.차종+일반,쏘렌토장기렌트가격,,/creatives/GNA/GNA/.PNG,모바일,2026.5.20,1,0,0,0,2
2452983,search ad,naver,파워링크,MO,04.차종+일반,쏘렌토장기렌트견적,,/creatives/GNA/GNA/.PNG,모바일,2026.5.14,3,0,0,0,1.7
2452983,search ad,naver,파워링크,MO,04.차종+일반,쏘렌토장기렌트견적,,/creatives/GNA/GNA/.PNG,모바일,2026.5.16,5,0,0,0,1.4
2452983,search ad,naver,파워링크,MO,04.차종+일반,쏘렌토장기렌트견적,,/creatives/GNA/GNA/.PNG,모바일,2026.5.19,2,0,0,0,4
2452983,search ad,naver,파워링크,MO,04.차종+일반,쏘렌토장기렌트비용,,/creatives/GNA/GNA/.PNG,모바일,2026.5.14,4,0,0,0,2
2452983,search ad,naver,파워링크,MO,04.차종+일반,쏘렌토장기렌트비용,,/creatives/GNA/GNA/.PNG,모바일,2026.5.15,7,0,0,0,3.3
2452983,search ad,naver,파워링크,MO,04.차종+일반,쏘렌토장기렌트비용,,/creatives/GNA/GNA/.PNG,모바일,2026.5.16,17,2,13887,1,2.4
2452983,search ad,naver,파워링크,MO,04.차종+일반,쏘렌토장기렌트비용,,/creatives/GNA/GNA/.PNG,모바일,2026.5.18,19,0,0,0,2.8
2452983,search ad,naver,파워링크,MO,04.차종+일반,쏘렌토장기렌트비용,,/creatives/GNA/GNA/.PNG,모바일,2026.5.19,9,0,0,0,3.1
2452983,search ad,naver,파워링크,MO,04.차종+일반,쏘렌토장기렌트비용,,/creatives/GNA/GNA/.PNG,모바일,2026.5.20,4,0,0,0,3
2452983,search ad,naver,파워링크,MO,04.차종+일반,쏘렌토장기렌트비용,,/creatives/GNA/GNA/.PNG,모바일,2026.5.21,2,0,0,0,3
2452983,search ad,naver,파워링크,MO,04.차종+일반,쏠라티렌터카,,/creatives/GNA/GNA/.PNG,모바일,2026.5.16,2,0,0,0,3.5
2452983,search ad,naver,파워링크,MO,04.차종+일반,쏠라티렌터카,,/creatives/GNA/GNA/.PNG,모바일,2026.5.18,3,0,0,0,1
2452983,search ad,naver,파워링크,MO,04.차종+일반,쏠라티렌터카,,/creatives/GNA/GNA/.PNG,모바일,2026.5.19,1,0,0,0,4
2452983,search ad,naver,파워링크,MO,04.차종+일반,쏠라티렌터카,,/creatives/GNA/GNA/.PNG,모바일,2026.5.20,16,0,0,0,10.8
2452983,search ad,naver,파워링크,MO,04.차종+일반,쏠라티렌트,,/creatives/GNA/GNA/.PNG,모바일,2026.5.14,33,0,0,0,2
2452983,search ad,naver,파워링크,MO,04.차종+일반,쏠라티렌트,,/creatives/GNA/GNA/.PNG,모바일,2026.5.15,44,0,0,0,3
2452983,search ad,naver,파워링크,MO,04.차종+일반,쏠라티렌트,,/creatives/GNA/GNA/.PNG,모바일,2026.5.16,99,1,3395,0,1.9
2452983,search ad,naver,파워링크,MO,04.차종+일반,쏠라티렌트,,/creatives/GNA/GNA/.PNG,모바일,2026.5.18,71,0,0,0,2.3
2452983,search ad,naver,파워링크,MO,04.차종+일반,쏠라티렌트,,/creatives/GNA/GNA/.PNG,모바일,2026.5.19,96,0,0,0,2.8
2452983,search ad,naver,파워링크,MO,04.차종+일반,쏠라티렌트,,/creatives/GNA/GNA/.PNG,모바일,2026.5.20,46,0,0,0,3.3
2452983,search ad,naver,파워링크,MO,04.차종+일반,쏠라티렌트,,/creatives/GNA/GNA/.PNG,모바일,2026.5.21,27,1,4306,0,3.4
2452983,search ad,naver,파워링크,MO,04.차종+일반,쏠라티렌트카,,/creatives/GNA/GNA/.PNG,모바일,2026.5.14,8,0,0,0,2.8
2452983,search ad,naver,파워링크,MO,04.차종+일반,쏠라티렌트카,,/creatives/GNA/GNA/.PNG,모바일,2026.5.15,11,0,0,0,1.8
2452983,search ad,naver,파워링크,MO,04.차종+일반,쏠라티렌트카,,/creatives/GNA/GNA/.PNG,모바일,2026.5.16,22,1,3181,0,2.4
2452983,search ad,naver,파워링크,MO,04.차종+일반,쏠라티렌트카,,/creatives/GNA/GNA/.PNG,모바일,2026.5.18,18,0,0,0,3.6
2452983,search ad,naver,파워링크,MO,04.차종+일반,쏠라티렌트카,,/creatives/GNA/GNA/.PNG,모바일,2026.5.19,12,0,0,0,4.8
2452983,search ad,naver,파워링크,MO,04.차종+일반,쏠라티렌트카,,/creatives/GNA/GNA/.PNG,모바일,2026.5.20,3,0,0,0,4.7
2452983,search ad,naver,파워링크,MO,04.차종+일반,쏠라티렌트카비용,,/creatives/GNA/GNA/.PNG,모바일,2026.5.16,2,0,0,0,2.5
2452983,search ad,naver,파워링크,MO,04.차종+일반,쏠라티렌트카비용,,/creatives/GNA/GNA/.PNG,모바일,2026.5.18,3,0,0,0,3.7
2452983,search ad,naver,파워링크,MO,04.차종+일반,쏠라티장기렌트,,/creatives/GNA/GNA/.PNG,모바일,2026.5.16,2,0,0,0,1.5
2452983,search ad,naver,파워링크,MO,04.차종+일반,쏠라티장기렌트,,/creatives/GNA/GNA/.PNG,모바일,2026.5.18,2,0,0,0,4
2452983,search ad,naver,파워링크,MO,04.차종+일반,쏠라티장기렌트,,/creatives/GNA/GNA/.PNG,모바일,2026.5.20,1,0,0,0,3
2452983,search ad,naver,파워링크,MO,04.차종+일반,쏠라티장기렌트,,/creatives/GNA/GNA/.PNG,모바일,2026.5.21,1,0,0,0,4
2452983,search ad,naver,파워링크,MO,04.차종+일반,아르카나렌트,,/creatives/GNA/GNA/.PNG,모바일,2026.5.15,1,0,0,0,1
2452983,search ad,naver,파워링크,MO,04.차종+일반,아르카나렌트,,/creatives/GNA/GNA/.PNG,모바일,2026.5.18,2,0,0,0,4
2452983,search ad,naver,파워링크,MO,04.차종+일반,아르카나렌트,,/creatives/GNA/GNA/.PNG,모바일,2026.5.19,2,0,0,0,3.5
2452983,search ad,naver,파워링크,MO,04.차종+일반,아르카나장기렌트,,/creatives/GNA/GNA/.PNG,모바일,2026.5.19,7,0,0,0,2.3
2452983,search ad,naver,파워링크,MO,04.차종+일반,아반떼N렌트,,/creatives/GNA/GNA/.PNG,모바일,2026.5.14,1,0,0,0,3
2452983,search ad,naver,파워링크,MO,04.차종+일반,아반떼N렌트,,/creatives/GNA/GNA/.PNG,모바일,2026.5.15,5,0,0,0,3.6
2452983,search ad,naver,파워링크,MO,04.차종+일반,아반떼N렌트,,/creatives/GNA/GNA/.PNG,모바일,2026.5.16,24,0,0,0,2.3
2452983,search ad,naver,파워링크,MO,04.차종+일반,아반떼N렌트,,/creatives/GNA/GNA/.PNG,모바일,2026.5.18,8,0,0,0,3.4
2452983,search ad,naver,파워링크,MO,04.차종+일반,아반떼N렌트,,/creatives/GNA/GNA/.PNG,모바일,2026.5.19,20,0,0,0,3
2452983,search ad,naver,파워링크,MO,04.차종+일반,아반떼N렌트,,/creatives/GNA/GNA/.PNG,모바일,2026.5.20,3,0,0,0,3.7
2452983,search ad,naver,파워링크,MO,04.차종+일반,아반떼N렌트,,/creatives/GNA/GNA/.PNG,모바일,2026.5.21,4,0,0,0,2.8
2452983,search ad,naver,파워링크,MO,04.차종+일반,아반떼N렌트카,,/creatives/GNA/GNA/.PNG,모바일,2026.5.14,1,0,0,0,3
2452983,search ad,naver,파워링크,MO,04.차종+일반,아반떼N렌트카,,/creatives/GNA/GNA/.PNG,모바일,2026.5.16,9,0,0,0,3.7
2452983,search ad,naver,파워링크,MO,04.차종+일반,아반떼N렌트카,,/creatives/GNA/GNA/.PNG,모바일,2026.5.18,2,0,0,0,3.5
2452983,search ad,naver,파워링크,MO,04.차종+일반,아반떼N렌트카,,/creatives/GNA/GNA/.PNG,모바일,2026.5.19,2,0,0,0,2
2452983,search ad,naver,파워링크,MO,04.차종+일반,아반떼N장기렌트,,/creatives/GNA/GNA/.PNG,모바일,2026.5.14,6,0,0,0,2.2
2452983,search ad,naver,파워링크,MO,04.차종+일반,아반떼N장기렌트,,/creatives/GNA/GNA/.PNG,모바일,2026.5.15,2,0,0,0,3
2452983,search ad,naver,파워링크,MO,04.차종+일반,아반떼N장기렌트,,/creatives/GNA/GNA/.PNG,모바일,2026.5.16,6,0,0,0,2.8
2452983,search ad,naver,파워링크,MO,04.차종+일반,아반떼N장기렌트,,/creatives/GNA/GNA/.PNG,모바일,2026.5.18,1,0,0,0,4
2452983,search ad,naver,파워링크,MO,04.차종+일반,아반떼N장기렌트,,/creatives/GNA/GNA/.PNG,모바일,2026.5.20,1,0,0,0,4
2452983,search ad,naver,파워링크,MO,04.차종+일반,아반떼N장기렌트,,/creatives/GNA/GNA/.PNG,모바일,2026.5.21,1,0,0,0,4
2452983,search ad,naver,파워링크,MO,04.차종+일반,아반떼렌트,,/creatives/GNA/GNA/.PNG,모바일,2026.5.14,1,0,0,0,3
2452983,search ad,naver,파워링크,MO,04.차종+일반,아반떼렌트,,/creatives/GNA/GNA/.PNG,모바일,2026.5.15,14,1,3850,0,3.2
2452983,search ad,naver,파워링크,MO,04.차종+일반,아반떼렌트,,/creatives/GNA/GNA/.PNG,모바일,2026.5.16,28,0,0,0,2.6
2452983,search ad,naver,파워링크,MO,04.차종+일반,아반떼렌트,,/creatives/GNA/GNA/.PNG,모바일,2026.5.18,15,0,0,0,2.6
2452983,search ad,naver,파워링크,MO,04.차종+일반,아반떼렌트,,/creatives/GNA/GNA/.PNG,모바일,2026.5.19,10,0,0,0,3.4
2452983,search ad,naver,파워링크,MO,04.차종+일반,아반떼렌트,,/creatives/GNA/GNA/.PNG,모바일,2026.5.20,4,0,0,0,4
2452983,search ad,naver,파워링크,MO,04.차종+일반,아반떼렌트,,/creatives/GNA/GNA/.PNG,모바일,2026.5.21,3,0,0,0,4
2452983,search ad,naver,파워링크,MO,04.차종+일반,아반떼렌트카,,/creatives/GNA/GNA/.PNG,모바일,2026.5.15,1,0,0,0,1
2452983,search ad,naver,파워링크,MO,04.차종+일반,아반떼렌트카,,/creatives/GNA/GNA/.PNG,모바일,2026.5.18,5,0,0,0,2.6
2452983,search ad,naver,파워링크,MO,04.차종+일반,아반떼렌트카,,/creatives/GNA/GNA/.PNG,모바일,2026.5.19,4,0,0,0,3.5
2452983,search ad,naver,파워링크,MO,04.차종+일반,아반떼렌트카,,/creatives/GNA/GNA/.PNG,모바일,2026.5.21,2,0,0,0,3.5
2452983,search ad,naver,파워링크,MO,04.차종+일반,아반떼렌트카비용,,/creatives/GNA/GNA/.PNG,모바일,2026.5.16,1,0,0,0,5
2452983,search ad,naver,파워링크,MO,04.차종+일반,아반떼렌트카비용,,/creatives/GNA/GNA/.PNG,모바일,2026.5.18,6,0,0,0,3.5
2452983,search ad,naver,파워링크,MO,04.차종+일반,아반떼렌트카비용,,/creatives/GNA/GNA/.PNG,모바일,2026.5.20,1,0,0,0,2
2452983,search ad,naver,파워링크,MO,04.차종+일반,아반떼장기렌탈,,/creatives/GNA/GNA/.PNG,모바일,2026.5.18,1,0,0,0,1
2452983,search ad,naver,파워링크,MO,04.차종+일반,아반떼장기렌트,,/creatives/GNA/GNA/.PNG,모바일,2026.5.14,13,0,0,0,2.5
2452983,search ad,naver,파워링크,MO,04.차종+일반,아반떼장기렌트,,/creatives/GNA/GNA/.PNG,모바일,2026.5.15,25,1,10967,0,4.6
2452983,search ad,naver,파워링크,MO,04.차종+일반,아반떼장기렌트,,/creatives/GNA/GNA/.PNG,모바일,2026.5.16,44,0,0,0,2.4
2452983,search ad,naver,파워링크,MO,04.차종+일반,아반떼장기렌트,,/creatives/GNA/GNA/.PNG,모바일,2026.5.18,29,0,0,0,4
2452983,search ad,naver,파워링크,MO,04.차종+일반,아반떼장기렌트,,/creatives/GNA/GNA/.PNG,모바일,2026.5.19,24,0,0,0,4.5
2452983,search ad,naver,파워링크,MO,04.차종+일반,아반떼장기렌트,,/creatives/GNA/GNA/.PNG,모바일,2026.5.20,2,0,0,0,4
2452983,search ad,naver,파워링크,MO,04.차종+일반,아반떼장기렌트,,/creatives/GNA/GNA/.PNG,모바일,2026.5.21,7,0,0,0,4.3
2452983,search ad,naver,파워링크,MO,04.차종+일반,아반떼장기렌트가격,,/creatives/GNA/GNA/.PNG,모바일,2026.5.15,9,0,0,0,4.8
2452983,search ad,naver,파워링크,MO,04.차종+일반,아반떼장기렌트가격,,/creatives/GNA/GNA/.PNG,모바일,2026.5.16,12,0,0,0,2.2
2452983,search ad,naver,파워링크,MO,04.차종+일반,아반떼장기렌트가격,,/creatives/GNA/GNA/.PNG,모바일,2026.5.18,14,0,0,0,4.4
2452983,search ad,naver,파워링크,MO,04.차종+일반,아반떼장기렌트가격,,/creatives/GNA/GNA/.PNG,모바일,2026.5.19,2,0,0,0,5
2452983,search ad,naver,파워링크,MO,04.차종+일반,아반떼장기렌트가격,,/creatives/GNA/GNA/.PNG,모바일,2026.5.20,1,0,0,0,5
2452983,search ad,naver,파워링크,MO,04.차종+일반,아반떼장기렌트가격,,/creatives/GNA/GNA/.PNG,모바일,2026.5.21,4,0,0,0,4.3
2452983,search ad,naver,파워링크,MO,04.차종+일반,아반떼장기렌트비용,,/creatives/GNA/GNA/.PNG,모바일,2026.5.14,1,0,0,0,2
2452983,search ad,naver,파워링크,MO,04.차종+일반,아반떼장기렌트비용,,/creatives/GNA/GNA/.PNG,모바일,2026.5.15,1,0,0,0,5
2452983,search ad,naver,파워링크,MO,04.차종+일반,아반떼장기렌트비용,,/creatives/GNA/GNA/.PNG,모바일,2026.5.16,5,0,0,0,3
2452983,search ad,naver,파워링크,MO,04.차종+일반,아반떼장기렌트비용,,/creatives/GNA/GNA/.PNG,모바일,2026.5.18,5,0,0,0,3.6
2452983,search ad,naver,파워링크,MO,04.차종+일반,아반떼장기렌트비용,,/creatives/GNA/GNA/.PNG,모바일,2026.5.19,2,0,0,0,5
2452983,search ad,naver,파워링크,MO,04.차종+일반,아반떼장기렌트비용,,/creatives/GNA/GNA/.PNG,모바일,2026.5.20,3,0,0,0,4
2452983,search ad,naver,파워링크,MO,04.차종+일반,액티언렌트,,/creatives/GNA/GNA/.PNG,모바일,2026.5.16,2,0,0,0,2
2452983,search ad,naver,파워링크,MO,04.차종+일반,액티언렌트,,/creatives/GNA/GNA/.PNG,모바일,2026.5.18,1,0,0,0,4
2452983,search ad,naver,파워링크,MO,04.차종+일반,액티언렌트,,/creatives/GNA/GNA/.PNG,모바일,2026.5.20,1,0,0,0,4
2452983,search ad,naver,파워링크,MO,04.차종+일반,액티언장기렌트,,/creatives/GNA/GNA/.PNG,모바일,2026.5.16,1,0,0,0,1
2452983,search ad,naver,파워링크,MO,04.차종+일반,액티언장기렌트,,/creatives/GNA/GNA/.PNG,모바일,2026.5.18,1,0,0,0,2
2452983,search ad,naver,파워링크,MO,04.차종+일반,액티언장기렌트,,/creatives/GNA/GNA/.PNG,모바일,2026.5.20,4,0,0,0,4.8
2452983,search ad,naver,파워링크,MO,04.차종+일반,카니발렌터카,,/creatives/GNA/GNA/.PNG,모바일,2026.5.14,4,0,0,0,4
2452983,search ad,naver,파워링크,MO,04.차종+일반,카니발렌터카,,/creatives/GNA/GNA/.PNG,모바일,2026.5.16,4,0,0,0,3.8
2452983,search ad,naver,파워링크,MO,04.차종+일반,카니발렌터카,,/creatives/GNA/GNA/.PNG,모바일,2026.5.19,3,0,0,0,2.3
2452983,search ad,naver,파워링크,MO,04.차종+일반,카니발렌터카,,/creatives/GNA/GNA/.PNG,모바일,2026.5.20,1,0,0,0,8
2452983,search ad,naver,파워링크,MO,04.차종+일반,카니발렌터카,,/creatives/GNA/GNA/.PNG,모바일,2026.5.21,2,0,0,0,6.5
2452983,search ad,naver,파워링크,MO,04.차종+일반,카니발렌트,,/creatives/GNA/GNA/.PNG,모바일,2026.5.14,46,0,0,0,2.7
2452983,search ad,naver,파워링크,MO,04.차종+일반,카니발렌트,,/creatives/GNA/GNA/.PNG,모바일,2026.5.15,32,0,0,0,4.5
2452983,search ad,naver,파워링크,MO,04.차종+일반,카니발렌트,,/creatives/GNA/GNA/.PNG,모바일,2026.5.16,99,0,0,0,3.9
2452983,search ad,naver,파워링크,MO,04.차종+일반,카니발렌트,,/creatives/GNA/GNA/.PNG,모바일,2026.5.18,82,0,0,0,4.4
2452983,search ad,naver,파워링크,MO,04.차종+일반,카니발렌트,,/creatives/GNA/GNA/.PNG,모바일,2026.5.19,54,0,0,0,4.4
2452983,search ad,naver,파워링크,MO,04.차종+일반,카니발렌트,,/creatives/GNA/GNA/.PNG,모바일,2026.5.20,36,0,0,0,5.5
2452983,search ad,naver,파워링크,MO,04.차종+일반,카니발렌트,,/creatives/GNA/GNA/.PNG,모바일,2026.5.21,10,0,0,0,6.6
2452983,search ad,naver,파워링크,MO,04.차종+일반,카니발렌트카,,/creatives/GNA/GNA/.PNG,모바일,2026.5.14,1,0,0,0,2
2452983,search ad,naver,파워링크,MO,04.차종+일반,카니발렌트카,,/creatives/GNA/GNA/.PNG,모바일,2026.5.15,6,0,0,0,3.8
2452983,search ad,naver,파워링크,MO,04.차종+일반,카니발렌트카,,/creatives/GNA/GNA/.PNG,모바일,2026.5.16,13,0,0,0,3.1
2452983,search ad,naver,파워링크,MO,04.차종+일반,카니발렌트카,,/creatives/GNA/GNA/.PNG,모바일,2026.5.18,3,0,0,0,3.7
2452983,search ad,naver,파워링크,MO,04.차종+일반,카니발렌트카,,/creatives/GNA/GNA/.PNG,모바일,2026.5.19,1,0,0,0,4
2452983,search ad,naver,파워링크,MO,04.차종+일반,카니발렌트카,,/creatives/GNA/GNA/.PNG,모바일,2026.5.20,1,0,0,0,4
2452983,search ad,naver,파워링크,MO,04.차종+일반,카니발렌트카,,/creatives/GNA/GNA/.PNG,모바일,2026.5.21,3,0,0,0,4.7
2452983,search ad,naver,파워링크,MO,04.차종+일반,카니발렌트카비용,,/creatives/GNA/GNA/.PNG,모바일,2026.5.16,2,0,0,0,2.5
2452983,search ad,naver,파워링크,MO,04.차종+일반,카니발렌트카비용,,/creatives/GNA/GNA/.PNG,모바일,2026.5.18,2,0,0,0,2
2452983,search ad,naver,파워링크,MO,04.차종+일반,카니발렌트카비용,,/creatives/GNA/GNA/.PNG,모바일,2026.5.19,2,0,0,0,3
2452983,search ad,naver,파워링크,MO,04.차종+일반,카니발렌트카비용,,/creatives/GNA/GNA/.PNG,모바일,2026.5.20,1,0,0,0,2
2452983,search ad,naver,파워링크,MO,04.차종+일반,카니발렌트카비용,,/creatives/GNA/GNA/.PNG,모바일,2026.5.21,2,0,0,0,2.5
2452983,search ad,naver,파워링크,MO,04.차종+일반,카니발장기렌트,,/creatives/GNA/GNA/.PNG,모바일,2026.5.14,24,0,0,0,3.6
2452983,search ad,naver,파워링크,MO,04.차종+일반,카니발장기렌트,,/creatives/GNA/GNA/.PNG,모바일,2026.5.15,12,0,0,0,4.9
2452983,search ad,naver,파워링크,MO,04.차종+일반,카니발장기렌트,,/creatives/GNA/GNA/.PNG,모바일,2026.5.16,71,1,9291,0,2.3
2452983,search ad,naver,파워링크,MO,04.차종+일반,카니발장기렌트,,/creatives/GNA/GNA/.PNG,모바일,2026.5.18,19,0,0,0,4.9
2452983,search ad,naver,파워링크,MO,04.차종+일반,카니발장기렌트,,/creatives/GNA/GNA/.PNG,모바일,2026.5.19,19,1,8656,0,5.1
2452983,search ad,naver,파워링크,MO,04.차종+일반,카니발장기렌트,,/creatives/GNA/GNA/.PNG,모바일,2026.5.20,2,0,0,0,4.5
2452983,search ad,naver,파워링크,MO,04.차종+일반,카니발장기렌트,,/creatives/GNA/GNA/.PNG,모바일,2026.5.21,9,0,0,0,4.8
2452983,search ad,naver,파워링크,MO,04.차종+일반,카니발장기렌트가격,,/creatives/GNA/GNA/.PNG,모바일,2026.5.15,1,0,0,0,1
2452983,search ad,naver,파워링크,MO,04.차종+일반,카니발장기렌트가격,,/creatives/GNA/GNA/.PNG,모바일,2026.5.16,3,1,6167,0,1.3
2452983,search ad,naver,파워링크,MO,04.차종+일반,카니발장기렌트가격,,/creatives/GNA/GNA/.PNG,모바일,2026.5.18,2,0,0,0,2.5
2452983,search ad,naver,파워링크,MO,04.차종+일반,카니발장기렌트가격,,/creatives/GNA/GNA/.PNG,모바일,2026.5.19,1,0,0,0,3
2452983,search ad,naver,파워링크,MO,04.차종+일반,카니발장기렌트비용,,/creatives/GNA/GNA/.PNG,모바일,2026.5.14,2,0,0,0,1
2452983,search ad,naver,파워링크,MO,04.차종+일반,카니발장기렌트비용,,/creatives/GNA/GNA/.PNG,모바일,2026.5.15,3,0,0,0,1.7
2452983,search ad,naver,파워링크,MO,04.차종+일반,카니발장기렌트비용,,/creatives/GNA/GNA/.PNG,모바일,2026.5.19,3,0,0,0,3
2452983,search ad,naver,파워링크,MO,04.차종+일반,캐스터장기렌트,,/creatives/GNA/GNA/.PNG,모바일,2026.5.18,1,0,0,0,2
2452983,search ad,naver,파워링크,MO,04.차종+일반,코나렌트,,/creatives/GNA/GNA/.PNG,모바일,2026.5.15,2,0,0,0,4
2452983,search ad,naver,파워링크,MO,04.차종+일반,코나렌트,,/creatives/GNA/GNA/.PNG,모바일,2026.5.16,4,0,0,0,3.3
2452983,search ad,naver,파워링크,MO,04.차종+일반,코나렌트,,/creatives/GNA/GNA/.PNG,모바일,2026.5.18,4,0,0,0,4.5
2452983,search ad,naver,파워링크,MO,04.차종+일반,코나렌트,,/creatives/GNA/GNA/.PNG,모바일,2026.5.19,3,0,0,0,4
2452983,search ad,naver,파워링크,MO,04.차종+일반,코나렌트,,/creatives/GNA/GNA/.PNG,모바일,2026.5.20,3,0,0,0,5
2452983,search ad,naver,파워링크,MO,04.차종+일반,코나렌트카,,/creatives/GNA/GNA/.PNG,모바일,2026.5.16,12,0,0,0,1.6
2452983,search ad,naver,파워링크,MO,04.차종+일반,코나렌트카,,/creatives/GNA/GNA/.PNG,모바일,2026.5.19,1,0,0,0,3
2452983,search ad,naver,파워링크,MO,04.차종+일반,코나렌트카,,/creatives/GNA/GNA/.PNG,모바일,2026.5.20,2,0,0,0,3.5
2452983,search ad,naver,파워링크,MO,04.차종+일반,코나장기렌탈,,/creatives/GNA/GNA/.PNG,모바일,2026.5.19,1,0,0,0,2
2452983,search ad,naver,파워링크,MO,04.차종+일반,코나장기렌트,,/creatives/GNA/GNA/.PNG,모바일,2026.5.14,1,0,0,0,2
2452983,search ad,naver,파워링크,MO,04.차종+일반,코나장기렌트,,/creatives/GNA/GNA/.PNG,모바일,2026.5.15,9,0,0,0,2.6
2452983,search ad,naver,파워링크,MO,04.차종+일반,코나장기렌트,,/creatives/GNA/GNA/.PNG,모바일,2026.5.16,12,0,0,0,1.7
2452983,search ad,naver,파워링크,MO,04.차종+일반,코나장기렌트,,/creatives/GNA/GNA/.PNG,모바일,2026.5.18,7,0,0,0,4.1
2452983,search ad,naver,파워링크,MO,04.차종+일반,코나장기렌트,,/creatives/GNA/GNA/.PNG,모바일,2026.5.19,7,0,0,0,3.9
2452983,search ad,naver,파워링크,MO,04.차종+일반,코나장기렌트,,/creatives/GNA/GNA/.PNG,모바일,2026.5.20,2,0,0,0,4
2452983,search ad,naver,파워링크,MO,04.차종+일반,코나장기렌트,,/creatives/GNA/GNA/.PNG,모바일,2026.5.21,3,0,0,0,2.3
2452983,search ad,naver,파워링크,MO,04.차종+일반,코나장기렌트가격,,/creatives/GNA/GNA/.PNG,모바일,2026.5.18,4,0,0,0,10
2452983,search ad,naver,파워링크,MO,04.차종+일반,코나장기렌트비용,,/creatives/GNA/GNA/.PNG,모바일,2026.5.14,1,0,0,0,3
2452983,search ad,naver,파워링크,MO,04.차종+일반,코나장기렌트비용,,/creatives/GNA/GNA/.PNG,모바일,2026.5.16,3,0,0,0,3.7
2452983,search ad,naver,파워링크,MO,04.차종+일반,코나장기렌트비용,,/creatives/GNA/GNA/.PNG,모바일,2026.5.18,2,0,0,0,5
2452983,search ad,naver,파워링크,MO,04.차종+일반,코나장기렌트비용,,/creatives/GNA/GNA/.PNG,모바일,2026.5.19,3,0,0,0,3.7
2452983,search ad,naver,파워링크,MO,04.차종+일반,코나장기렌트비용,,/creatives/GNA/GNA/.PNG,모바일,2026.5.20,1,0,0,0,3
2452983,search ad,naver,파워링크,MO,04.차종+일반,코나장기렌트비용,,/creatives/GNA/GNA/.PNG,모바일,2026.5.21,2,0,0,0,5
2452983,search ad,naver,파워링크,MO,04.차종+일반,토레스렌트,,/creatives/GNA/GNA/.PNG,모바일,2026.5.16,3,0,0,0,1.7
2452983,search ad,naver,파워링크,MO,04.차종+일반,토레스렌트,,/creatives/GNA/GNA/.PNG,모바일,2026.5.20,1,0,0,0,3
2452983,search ad,naver,파워링크,MO,04.차종+일반,토레스렌트카,,/creatives/GNA/GNA/.PNG,모바일,2026.5.14,1,0,0,0,3
2452983,search ad,naver,파워링크,MO,04.차종+일반,토레스장기렌탈,,/creatives/GNA/GNA/.PNG,모바일,2026.5.16,1,0,0,0,1
2452983,search ad,naver,파워링크,MO,04.차종+일반,토레스장기렌탈,,/creatives/GNA/GNA/.PNG,모바일,2026.5.19,1,0,0,0,4
2452983,search ad,naver,파워링크,MO,04.차종+일반,토레스장기렌트,,/creatives/GNA/GNA/.PNG,모바일,2026.5.14,2,0,0,0,3
2452983,search ad,naver,파워링크,MO,04.차종+일반,토레스장기렌트,,/creatives/GNA/GNA/.PNG,모바일,2026.5.15,1,0,0,0,3
2452983,search ad,naver,파워링크,MO,04.차종+일반,토레스장기렌트,,/creatives/GNA/GNA/.PNG,모바일,2026.5.16,9,0,0,0,1.9
2452983,search ad,naver,파워링크,MO,04.차종+일반,토레스장기렌트,,/creatives/GNA/GNA/.PNG,모바일,2026.5.18,5,0,0,0,3.2
2452983,search ad,naver,파워링크,MO,04.차종+일반,토레스장기렌트,,/creatives/GNA/GNA/.PNG,모바일,2026.5.19,4,0,0,0,4.5
2452983,search ad,naver,파워링크,MO,04.차종+일반,토레스장기렌트,,/creatives/GNA/GNA/.PNG,모바일,2026.5.20,1,0,0,0,9
2452983,search ad,naver,파워링크,MO,04.차종+일반,토레스장기렌트,,/creatives/GNA/GNA/.PNG,모바일,2026.5.21,4,0,0,0,4.8
2452983,search ad,naver,파워링크,MO,04.차종+일반,토레스장기렌트가격,,/creatives/GNA/GNA/.PNG,모바일,2026.5.14,1,0,0,0,4
2452983,search ad,naver,파워링크,MO,04.차종+일반,토레스장기렌트가격,,/creatives/GNA/GNA/.PNG,모바일,2026.5.16,1,0,0,0,1
2452983,search ad,naver,파워링크,MO,04.차종+일반,투싼렌터카,,/creatives/GNA/GNA/.PNG,모바일,2026.5.19,1,0,0,0,4
2452983,search ad,naver,파워링크,MO,04.차종+일반,투싼렌트,,/creatives/GNA/GNA/.PNG,모바일,2026.5.14,2,1,3234,1,2
2452983,search ad,naver,파워링크,MO,04.차종+일반,투싼렌트,,/creatives/GNA/GNA/.PNG,모바일,2026.5.16,7,0,0,0,2.7
2452983,search ad,naver,파워링크,MO,04.차종+일반,투싼렌트,,/creatives/GNA/GNA/.PNG,모바일,2026.5.18,3,0,0,0,2.7
2452983,search ad,naver,파워링크,MO,04.차종+일반,투싼렌트,,/creatives/GNA/GNA/.PNG,모바일,2026.5.19,1,0,0,0,4
2452983,search ad,naver,파워링크,MO,04.차종+일반,투싼렌트,,/creatives/GNA/GNA/.PNG,모바일,2026.5.20,5,0,0,0,3.8
2452983,search ad,naver,파워링크,MO,04.차종+일반,투싼렌트카,,/creatives/GNA/GNA/.PNG,모바일,2026.5.14,1,0,0,0,1
2452983,search ad,naver,파워링크,MO,04.차종+일반,투싼렌트카,,/creatives/GNA/GNA/.PNG,모바일,2026.5.15,1,0,0,0,4
2452983,search ad,naver,파워링크,MO,04.차종+일반,투싼렌트카,,/creatives/GNA/GNA/.PNG,모바일,2026.5.16,1,0,0,0,1
2452983,search ad,naver,파워링크,MO,04.차종+일반,투싼렌트카,,/creatives/GNA/GNA/.PNG,모바일,2026.5.18,1,0,0,0,4
2452983,search ad,naver,파워링크,MO,04.차종+일반,투싼렌트카,,/creatives/GNA/GNA/.PNG,모바일,2026.5.19,2,0,0,0,4
2452983,search ad,naver,파워링크,MO,04.차종+일반,투싼렌트카,,/creatives/GNA/GNA/.PNG,모바일,2026.5.20,1,0,0,0,2
2452983,search ad,naver,파워링크,MO,04.차종+일반,투싼장기렌트,,/creatives/GNA/GNA/.PNG,모바일,2026.5.14,6,0,0,0,3.7
2452983,search ad,naver,파워링크,MO,04.차종+일반,투싼장기렌트,,/creatives/GNA/GNA/.PNG,모바일,2026.5.15,2,0,0,0,3
2452983,search ad,naver,파워링크,MO,04.차종+일반,투싼장기렌트,,/creatives/GNA/GNA/.PNG,모바일,2026.5.16,10,0,0,0,2.3
2452983,search ad,naver,파워링크,MO,04.차종+일반,투싼장기렌트,,/creatives/GNA/GNA/.PNG,모바일,2026.5.18,6,0,0,0,4.8
2452983,search ad,naver,파워링크,MO,04.차종+일반,투싼장기렌트,,/creatives/GNA/GNA/.PNG,모바일,2026.5.19,1,0,0,0,5
2452983,search ad,naver,파워링크,MO,04.차종+일반,투싼장기렌트,,/creatives/GNA/GNA/.PNG,모바일,2026.5.20,2,0,0,0,4.5
2452983,search ad,naver,파워링크,MO,04.차종+일반,투싼장기렌트,,/creatives/GNA/GNA/.PNG,모바일,2026.5.21,1,0,0,0,5
2452983,search ad,naver,파워링크,MO,04.차종+일반,투싼장기렌트비용,,/creatives/GNA/GNA/.PNG,모바일,2026.5.14,3,0,0,0,3
2452983,search ad,naver,파워링크,MO,04.차종+일반,투싼장기렌트비용,,/creatives/GNA/GNA/.PNG,모바일,2026.5.16,3,0,0,0,1.3
2452983,search ad,naver,파워링크,MO,04.차종+일반,투싼장기렌트비용,,/creatives/GNA/GNA/.PNG,모바일,2026.5.18,2,0,0,0,4
2452983,search ad,naver,파워링크,MO,04.차종+일반,투싼장기렌트비용,,/creatives/GNA/GNA/.PNG,모바일,2026.5.19,4,0,0,0,3.3
2452983,search ad,naver,파워링크,MO,04.차종+일반,투싼장기렌트비용,,/creatives/GNA/GNA/.PNG,모바일,2026.5.20,1,0,0,0,6
2452983,search ad,naver,파워링크,MO,04.차종+일반,투싼장기렌트비용,,/creatives/GNA/GNA/.PNG,모바일,2026.5.21,1,0,0,0,2
2452983,search ad,naver,파워링크,MO,04.차종+일반,트랙스크로스오버렌트,,/creatives/GNA/GNA/.PNG,모바일,2026.5.14,1,0,0,0,3
2452983,search ad,naver,파워링크,MO,04.차종+일반,트랙스크로스오버렌트,,/creatives/GNA/GNA/.PNG,모바일,2026.5.16,1,1,2987,0,2
2452983,search ad,naver,파워링크,MO,04.차종+일반,트랙스크로스오버렌트,,/creatives/GNA/GNA/.PNG,모바일,2026.5.19,1,0,0,0,4
2452983,search ad,naver,파워링크,MO,04.차종+일반,트랙스크로스오버장기렌트,,/creatives/GNA/GNA/.PNG,모바일,2026.5.14,2,0,0,0,1
2452983,search ad,naver,파워링크,MO,04.차종+일반,트랙스크로스오버장기렌트,,/creatives/GNA/GNA/.PNG,모바일,2026.5.16,1,0,0,0,3
2452983,search ad,naver,파워링크,MO,04.차종+일반,트랙스크로스오버장기렌트,,/creatives/GNA/GNA/.PNG,모바일,2026.5.20,3,0,0,0,4
2452983,search ad,naver,파워링크,MO,04.차종+일반,트레일블레이저렌트,,/creatives/GNA/GNA/.PNG,모바일,2026.5.15,1,0,0,0,4
2452983,search ad,naver,파워링크,MO,04.차종+일반,트레일블레이저렌트,,/creatives/GNA/GNA/.PNG,모바일,2026.5.16,1,0,0,0,4
2452983,search ad,naver,파워링크,MO,04.차종+일반,티볼리렌트,,/creatives/GNA/GNA/.PNG,모바일,2026.5.14,2,0,0,0,3
2452983,search ad,naver,파워링크,MO,04.차종+일반,티볼리렌트,,/creatives/GNA/GNA/.PNG,모바일,2026.5.16,1,0,0,0,2
2452983,search ad,naver,파워링크,MO,04.차종+일반,티볼리렌트,,/creatives/GNA/GNA/.PNG,모바일,2026.5.18,6,0,0,0,3.7
2452983,search ad,naver,파워링크,MO,04.차종+일반,티볼리렌트,,/creatives/GNA/GNA/.PNG,모바일,2026.5.19,9,0,0,0,3.3
2452983,search ad,naver,파워링크,MO,04.차종+일반,티볼리렌트,,/creatives/GNA/GNA/.PNG,모바일,2026.5.20,1,0,0,0,3
2452983,search ad,naver,파워링크,MO,04.차종+일반,티볼리렌트,,/creatives/GNA/GNA/.PNG,모바일,2026.5.21,1,0,0,0,3
2452983,search ad,naver,파워링크,MO,04.차종+일반,티볼리렌트카,,/creatives/GNA/GNA/.PNG,모바일,2026.5.15,1,0,0,0,4
2452983,search ad,naver,파워링크,MO,04.차종+일반,티볼리렌트카,,/creatives/GNA/GNA/.PNG,모바일,2026.5.16,4,0,0,0,2.5
2452983,search ad,naver,파워링크,MO,04.차종+일반,티볼리렌트카,,/creatives/GNA/GNA/.PNG,모바일,2026.5.19,1,0,0,0,4
2452983,search ad,naver,파워링크,MO,04.차종+일반,티볼리렌트카,,/creatives/GNA/GNA/.PNG,모바일,2026.5.20,2,0,0,0,3.5
2452983,search ad,naver,파워링크,MO,04.차종+일반,티볼리장기렌탈,,/creatives/GNA/GNA/.PNG,모바일,2026.5.15,1,0,0,0,2
2452983,search ad,naver,파워링크,MO,04.차종+일반,티볼리장기렌트,,/creatives/GNA/GNA/.PNG,모바일,2026.5.15,4,0,0,0,4.3
2452983,search ad,naver,파워링크,MO,04.차종+일반,티볼리장기렌트,,/creatives/GNA/GNA/.PNG,모바일,2026.5.16,3,0,0,0,2.3
2452983,search ad,naver,파워링크,MO,04.차종+일반,티볼리장기렌트,,/creatives/GNA/GNA/.PNG,모바일,2026.5.18,4,0,0,0,3
2452983,search ad,naver,파워링크,MO,04.차종+일반,티볼리장기렌트,,/creatives/GNA/GNA/.PNG,모바일,2026.5.20,1,0,0,0,15
2452983,search ad,naver,파워링크,MO,04.차종+일반,티볼리장기렌트,,/creatives/GNA/GNA/.PNG,모바일,2026.5.21,1,0,0,0,5
2452983,search ad,naver,파워링크,MO,04.차종+일반,티볼리장기렌트가격,,/creatives/GNA/GNA/.PNG,모바일,2026.5.15,1,0,0,0,4
2452983,search ad,naver,파워링크,MO,04.차종+일반,티볼리장기렌트가격,,/creatives/GNA/GNA/.PNG,모바일,2026.5.16,1,0,0,0,3
2452983,search ad,naver,파워링크,MO,04.차종+일반,티볼리장기렌트가격,,/creatives/GNA/GNA/.PNG,모바일,2026.5.18,2,0,0,0,4
2452983,search ad,naver,파워링크,MO,04.차종+일반,티볼리장기렌트가격,,/creatives/GNA/GNA/.PNG,모바일,2026.5.19,1,0,0,0,4
2452983,search ad,naver,파워링크,MO,04.차종+일반,티볼리장기렌트비용,,/creatives/GNA/GNA/.PNG,모바일,2026.5.14,1,0,0,0,1
2452983,search ad,naver,파워링크,MO,04.차종+일반,필랑트렌트,,/creatives/GNA/GNA/.PNG,모바일,2026.5.14,8,0,0,0,2.1
2452983,search ad,naver,파워링크,MO,04.차종+일반,필랑트렌트,,/creatives/GNA/GNA/.PNG,모바일,2026.5.15,3,0,0,0,3.7
2452983,search ad,naver,파워링크,MO,04.차종+일반,필랑트렌트,,/creatives/GNA/GNA/.PNG,모바일,2026.5.16,10,0,0,0,2.1
2452983,search ad,naver,파워링크,MO,04.차종+일반,필랑트렌트,,/creatives/GNA/GNA/.PNG,모바일,2026.5.18,10,0,0,0,2.9
2452983,search ad,naver,파워링크,MO,04.차종+일반,필랑트렌트,,/creatives/GNA/GNA/.PNG,모바일,2026.5.19,6,0,0,0,3.7
2452983,search ad,naver,파워링크,MO,04.차종+일반,필랑트렌트,,/creatives/GNA/GNA/.PNG,모바일,2026.5.20,12,0,0,0,3.8
2452983,search ad,naver,파워링크,MO,04.차종+일반,필랑트렌트,,/creatives/GNA/GNA/.PNG,모바일,2026.5.21,3,0,0,0,3.7
2452983,search ad,naver,파워링크,MO,04.차종+일반,필랑트렌트카,,/creatives/GNA/GNA/.PNG,모바일,2026.5.14,1,0,0,0,2
2452983,search ad,naver,파워링크,MO,04.차종+일반,필랑트렌트카,,/creatives/GNA/GNA/.PNG,모바일,2026.5.16,1,0,0,0,3
2452983,search ad,naver,파워링크,MO,04.차종+일반,필랑트렌트카,,/creatives/GNA/GNA/.PNG,모바일,2026.5.18,1,0,0,0,3
2452983,search ad,naver,파워링크,MO,04.차종+일반,필랑트렌트카,,/creatives/GNA/GNA/.PNG,모바일,2026.5.19,1,0,0,0,3
2452983,search ad,naver,파워링크,MO,04.차종+일반,필랑트렌트카,,/creatives/GNA/GNA/.PNG,모바일,2026.5.20,1,0,0,0,4
2452983,search ad,naver,파워링크,MO,04.차종+일반,필랑트장기렌트,,/creatives/GNA/GNA/.PNG,모바일,2026.5.14,6,0,0,0,3.2
2452983,search ad,naver,파워링크,MO,04.차종+일반,필랑트장기렌트,,/creatives/GNA/GNA/.PNG,모바일,2026.5.15,13,0,0,0,3.2
2452983,search ad,naver,파워링크,MO,04.차종+일반,필랑트장기렌트,,/creatives/GNA/GNA/.PNG,모바일,2026.5.16,12,0,0,0,2.5
2452983,search ad,naver,파워링크,MO,04.차종+일반,필랑트장기렌트,,/creatives/GNA/GNA/.PNG,모바일,2026.5.18,15,0,0,0,4.2
2452983,search ad,naver,파워링크,MO,04.차종+일반,필랑트장기렌트,,/creatives/GNA/GNA/.PNG,모바일,2026.5.19,21,1,1642,0,3.4
2452983,search ad,naver,파워링크,MO,04.차종+일반,필랑트장기렌트,,/creatives/GNA/GNA/.PNG,모바일,2026.5.20,15,0,0,0,4.5
2452983,search ad,naver,파워링크,MO,04.차종+일반,필랑트장기렌트,,/creatives/GNA/GNA/.PNG,모바일,2026.5.21,6,0,0,0,4